manufacturer,model,year,price,hand,fuel,engine_liters,horsepower,transmission,mileage,source
Audi,A3,2020,82900,1,gasoline,1.5,150,robotic,158000,audi
Audi,A1,2018,66800,3,gasoline,1,95,robotic,96000,audi
Audi,A3,2023,139900,2,gasoline,1.5,150,robotic,64000,audi
Audi,A1,2016,39800,4,gasoline,1,95,robotic,137000,audi
Audi,Rs3,2024,389770,2,gasoline,2.5,400,robotic,15000,audi
Audi,Q2,2020,108570,1,gasoline,1.5,150,robotic,116356,audi
Audi,Q5,2010,45000,4,gasoline,2,211,automatic,260000,audi
Audi,Q5,2017,86990,3,gasoline,2,252,robotic,186000,audi
Audi,A6,2019,144000,4,gasoline,2,245,robotic,110000,audi
Audi,A4,2013,34400,2,gasoline,1.8,120,variable,118000,audi
Audi,80,1991,40000,4,gasoline,1.6,85,automatic,99000,audi
Audi,Tt,2017,119990,4,gasoline,2,230,robotic,116000,audi
Audi,A4,2008,40000,4,gasoline,1.8,163,variable,230000,audi
Audi,Q3 Sportback,2024,239000,1,plug-in,1.4,245,robotic,49000,audi
Audi,A4,2017,68000,3,gasoline,2,190,robotic,191900,audi
Audi,Q5,2017,77900,3,gasoline,2,180,automatic,115000,audi
Audi,A4,2006,12000,4,gasoline,1.8,163,variable,191000,audi
Audi,Q3,2023,199990,2,gasoline,2,190,robotic,35000,audi
Audi,Tt,2002,29990,4,gasoline,1.8,180,manual,284000,audi
Audi,Q3,2019,117990,4,gasoline,1.5,150,robotic,93000,audi
Audi,A6,2008,8000,3,gasoline,2.8,210,variable,154000,audi
Audi,Q3 Sportback,2021,149000,2,gasoline,1.5,150,robotic,95000,audi
Audi,A6,2011,25000,4,gasoline,3,290,automatic,207000,audi
Audi,Q4 Sportback E Tron,2024,262000,1,electro,,,automatic,54000,audi
Audi,A4,2020,110000,2,gasoline,2,150,robotic,130000,audi
Audi,A3,2019,110000,2,plug-in,1.4,204,robotic,114000,audi
Audi,Q5,2012,42000,4,gasoline,2,211,robotic,140000,audi
Audi,A3,2011,18000,3,gasoline,1.2,105,robotic,264000,audi
Audi,A4,2014,29950,3,gasoline,1.8,170,variable,223000,audi
Audi,A1,2016,49500,3,gasoline,1.4,125,robotic,86000,audi
Audi,Q7,2019,174990,1,plug-in,3,374,automatic,148000,audi
Audi,E Tron,2019,159990,1,electro,,,automatic,74000,audi
Audi,A6,2008,8000,3,gasoline,2.8,210,variable,154000,audi
Audi,Q2,2020,99990,2,gasoline,1.5,150,robotic,114000,audi
Audi,Q3 Sportback,2021,149000,2,gasoline,1.5,150,robotic,95000,audi
Audi,Q7,2020,255000,1,diesel,3,286,automatic,82000,audi
Audi,A6,2011,25000,4,gasoline,3,290,automatic,207000,audi
Audi,Q4 Sportback E Tron,2024,262000,1,electro,,,automatic,54000,audi
Audi,A4,2020,110000,2,gasoline,2,150,robotic,130000,audi
Audi,Tt,2020,134900,4,gasoline,2,197,robotic,128000,audi
Audi,A3,2019,110000,2,plug-in,1.4,204,robotic,114000,audi
Audi,Q2,2017,69999,4,gasoline,1.4,150,robotic,115000,audi
Audi,Q5,2012,42000,4,gasoline,2,211,robotic,140000,audi
Audi,Q3,2019,117990,4,gasoline,1.5,150,robotic,99000,audi
Audi,A3,2011,18000,3,gasoline,1.2,105,robotic,264000,audi
Audi,A4,2014,29950,3,gasoline,1.8,170,variable,223000,audi
Audi,A1,2016,49500,3,gasoline,1.4,125,robotic,86000,audi
Audi,A8,2015,93000,2,gasoline,4,435,automatic,165000,audi
Audi,Q3,2019,89900,3,gasoline,1.4,150,robotic,87000,audi
Audi,Q2,2017,70000,2,gasoline,1.4,150,robotic,157000,audi
Audi,E Tron,2019,165000,2,electro,,,automatic,145000,audi
Audi,Sq7,2017,145000,3,diesel,4,435,automatic,195000,audi
Audi,Q5,2012,46000,1,gasoline,2,211,robotic,138400,audi
Audi,A1,2015,40000,4,gasoline,1.4,122,robotic,175000,audi
Audi,A1,2020,115000,2,gasoline,1,116,robotic,53000,audi
Audi,Q2,2018,70000,3,gasoline,1,116,robotic,107000,audi
Audi,Q5,2016,64990,3,gasoline,2,230,automatic,113000,audi
Audi,Q5,2018,138000,1,gasoline,2,252,robotic,98000,audi
Audi,A4,2021,120000,3,gasoline,2,204,robotic,80000,audi
Audi,Q7,2011,64000,3,gasoline,3,272,automatic,175000,audi
Audi,A7,2012,55000,3,gasoline,3,300,robotic,150000,audi
Audi,Q5,2010,30000,2,gasoline,2,211,automatic,145000,audi
Audi,A6,2007,10000,1,gasoline,3.1,255,automatic,227000,audi
Audi,Q3,2024,260000,1,gasoline,2,190,robotic,11000,audi
Audi,E Tron,2019,165000,2,electro,,,automatic,145000,audi
Audi,Sq7,2017,145000,3,diesel,4,435,automatic,195000,audi
Audi,Q5,2012,46000,1,gasoline,2,211,robotic,138400,audi
Audi,A1,2015,40000,4,gasoline,1.4,122,robotic,175000,audi
Audi,A1,2020,115000,2,gasoline,1,116,robotic,53000,audi
Audi,Q2,2018,70000,3,gasoline,1,116,robotic,107000,audi
Audi,Q5,2016,64990,3,gasoline,2,230,automatic,113000,audi
Audi,Q5,2018,138000,1,gasoline,2,252,robotic,98000,audi
Audi,A4,2021,120000,3,gasoline,2,204,robotic,80000,audi
Audi,Q7,2011,64000,3,gasoline,3,272,automatic,175000,audi
Audi,Q7,2012,76000,3,gasoline,3,272,automatic,142000,audi
Audi,Q5,2010,28000,3,gasoline,2,211,automatic,200000,audi
Audi,S3,2014,95000,4,gasoline,2,290,robotic,172000,audi
Audi,A5,2016,65000,2,gasoline,1.8,144,variable,270000,audi
Audi,A5,2010,85000,2,gasoline,1.8,160,variable,100000,audi
Audi,Q3,2016,77000,4,gasoline,2,180,robotic,108000,audi
Audi,A3,2018,124000,3,plug-in,1.4,204,robotic,130000,audi
Audi,A3,2019,115000,1,gasoline,2,190,robotic,91000,audi
Audi,Q5,2017,75000,4,gasoline,2,230,automatic,121000,audi
Audi,Q5,2010,50000,4,gasoline,2,211,automatic,225000,audi
Audi,A4,2015,60000,1,gasoline,1.8,120,variable,116000,audi
Audi,Q5,2011,42000,3,gasoline,2,211,automatic,162000,audi
Audi,A3,2017,60000,2,gasoline,1.4,150,robotic,118000,audi
Audi,Q3 Sportback,2023,255000,1,plug-in,1.4,245,robotic,36500,audi
Audi,Q3,2016,74000,2,gasoline,1.4,150,robotic,180000,audi
Audi,A3,2022,152000,1,gasoline,1.5,150,robotic,54000,audi
Audi,Q7,2010,50000,1,diesel,3,204,automatic,380000,audi
Audi,Q3,2017,90000,1,gasoline,1.4,150,robotic,79800,audi
Audi,A5,2018,130000,1,gasoline,2,190,robotic,106000,audi
Audi,A3,2018,124000,3,plug-in,1.4,204,robotic,130000,audi
Audi,A3,2019,115000,1,gasoline,2,190,robotic,91000,audi
Audi,Q5,2017,75000,4,gasoline,2,230,automatic,121000,audi
Audi,Q5,2010,50000,4,gasoline,2,211,automatic,225000,audi
Audi,A4,2015,60000,1,gasoline,1.8,120,variable,116000,audi
Audi,Q5,2011,42000,3,gasoline,2,211,automatic,162000,audi
Audi,A3,2017,60000,2,gasoline,1.4,150,robotic,118000,audi
Audi,Q3 Sportback,2023,255000,1,plug-in,1.4,245,robotic,36500,audi
Audi,Q3,2016,74000,2,gasoline,1.4,150,robotic,180000,audi
Audi,A3,2022,152000,1,gasoline,1.5,150,robotic,54000,audi
Audi,Q7,2018,185000,1,diesel,3,272,automatic,129000,audi
Audi,Q5,2011,51500,4,diesel,2,170,robotic,252900,audi
Audi,Q3,2019,103000,2,gasoline,1.4,150,robotic,100000,audi
Audi,Q5,2016,100000,2,gasoline,2,230,automatic,160000,audi
Audi,E Tron,2019,258000,1,electro,,,automatic,55000,audi
Audi,Q7,2018,220000,2,plug-in,3,374,automatic,120000,audi
Audi,A8,2012,60000,2,gasoline,3,290,automatic,140000,audi
Audi,Q7,2011,64000,3,gasoline,3,272,automatic,175000,audi
Audi,Q7,2012,76000,3,gasoline,3,272,automatic,142000,audi
Audi,Q5,2010,28000,3,gasoline,2,211,automatic,200000,audi
Audi,S3,2014,95000,4,gasoline,2,290,robotic,172000,audi
Audi,A5,2016,65000,2,gasoline,1.8,144,variable,270000,audi
Audi,A5,2010,85000,2,gasoline,1.8,160,variable,100000,audi
Audi,Q3,2016,77000,4,gasoline,2,180,robotic,108000,audi
Audi,Tt,2002,59900,4,gasoline,1.8,180,manual,213000,audi
Audi,E Tron Sportback,2021,370000,1,electro,,,automatic,40000,audi
Audi,A1,2020,110000,1,gasoline,1,116,robotic,30000,audi
Audi,Tt,2002,59900,4,gasoline,1.8,180,manual,213000,audi
Audi,E Tron Sportback,2021,370000,1,electro,,,automatic,40000,audi
Audi,A1,2020,110000,1,gasoline,1,116,robotic,30000,audi
Audi,A6,2009,19000,3,gasoline,2.8,190,variable,210000,audi
Audi,A3,2008,16000,4,gasoline,2,200,robotic,240000,audi
Audi,Q2,2020,126000,1,gasoline,1.5,150,robotic,44500,audi
Audi,A6,2012,40000,3,gasoline,2.8,204,variable,200000,audi
Audi,Q2,2020,110000,2,gasoline,1.4,150,robotic,110000,audi
Audi,Q5,2014,69000,3,gasoline,2,225,automatic,185000,audi
Audi,A4,2021,155000,1,gasoline,2,204,robotic,97000,audi
Audi,A8,2011,55000,3,gasoline,3,290,automatic,147000,audi
Audi,Q3,2013,63000,3,gasoline,2,170,robotic,150000,audi
Audi,Q3,2018,110000,1,gasoline,2,180,robotic,100000,audi
Audi,Q7,2017,190000,4,diesel,3,272,automatic,210000,audi
Audi,Q8,2019,299000,3,diesel,3,286,automatic,80000,audi
Audi,A4,2010,25900,4,gasoline,1.8,120,variable,187000,audi
Audi,Q5,2016,102000,2,gasoline,2,230,automatic,105000,audi
Audi,Q7,2016,150000,3,diesel,3,272,automatic,187000,audi
Audi,Q3,2012,49000,4,gasoline,2,211,robotic,190000,audi
Audi,A3,2022,180000,2,gasoline,1.5,150,robotic,8450,audi
Audi,A3,2018,124000,3,plug-in,1.4,204,robotic,130000,audi
Audi,A3,2019,115000,1,gasoline,2,190,robotic,91000,audi
Audi,Q5,2017,75000,4,gasoline,2,230,automatic,121000,audi
Audi,Q5,2010,50000,4,gasoline,2,211,automatic,225000,audi
Audi,A4,2015,60000,1,gasoline,1.8,120,variable,116000,audi
Audi,Q5,2011,42000,3,gasoline,2,211,automatic,162000,audi
Audi,A3,2017,60000,2,gasoline,1.4,150,robotic,118000,audi
Audi,Q3 Sportback,2023,255000,1,plug-in,1.4,245,robotic,36500,audi
Audi,Q3,2016,74000,2,gasoline,1.4,150,robotic,180000,audi
Audi,A3,2022,152000,1,gasoline,1.5,150,robotic,54000,audi
Audi,A6,2009,25000,4,gasoline,2.8,190,variable,234000,audi
Audi,Q5,2016,89000,2,gasoline,2,180,automatic,150000,audi
Audi,A3,2018,80000,3,gasoline,1.5,150,robotic,120000,audi
Audi,Q5,2016,185000,2,gasoline,2,230,automatic,180000,audi
Audi,A4,2023,179000,2,gasoline,2,150,robotic,9000,audi
Audi,Q5,2009,35000,4,gasoline,2,211,automatic,245000,audi
Audi,Q3,2012,45000,3,gasoline,2,211,robotic,164000,audi
Audi,A3,2023,170000,1,gasoline,1.5,150,robotic,27000,audi
Audi,Q2,2018,83000,1,gasoline,1.4,150,robotic,145000,audi
Audi,Q5,2009,38000,4,gasoline,2,211,automatic,167000,audi
Audi,A1,2021,122000,2,gasoline,1,110,robotic,35000,audi
Audi,A3,2013,63000,4,gasoline,1.8,180,robotic,155000,audi
Audi,Q7,2015,128000,4,diesel,3,245,automatic,139000,audi
Audi,A1,2013,40000,2,gasoline,1.4,122,robotic,131000,audi
Audi,E Tron Sportback,2021,315000,1,electro,,,automatic,64000,audi
Audi,Q3,2013,59000,3,gasoline,2,170,robotic,123000,audi
Audi,A6,2006,12000,4,gasoline,2.4,177,variable,290000,audi
Audi,A1,2015,65000,2,gasoline,1.4,125,manual,98000,audi
Audi,Tt,2001,56000,3,gasoline,1.8,225,manual,69000,audi
Audi,Q3,2018,114000,4,gasoline,2,180,robotic,118000,audi
Audi,Q7,2018,185000,1,diesel,3,272,automatic,129000,audi
Audi,Q5,2011,51500,4,diesel,2,170,robotic,252900,audi
Audi,Q3,2019,103000,2,gasoline,1.4,150,robotic,100000,audi
Audi,Q5,2016,100000,2,gasoline,2,230,automatic,160000,audi
Audi,E Tron,2019,258000,1,electro,,,automatic,55000,audi
Audi,Q7,2018,220000,2,plug-in,3,374,automatic,120000,audi
Audi,A8,2012,60000,2,gasoline,3,290,automatic,140000,audi
Audi,Tt,2002,59900,4,gasoline,1.8,180,manual,213000,audi
Audi,E Tron Sportback,2021,370000,1,electro,,,automatic,40000,audi
Audi,A1,2020,110000,1,gasoline,1,116,robotic,30000,audi
Audi,Q5,2015,90000,3,gasoline,2,225,automatic,100000,audi
Audi,Q7,2008,45000,2,gasoline,3.6,280,automatic,258000,audi
Audi,A4,2015,35000,2,gasoline,1.8,120,variable,178000,audi
Audi,A3,2010,24999,1,gasoline,2,200,robotic,235000,audi
Audi,A1,2013,33000,2,gasoline,1.4,122,manual,146000,audi
Audi,A7,2021,278000,2,plug-in,2,299,robotic,60000,audi
Audi,Q7,2014,74500,2,diesel,3,245,automatic,230000,audi
Audi,A3,2006,29500,4,gasoline,2,200,robotic,230000,audi
Audi,Q5,2020,149900,2,gasoline,2,245,robotic,113000,audi
Audi,Tt,2024,229900,1,gasoline,2,197,robotic,8000,audi
Audi,Q3,2016,63900,3,gasoline,1.4,150,robotic,152000,audi
Audi,A1,2011,21900,3,gasoline,1.4,122,robotic,185000,audi
Audi,Q3,2014,100000,2,gasoline,2,170,robotic,61000,audi
Audi,A4,2017,74900,2,gasoline,2,190,robotic,180000,audi
Audi,A3,2022,179900,2,plug-in,1.4,204,robotic,46000,audi
Audi,S4,2007,59000,3,gasoline,4.2,344,automatic,178000,audi
Audi,Q5 Sportback,2022,240000,1,gasoline,2,265,robotic,40000,audi
Audi,A3,2017,79000,4,gasoline,1.4,150,robotic,140000,audi
Audi,A1,2012,43000,4,gasoline,1.4,122,robotic,160000,audi
Audi,Q5,2010,40000,4,gasoline,2,211,automatic,135000,audi
Audi,A6,2009,19000,3,gasoline,2.8,190,variable,210000,audi
Audi,A3,2008,16000,4,gasoline,2,200,robotic,240000,audi
Audi,Q2,2020,126000,1,gasoline,1.5,150,robotic,44500,audi
Audi,A6,2012,40000,3,gasoline,2.8,204,variable,200000,audi
Audi,Q2,2020,110000,2,gasoline,1.4,150,robotic,110000,audi
Audi,Q5,2014,69000,3,gasoline,2,225,automatic,185000,audi
Audi,A4,2021,155000,1,gasoline,2,204,robotic,97000,audi
Audi,A8,2011,55000,3,gasoline,3,290,automatic,147000,audi
Audi,Q3,2013,63000,3,gasoline,2,170,robotic,150000,audi
Audi,Q3,2018,110000,1,gasoline,2,180,robotic,100000,audi
Audi,A1,2018,79999,2,gasoline,1,95,robotic,79000,audi
Audi,Q7,2017,190000,4,diesel,3,272,automatic,210000,audi
Audi,Q8,2019,299000,3,diesel,3,286,automatic,80000,audi
Audi,A4,2010,25900,4,gasoline,1.8,120,variable,187000,audi
Audi,Q5,2016,102000,2,gasoline,2,230,automatic,105000,audi
Audi,Q7,2016,150000,3,diesel,3,272,automatic,187000,audi
Audi,Q3,2012,49000,4,gasoline,2,211,robotic,190000,audi
Audi,A3,2022,180000,2,gasoline,1.5,150,robotic,8450,audi
Audi,A6,2009,25000,4,gasoline,2.8,190,variable,234000,audi
Audi,Q5,2016,89000,2,gasoline,2,180,automatic,150000,audi
Audi,A3,2018,80000,3,gasoline,1.5,150,robotic,120000,audi
Honda,Civic,2007,11900,3,gasoline,1.8,140,automatic,267000,byd
Mazda,3,2018,75000,1,gasoline,2,165,automatic,46000,byd
Peugeot,207,2011,10900,3,gasoline,1.6,120,automatic,157000,byd
Seat,Leon,2015,30000,4,gasoline,1.4,122,manual,155000,byd
Ford,Focus,2012,10900,3,gasoline,1.6,125,robotic,196000,byd
Mazda,5,2009,12900,3,gasoline,2,145,automatic,258000,byd
Citroen,C4 Spacetourer,2021,47000,3,diesel,1.5,130,automatic,180000,byd
Volkswagen,Passat,2010,17000,2,diesel,2,140,robotic,235000,byd
Chevrolet,Trax,2014,25000,3,gasoline,1.4,140,automatic,118000,byd
Peugeot,407,2006,7900,2,gasoline,2,140,automatic,129000,byd
Peugeot,308,2018,35000,2,gasoline,1.2,130,automatic,98000,byd
Chevrolet,Sonic,2012,11900,3,gasoline,1.4,101,automatic,152000,byd
Citroen,Berlingo,2021,98000,1,diesel,1.5,130,automatic,95000,byd
Opel,Astra,2012,7000,3,gasoline,1.6,115,automatic,230000,byd
Ford,Focus,2011,12900,3,gasoline,1.6,125,robotic,192000,byd
Peugeot,308,2014,9900,4,gasoline,1.6,120,automatic,142000,byd
Suzuki,Swift,2010,13900,1,gasoline,1.5,101,automatic,247000,byd
Chevrolet,Captiva,2011,21000,2,diesel,2.2,184,automatic,228000,byd
Opel,Corsa,2017,17900,2,gasoline,1.4,90,automatic,169000,byd
Hyundai,I30,2017,38500,1,gasoline,1.4,100,manual,82000,byd
Chevrolet,Captiva,2011,21000,2,diesel,2.2,184,automatic,228000,chevrolet
Chevrolet,Trax,2014,25000,3,gasoline,1.4,140,automatic,118000,chevrolet
Chevrolet,Sonic,2012,11900,3,gasoline,1.4,101,automatic,152000,chevrolet
Chevrolet,Corvette,1988,125000,3,gasoline,5.7,282,automatic,8000,chevrolet
Chevrolet,Spark,2019,42800,2,gasoline,1.4,98,variable,90000,chevrolet
Chevrolet,Trailblazer,2021,74900,1,gasoline,1.3,155,variable,102093,chevrolet
Chevrolet,Spark,2017,29800,2,gasoline,1.4,98,variable,140000,chevrolet
Chevrolet,Equinox,2021,84000,3,gasoline,1.5,170,automatic,95000,chevrolet
Chevrolet,Malibu,2014,12900,4,gasoline,2,259,automatic,74000,chevrolet
Chevrolet,Camaro,2017,155770,4,gasoline,3.6,335,automatic,147000,chevrolet
Chevrolet,Traverse,2023,186522,1,gasoline,3.6,310,automatic,95369,chevrolet
Chevrolet,Trax,2024,98585,1,gasoline,1.2,139,automatic,48522,chevrolet
Chevrolet,Traverse,2022,166720,1,gasoline,3.6,310,automatic,98255,chevrolet
Chevrolet,Traverse,2021,166664,1,gasoline,3.6,310,automatic,54393,chevrolet
Chevrolet,Trailblazer,2021,85805,1,gasoline,1.3,155,variable,76500,chevrolet
Chevrolet,Trailblazer,2024,108635,1,gasoline,1.3,155,variable,52300,chevrolet
Chevrolet,Trailblazer,2022,71495,1,gasoline,1.3,155,variable,68556,chevrolet
Chevrolet,Trailblazer,2022,98500,1,gasoline,1.3,155,variable,58000,chevrolet
Chevrolet,Trailblazer,2022,99015,1,gasoline,1.3,155,variable,46500,chevrolet
Chevrolet,Trailblazer,2022,98850,1,gasoline,1.3,155,variable,31917,chevrolet
Chevrolet,Cruze,2017,25000,4,gasoline,1.4,153,automatic,134000,chevrolet
Chevrolet,Sonic,2015,11500,3,gasoline,1.4,101,automatic,136133,chevrolet
Chevrolet,Spark,2011,9000,3,gasoline,1.2,82,manual,155000,chevrolet
Chevrolet,Cruze,2015,10000,4,gasoline,1.4,140,automatic,138000,chevrolet
Chevrolet,Silverado,2025,330000,1,diesel,6.6,470,automatic,22197,chevrolet
Chevrolet,Trailblazer,2022,108000,1,gasoline,1.3,155,variable,30400,chevrolet
Chevrolet,Cruze,2013,25000,2,gasoline,1.8,141,automatic,75000,chevrolet
Chevrolet,Spark,2014,7000,2,gasoline,1,68,manual,216000,chevrolet
Chevrolet,Traverse,2022,180000,2,gasoline,3.6,310,automatic,80000,chevrolet
Chevrolet,Spark,2011,8900,3,gasoline,1.2,82,manual,185000,chevrolet
Chevrolet,Trailblazer,2021,78454,1,gasoline,1.3,155,variable,51123,chevrolet
Chevrolet,Spark,2021,61480,2,gasoline,1.4,98,variable,76743,chevrolet
Chevrolet,Spark,2021,61120,2,gasoline,1.4,98,variable,73162,chevrolet
Chevrolet,Spark,2021,70020,1,gasoline,1.4,98,variable,87423,chevrolet
Chevrolet,Spark,2021,71540,1,gasoline,1.4,98,variable,61616,chevrolet
Chevrolet,Spark,2020,48720,3,gasoline,1.4,98,variable,66628,chevrolet
Chevrolet,Spark,2020,65159,2,gasoline,1.4,98,variable,59839,chevrolet
Chevrolet,Spark,2020,61195,2,gasoline,1.4,98,variable,102950,chevrolet
Chevrolet,Spark,2020,67562,1,gasoline,1.4,98,variable,57110,chevrolet
Chevrolet,Spark,2019,50450,1,gasoline,1.4,98,variable,134115,chevrolet
Chevrolet,Spark,2018,55350,2,gasoline,1.4,98,variable,75000,chevrolet
Chevrolet,Spark,2018,59466,1,gasoline,1.4,98,variable,84700,chevrolet
Chevrolet,Spark,2017,45585,2,gasoline,1.4,98,variable,91016,chevrolet
Chevrolet,Spark,2017,52720,2,gasoline,1.4,98,variable,80796,chevrolet
Chevrolet,Equinox,2022,100247,1,gasoline,1.5,170,automatic,27547,chevrolet
Chevrolet,Equinox,2021,93780,1,gasoline,1.5,170,automatic,39000,chevrolet
Chevrolet,Equinox,2020,85085,2,gasoline,1.5,170,automatic,38238,chevrolet
Chevrolet,Equinox,2019,63995,3,gasoline,1.5,170,automatic,83000,chevrolet
Chevrolet,Cruze,2017,25000,4,gasoline,1.4,153,automatic,134000,chevrolet
Chevrolet,Sonic,2015,11500,3,gasoline,1.4,101,automatic,136133,chevrolet
Chevrolet,Cruze,2011,11000,4,gasoline,1.6,124,automatic,193000,chevrolet
Chevrolet,Blazer,2020,125660,4,gasoline,3.6,308,automatic,65000,chevrolet
Chevrolet,Orlando,2015,17987,4,gasoline,1.4,140,automatic,210000,chevrolet
Chevrolet,Equinox,2018,46000,2,gasoline,1.5,170,automatic,157000,chevrolet
Chevrolet,Trax,2018,49000,1,gasoline,1.4,138,automatic,68000,chevrolet
Chevrolet,Traverse,2017,65000,2,gasoline,3.6,281,automatic,114240,chevrolet
Chevrolet,Beretta,1992,38000,2,gasoline,3.1,162,automatic,128000,chevrolet
Chevrolet,Malibu,2014,6000,3,gasoline,2,259,automatic,235000,chevrolet
Chevrolet,Silverado,2018,90000,1,diesel,6.6,445,automatic,150000,chevrolet
Chevrolet,Optra,2006,4500,2,gasoline,1.6,109,automatic,175000,chevrolet
Chevrolet,Spark,2011,9000,3,gasoline,1.2,82,manual,155000,chevrolet
Chevrolet,Cruze,2015,10000,4,gasoline,1.4,140,automatic,138000,chevrolet
Chevrolet,Silverado,2025,330000,1,diesel,6.6,470,automatic,22197,chevrolet
Chevrolet,Trailblazer,2022,108000,1,gasoline,1.3,155,variable,30400,chevrolet
Chevrolet,Cruze,2013,25000,2,gasoline,1.8,141,automatic,75000,chevrolet
Chevrolet,Spark,2014,7000,2,gasoline,1,68,manual,216000,chevrolet
Chevrolet,Silverado,2022,145000,1,diesel,6.6,445,automatic,74000,chevrolet
Chevrolet,Spark,2021,45900,3,gasoline,1.4,98,variable,88000,chevrolet
Chevrolet,Traverse,2022,180000,2,gasoline,3.6,310,automatic,80000,chevrolet
Chevrolet,Spark,2020,52000,2,gasoline,1.4,98,variable,98000,chevrolet
Chevrolet,Spark,2011,8900,3,gasoline,1.2,82,manual,185000,chevrolet
Chevrolet,Trax,2014,25000,3,gasoline,1.8,141,automatic,150000,chevrolet
Chevrolet,Cruze,2011,11000,4,gasoline,1.6,124,automatic,193000,chevrolet
Chevrolet,Blazer,2020,125660,4,gasoline,3.6,308,automatic,65000,chevrolet
Chevrolet,Spark,2018,44000,3,gasoline,1.4,98,variable,116000,chevrolet
Chevrolet,Orlando,2015,17987,4,gasoline,1.4,140,automatic,210000,chevrolet
Chevrolet,Equinox,2018,46000,2,gasoline,1.5,170,automatic,157000,chevrolet
Chevrolet,Trailblazer,2022,89990,1,gasoline,1.3,155,variable,54000,chevrolet
Chevrolet,Trax,2018,49000,1,gasoline,1.4,138,automatic,68000,chevrolet
Chevrolet,Corvette,1980,178000,1,gasoline,5.7,213,automatic,118000,chevrolet
Chevrolet,Traverse,2017,44900,3,gasoline,3.6,281,automatic,200000,chevrolet
Chevrolet,Silverado Ev,2024,310000,1,electro,,,automatic,25000,chevrolet
Chevrolet,Corvette,1989,100000,1,gasoline,5.7,300,automatic,84555,chevrolet
Chevrolet,Malibu,2016,30000,3,gasoline,1.5,160,automatic,144000,chevrolet
Chevrolet,Orlando,2015,19000,2,gasoline,1.4,140,automatic,188000,chevrolet
Chevrolet,Equinox,2019,62000,2,gasoline,1.5,170,automatic,177000,chevrolet
Chevrolet,Spark,2013,10000,2,gasoline,1.2,82,manual,160000,chevrolet
Chevrolet,Trax,2014,22000,2,gasoline,1.8,141,automatic,217000,chevrolet
Chevrolet,Savana,2007,8000,3,diesel,2.8,181,automatic,340710,chevrolet
Chevrolet,Spark,2021,62000,1,gasoline,1.4,98,variable,60000,chevrolet
Chevrolet,Traverse,2017,65000,2,gasoline,3.6,281,automatic,114240,chevrolet
Chevrolet,Beretta,1992,38000,2,gasoline,3.1,162,automatic,128000,chevrolet
Chevrolet,Equinox,2016,35000,2,gasoline,2.4,182,automatic,120000,chevrolet
Chevrolet,Trax,2014,14899,2,gasoline,1.8,141,automatic,189000,chevrolet
Chevrolet,Silverado,2014,78000,1,diesel,6.6,445,automatic,140000,chevrolet
Chevrolet,Malibu,2014,6000,3,gasoline,2,259,automatic,235000,chevrolet
Chevrolet,Silverado,2018,90000,1,diesel,6.6,445,automatic,150000,chevrolet
Chevrolet,Optra,2006,4500,2,gasoline,1.6,109,automatic,175000,chevrolet
Chevrolet,Silverado,2024,265000,1,diesel,6.6,365,automatic,29900,chevrolet
Chevrolet,Sonic,2012,21000,3,gasoline,1.6,116,automatic,140000,chevrolet
Chevrolet,Spark,2023,69990,1,gasoline,1.4,98,variable,48000,chevrolet
Chevrolet,Express,2010,29000,2,diesel,6.6,260,automatic,190000,chevrolet
Chevrolet,Equinox,2022,87000,3,gasoline,1.5,170,automatic,74040,chevrolet
Chevrolet,Traverse,2018,69999,3,gasoline,3.6,281,automatic,94500,chevrolet
Chevrolet,Equinox,2019,49000,2,gasoline,1.5,170,automatic,112000,chevrolet
Chevrolet,Sonic,2014,10000,3,gasoline,1.6,116,automatic,183000,chevrolet
Chevrolet,Spark,2014,16000,2,gasoline,1,68,manual,80842,chevrolet
Chevrolet,Orlando,2017,25000,2,gasoline,1.4,140,automatic,155000,chevrolet
Chevrolet,Traverse,2023,179990,1,gasoline,3.6,310,automatic,69000,chevrolet
Chevrolet,Silverado,2021,129990,1,diesel,6.6,365,automatic,256000,chevrolet
Chevrolet,Trax,2014,22000,2,gasoline,1.8,141,automatic,217000,chevrolet
Chevrolet,Savana,2007,8000,3,diesel,2.8,181,automatic,340710,chevrolet
Chevrolet,Spark,2021,62000,1,gasoline,1.4,98,variable,60000,chevrolet
Chevrolet,Trax,2015,22000,2,gasoline,1.8,141,automatic,198000,chevrolet
Chevrolet,Spark,2020,55000,2,gasoline,1.4,98,variable,83000,chevrolet
Chevrolet,Equinox,2023,134000,1,gasoline,1.5,170,automatic,69000,chevrolet
Chevrolet,Captiva Sport,2015,20000,3,gasoline,2.4,182,automatic,136000,chevrolet
Chevrolet,Aveo,2005,5000,1,gasoline,1.4,83,manual,100207,chevrolet
Chevrolet,Traverse,2009,30000,3,gasoline,3.6,281,automatic,204000,chevrolet
Chevrolet,Malibu,2011,11000,1,gasoline,2.4,169,automatic,185000,chevrolet
Chevrolet,Silverado,2018,68000,2,diesel,6.6,445,automatic,250000,chevrolet
Chevrolet,Captiva Sport,2012,23000,4,gasoline,3,264,automatic,168000,chevrolet
Chevrolet,Captiva,2008,16000,4,gasoline,3.2,223,automatic,197000,chevrolet
Chevrolet,Traverse,2020,139990,1,gasoline,3.6,310,automatic,46000,chevrolet
Chevrolet,Spark,2020,52000,1,gasoline,1.4,98,variable,93000,chevrolet
Chevrolet,Malibu,2016,43000,2,gasoline,1.5,160,automatic,130000,chevrolet
Chevrolet,Traverse,2019,130000,2,gasoline,3.6,310,automatic,180000,chevrolet
Chevrolet,Equinox,2023,129990,1,gasoline,1.5,170,automatic,48000,chevrolet
Chevrolet,Trailblazer,2021,74900,1,gasoline,1.3,155,variable,70000,chevrolet
Chevrolet,Cruze,2014,5000,3,gasoline,1.6,117,automatic,195000,chevrolet
Chevrolet,Traverse,2017,44900,3,gasoline,3.6,281,automatic,200000,chevrolet
Chevrolet,Silverado Ev,2024,310000,1,electro,,,automatic,25000,chevrolet
Chevrolet,Corvette,1989,100000,1,gasoline,5.7,300,automatic,84555,chevrolet
Chevrolet,Malibu,2016,30000,3,gasoline,1.5,160,automatic,144000,chevrolet
Chevrolet,Orlando,2015,19000,2,gasoline,1.4,140,automatic,188000,chevrolet
Chevrolet,Equinox,2019,62000,2,gasoline,1.5,170,automatic,177000,chevrolet
Chevrolet,Spark,2013,10000,2,gasoline,1.2,82,manual,160000,chevrolet
Chevrolet,Trax,2014,22000,2,gasoline,1.8,141,automatic,217000,chevrolet
Chevrolet,Savana,2007,8000,3,diesel,2.8,181,automatic,340710,chevrolet
Chevrolet,Spark,2021,62000,1,gasoline,1.4,98,variable,60000,chevrolet
Chevrolet,Orlando,2012,22000,1,diesel,2,163,automatic,250000,chevrolet
Chevrolet,Captiva,2008,11800,3,gasoline,3.2,223,automatic,182000,chevrolet
Chevrolet,Equinox,2021,102000,1,gasoline,1.5,170,automatic,50400,chevrolet
Chevrolet,Equinox,2018,68000,1,gasoline,2,252,automatic,118000,chevrolet
Chevrolet,Trax,2015,36000,1,gasoline,1.4,140,automatic,68500,chevrolet
Chevrolet,Corvette,2022,485000,2,gasoline,6.2,495,robotic,38000,chevrolet
Chevrolet,Malibu,2014,18000,4,gasoline,2,259,automatic,280000,chevrolet
Chevrolet,Trax,2015,22000,4,gasoline,1.4,140,automatic,143000,chevrolet
Chevrolet,Spark,2017,39000,3,gasoline,1.4,98,variable,123000,chevrolet
Chevrolet,Captiva,2017,37000,3,diesel,2,167,automatic,190000,chevrolet
Chevrolet,Trax,2015,22000,2,gasoline,1.8,141,automatic,198000,chevrolet
Chevrolet,Spark,2020,55000,2,gasoline,1.4,98,variable,83000,chevrolet
Chevrolet,Equinox,2023,134000,1,gasoline,1.5,170,automatic,69000,chevrolet
Chevrolet,Captiva Sport,2015,20000,3,gasoline,2.4,182,automatic,136000,chevrolet
Chevrolet,Aveo,2005,5000,1,gasoline,1.4,83,manual,100207,chevrolet
Chevrolet,Traverse,2009,30000,3,gasoline,3.6,281,automatic,204000,chevrolet
Chevrolet,Malibu,2011,11000,1,gasoline,2.4,169,automatic,185000,chevrolet
Chevrolet,Sonic,2012,9000,4,gasoline,1.6,116,automatic,150000,chevrolet
Chevrolet,Equinox,2018,74000,2,gasoline,1.5,170,automatic,85000,chevrolet
Chevrolet,Malibu,2017,35000,4,gasoline,1.5,160,automatic,157500,chevrolet
Chevrolet,Cruze,2010,9900,2,gasoline,1.6,113,automatic,116300,chevrolet
Chevrolet,Equinox,2020,80000,1,gasoline,1.5,170,automatic,56000,chevrolet
Chevrolet,Orlando,2012,22000,1,diesel,2,163,automatic,250000,chevrolet
Chevrolet,Captiva,2008,11800,3,gasoline,3.2,223,automatic,182000,chevrolet
Chevrolet,Equinox,2021,102000,1,gasoline,1.5,170,automatic,50400,chevrolet
Chevrolet,Equinox,2018,68000,1,gasoline,2,252,automatic,118000,chevrolet
Chevrolet,Trax,2015,36000,1,gasoline,1.4,140,automatic,68500,chevrolet
Chevrolet,Corvette,2022,485000,2,gasoline,6.2,495,robotic,38000,chevrolet
Chevrolet,Malibu,2014,18000,4,gasoline,2,259,automatic,280000,chevrolet
Chevrolet,Trax,2015,22000,4,gasoline,1.4,140,automatic,143000,chevrolet
Chevrolet,Spark,2019,52000,2,gasoline,1.4,98,variable,70000,chevrolet
Chevrolet,Traverse,2009,25000,3,gasoline,3.6,281,automatic,310000,chevrolet
Chevrolet,Captiva Sport,2014,17500,1,gasoline,2.4,182,automatic,209000,chevrolet
Chevrolet,Malibu,2013,16000,4,gasoline,2,263,automatic,200000,chevrolet
Chevrolet,Sonic,2012,13000,3,gasoline,1.6,116,automatic,140000,chevrolet
Chevrolet,Spark,2018,43000,2,gasoline,1.4,98,variable,50000,chevrolet
Chevrolet,Equinox,2021,95000,3,gasoline,1.5,170,automatic,118000,chevrolet
Chevrolet,Trax,2017,35500,2,gasoline,1.4,138,automatic,197000,chevrolet
Chevrolet,Spark,2017,57000,1,gasoline,1.4,98,variable,55948,chevrolet
Chevrolet,Malibu,2010,9000,3,gasoline,2.4,169,automatic,151000,chevrolet
Chevrolet,Spark,2017,39000,3,gasoline,1.4,98,variable,123000,chevrolet
Chevrolet,Captiva,2017,37000,3,diesel,2,167,automatic,190000,chevrolet
Chevrolet,Trax,2015,28000,2,gasoline,1.4,140,automatic,203000,chevrolet
Chevrolet,Trailblazer,2021,108000,1,gasoline,1.3,155,variable,44000,chevrolet
Chevrolet,Spark,2017,43000,2,gasoline,1.4,98,variable,203137,chevrolet
Chevrolet,Equinox,2018,90000,3,gasoline,1.5,170,automatic,155000,chevrolet
Chevrolet,Spark,2019,52000,2,gasoline,1.4,98,variable,70000,chevrolet
Chevrolet,Traverse,2009,25000,3,gasoline,3.6,281,automatic,310000,chevrolet
Chevrolet,Captiva Sport,2014,17500,1,gasoline,2.4,182,automatic,209000,chevrolet
Chevrolet,Malibu,2013,16000,4,gasoline,2,263,automatic,200000,chevrolet
Chevrolet,Sonic,2012,13000,3,gasoline,1.6,116,automatic,140000,chevrolet
Chevrolet,Spark,2018,43000,2,gasoline,1.4,98,variable,50000,chevrolet
Chevrolet,Equinox,2021,95000,3,gasoline,1.5,170,automatic,118000,chevrolet
Chevrolet,Trax,2017,35500,2,gasoline,1.4,138,automatic,197000,chevrolet
Chevrolet,Spark,2017,57000,1,gasoline,1.4,98,variable,55948,chevrolet
Chevrolet,Malibu,2010,9000,3,gasoline,2.4,169,automatic,151000,chevrolet
Chevrolet,Spark,2020,66900,1,gasoline,1.4,98,variable,50327,chevrolet
Chevrolet,Trailblazer,2022,118000,1,gasoline,1.3,155,variable,42000,chevrolet
Chevrolet,Cruze,2014,20000,2,gasoline,1.4,140,automatic,54000,chevrolet
Chevrolet,Spark,2018,46000,1,gasoline,1.4,98,variable,73000,chevrolet
Chevrolet,Trax,2015,36000,1,gasoline,1.4,140,automatic,68500,chevrolet
Chevrolet,Corvette,2022,485000,2,gasoline,6.2,495,robotic,38000,chevrolet
Chevrolet,Malibu,2014,18000,4,gasoline,2,259,automatic,280000,chevrolet
Chevrolet,Trax,2015,22000,4,gasoline,1.4,140,automatic,143000,chevrolet
Chevrolet,Spark,2020,56000,2,gasoline,1.4,98,variable,79600,chevrolet
Chevrolet,Trailblazer,2023,153000,1,gasoline,1.3,155,variable,37000,chevrolet
Chevrolet,Captiva Sport,2012,21000,3,gasoline,2.4,182,automatic,180000,chevrolet
Chevrolet,Cruze,2016,19900,2,gasoline,1.4,140,automatic,142000,chevrolet
Chevrolet,Cruze,2012,11500,3,gasoline,1.4,140,automatic,195000,chevrolet
Chevrolet,Traverse,2009,16000,3,gasoline,3.6,281,automatic,235000,chevrolet
Chevrolet,Spark,2020,56000,2,gasoline,1.4,98,variable,79600,chevrolet
Chevrolet,Trailblazer,2023,153000,1,gasoline,1.3,155,variable,37000,chevrolet
Chevrolet,Captiva Sport,2012,21000,3,gasoline,2.4,182,automatic,180000,chevrolet
Chevrolet,Cruze,2016,19900,2,gasoline,1.4,140,automatic,142000,chevrolet
Chevrolet,Cruze,2012,11500,3,gasoline,1.4,140,automatic,195000,chevrolet
Chevrolet,Traverse,2009,16000,3,gasoline,3.6,281,automatic,235000,chevrolet
Chevrolet,Captiva Sport,2013,29800,2,gasoline,3,264,automatic,109000,chevrolet
Chevrolet,Spark,2020,59000,1,gasoline,1.4,98,variable,71000,chevrolet
Chevrolet,Cruze,2013,11000,2,gasoline,1.8,141,automatic,149000,chevrolet
Chevrolet,Trax,2014,25000,1,gasoline,1.8,141,automatic,140000,chevrolet
Chevrolet,Malibu,2010,25000,2,gasoline,2.4,169,automatic,52900,chevrolet
Chevrolet,Trax,2014,22000,3,gasoline,1.8,141,automatic,140000,chevrolet
Chevrolet,Blazer,2022,182000,1,gasoline,2,230,automatic,86000,chevrolet
Chevrolet,Malibu,2017,42000,1,gasoline,1.5,160,automatic,97000,chevrolet
Chevrolet,Sonic,2014,18500,2,gasoline,1.4,101,automatic,166000,chevrolet
Chevrolet,Spark,2020,54000,1,gasoline,1.4,98,variable,125000,chevrolet
Chevrolet,Cruze,2010,12000,1,gasoline,1.6,113,automatic,123000,chevrolet
Chevrolet,Trailblazer,2023,149000,2,gasoline,1.3,155,variable,14500,chevrolet
Chevrolet,Traverse,2022,200000,1,gasoline,3.6,310,automatic,52000,chevrolet
Chevrolet,Traverse,2016,79000,2,gasoline,3.6,281,automatic,130000,chevrolet
Chevrolet,Spark,2019,52000,2,gasoline,1.4,98,variable,70000,chevrolet
Chevrolet,Traverse,2009,25000,3,gasoline,3.6,281,automatic,310000,chevrolet
Chevrolet,Captiva Sport,2014,17500,1,gasoline,2.4,182,automatic,209000,chevrolet
Chevrolet,Malibu,2013,16000,4,gasoline,2,263,automatic,200000,chevrolet
Chevrolet,Sonic,2012,13000,3,gasoline,1.6,116,automatic,140000,chevrolet
Chevrolet,Spark,2018,43000,2,gasoline,1.4,98,variable,50000,chevrolet
Chevrolet,Equinox,2021,95000,3,gasoline,1.5,170,automatic,118000,chevrolet
Chevrolet,Trax,2017,35500,2,gasoline,1.4,138,automatic,197000,chevrolet
Chevrolet,Spark,2017,57000,1,gasoline,1.4,98,variable,55948,chevrolet
Chevrolet,Malibu,2010,9000,3,gasoline,2.4,169,automatic,151000,chevrolet
Chevrolet,Captiva Sport,2014,33000,1,gasoline,2.4,182,automatic,104800,chevrolet
Chevrolet,Spark,2012,11000,3,gasoline,1.2,82,manual,168500,chevrolet
Chevrolet,Blazer,2020,150000,1,gasoline,3.6,305,automatic,89000,chevrolet
Chevrolet,Traverse,2013,49000,4,gasoline,3.6,281,automatic,109000,chevrolet
Chevrolet,Trax,2014,28000,2,gasoline,1.4,140,automatic,125000,chevrolet
Chevrolet,Cruze,2012,11500,3,gasoline,1.6,124,automatic,170000,chevrolet
Chevrolet,Spark,2012,8000,3,gasoline,1.2,82,manual,232518,chevrolet
Chevrolet,Sonic,2013,17000,2,gasoline,1.6,116,automatic,141000,chevrolet
Chevrolet,Malibu,2015,35500,2,gasoline,2,259,automatic,100700,chevrolet
Chevrolet,Spark,2018,50000,2,gasoline,1.4,98,variable,162000,chevrolet
Chevrolet,Malibu,2017,51000,2,gasoline,1.5,160,automatic,129000,chevrolet
Chevrolet,Trax,2018,59000,2,gasoline,1.4,138,automatic,65500,chevrolet
Chevrolet,Traverse,2016,70000,2,gasoline,3.6,281,automatic,113000,chevrolet
Chevrolet,Captiva Sport,2012,21900,4,gasoline,2.4,182,automatic,160000,chevrolet
Chevrolet,Silverado,2008,15000,3,diesel,6.6,365,automatic,300000,chevrolet
Chevrolet,Silverado,2019,100000,2,diesel,6.6,445,automatic,210000,chevrolet
Chevrolet,Spark,2013,9500,1,gasoline,1.2,82,manual,163500,chevrolet
Chevrolet,Cruze,2017,25000,3,gasoline,1.4,153,automatic,170000,chevrolet
Chevrolet,Trax,2016,44000,2,gasoline,1.4,140,automatic,88000,chevrolet
Chevrolet,Trailblazer,2022,112500,1,gasoline,1.3,155,variable,33000,chevrolet
Chevrolet,Spark,2020,66900,1,gasoline,1.4,98,variable,50327,chevrolet
Chevrolet,Trailblazer,2022,118000,1,gasoline,1.3,155,variable,42000,chevrolet
Chevrolet,Cruze,2014,20000,2,gasoline,1.4,140,automatic,54000,chevrolet
Chevrolet,Spark,2018,46000,1,gasoline,1.4,98,variable,73000,chevrolet
Chevrolet,Spark,2020,56000,2,gasoline,1.4,98,variable,79600,chevrolet
Chevrolet,Trailblazer,2023,153000,1,gasoline,1.3,155,variable,37000,chevrolet
Chevrolet,Captiva Sport,2012,21000,3,gasoline,2.4,182,automatic,180000,chevrolet
Chevrolet,Cruze,2016,19900,2,gasoline,1.4,140,automatic,142000,chevrolet
Chevrolet,Cruze,2012,11500,3,gasoline,1.4,140,automatic,195000,chevrolet
Chevrolet,Traverse,2009,16000,3,gasoline,3.6,281,automatic,235000,chevrolet
Chevrolet,Impala,2016,67800,3,gasoline,3.6,305,automatic,129000,chevrolet
Chevrolet,Traverse,2021,160000,1,gasoline,3.6,310,automatic,115000,chevrolet
Chevrolet,Aveo,2006,7500,2,gasoline,1.4,94,automatic,134186,chevrolet
Chevrolet,Blazer,2023,230000,1,gasoline,2,231,automatic,26000,chevrolet
Chevrolet,Orlando,2018,50000,3,gasoline,1.4,140,automatic,120000,chevrolet
Chevrolet,Traverse,2014,45000,2,gasoline,3.6,281,automatic,178800,chevrolet
Chevrolet,Trailblazer,2022,115000,1,gasoline,1.3,155,variable,38000,chevrolet
Chevrolet,Sonic,2015,23000,2,gasoline,1.4,101,automatic,135900,chevrolet
Chevrolet,Spark,2018,42000,2,gasoline,1.4,98,variable,127000,chevrolet
Chevrolet,Trailblazer,2021,85000,2,gasoline,1.3,155,variable,46500,chevrolet
Chevrolet,Traverse,2016,68500,2,gasoline,3.6,281,automatic,159400,chevrolet
Chevrolet,Malibu,2014,31500,2,gasoline,2,259,automatic,102920,chevrolet
Chevrolet,Spark,2011,10750,3,gasoline,1.2,82,manual,160000,chevrolet
Chevrolet,Orlando,2014,23900,3,gasoline,1.4,140,automatic,222000,chevrolet
Chevrolet,Trax,2014,26000,2,gasoline,1.8,141,automatic,145000,chevrolet
Chevrolet,Uplander,2009,20000,3,gasoline,3.9,243,automatic,164000,chevrolet
Chevrolet,Malibu,2011,18500,4,gasoline,2.4,169,automatic,139000,chevrolet
Chevrolet,Trax,2019,62000,1,gasoline,1.4,138,automatic,45000,chevrolet
Chevrolet,Traverse,2016,60000,3,gasoline,3.6,281,automatic,110000,chevrolet
Chevrolet,Trax,2016,39000,3,gasoline,1.4,140,automatic,91000,chevrolet
Chevrolet,Captiva Sport,2013,29800,2,gasoline,3,264,automatic,109000,chevrolet
Chevrolet,Spark,2020,59000,1,gasoline,1.4,98,variable,71000,chevrolet
Chevrolet,Cruze,2013,11000,2,gasoline,1.8,141,automatic,149000,chevrolet
Chevrolet,Trax,2014,25000,1,gasoline,1.8,141,automatic,140000,chevrolet
Chevrolet,Malibu,2010,25000,2,gasoline,2.4,169,automatic,52900,chevrolet
Chevrolet,Trax,2014,22000,3,gasoline,1.8,141,automatic,140000,chevrolet
Chevrolet,Blazer,2022,182000,1,gasoline,2,230,automatic,86000,chevrolet
Chevrolet,Malibu,2017,42000,1,gasoline,1.5,160,automatic,97000,chevrolet
Chevrolet,Sonic,2014,18500,2,gasoline,1.4,101,automatic,166000,chevrolet
Chevrolet,Spark,2020,54000,1,gasoline,1.4,98,variable,125000,chevrolet
Chevrolet,Malibu,2019,60000,2,gasoline,1.5,160,variable,131000,chevrolet
Chevrolet,Sonic,2014,24000,3,gasoline,1.4,138,automatic,152400,chevrolet
Chevrolet,Traverse,2010,30000,4,gasoline,3.6,281,automatic,250000,chevrolet
Chevrolet,Spark,2017,40850,2,gasoline,1.4,98,variable,96000,chevrolet
Chevrolet,Traverse,2011,40000,3,gasoline,3.6,281,automatic,231000,chevrolet
Chevrolet,Cruze,2015,17000,2,gasoline,1.4,140,automatic,180000,chevrolet
Chevrolet,Spark,2021,72500,1,gasoline,1.4,98,variable,7000,chevrolet
Chevrolet,Trax,2017,51000,3,gasoline,1.4,138,automatic,93000,chevrolet
Chevrolet,Spark,2011,10000,3,gasoline,1.2,82,manual,129000,chevrolet
Chevrolet,Silverado,2020,140000,1,diesel,6.6,445,automatic,195000,chevrolet
Chevrolet,Aveo,2006,4000,3,gasoline,1.4,94,automatic,196000,chevrolet
Chevrolet,Aveo,2008,7000,3,gasoline,1.4,94,automatic,135000,chevrolet
Chevrolet,Captiva Sport,2014,26950,2,gasoline,2.4,182,automatic,109000,chevrolet
Chevrolet,Traverse,2010,33000,4,gasoline,3.6,281,automatic,320000,chevrolet
Chevrolet,Spark,2017,35000,2,gasoline,1.4,98,variable,118500,chevrolet
Chevrolet,Malibu,2014,28000,3,gasoline,2,259,automatic,140000,chevrolet
Chevrolet,Cruze,2017,35800,3,gasoline,1.4,153,automatic,141000,chevrolet
Chevrolet,Cruze,2013,11500,4,gasoline,1.6,124,automatic,129000,chevrolet
Chevrolet,Impala,2015,58000,4,gasoline,3.6,305,automatic,153000,chevrolet
Chevrolet,Captiva,2008,25000,4,diesel,2,150,automatic,217000,chevrolet
Chevrolet,Cruze,2010,12000,1,gasoline,1.6,113,automatic,123000,chevrolet
Chevrolet,Trailblazer,2023,149000,2,gasoline,1.3,155,variable,14500,chevrolet
Chevrolet,Traverse,2022,200000,1,gasoline,3.6,310,automatic,52000,chevrolet
Chevrolet,Traverse,2016,79000,2,gasoline,3.6,281,automatic,130000,chevrolet
Chevrolet,Captiva Sport,2014,33000,1,gasoline,2.4,182,automatic,104800,chevrolet
Chevrolet,Spark,2012,11000,3,gasoline,1.2,82,manual,168500,chevrolet
Chevrolet,Blazer,2020,150000,1,gasoline,3.6,305,automatic,89000,chevrolet
Chevrolet,Traverse,2013,49000,4,gasoline,3.6,281,automatic,109000,chevrolet
Chevrolet,Trax,2014,28000,2,gasoline,1.4,140,automatic,125000,chevrolet
Chevrolet,Cruze,2012,11500,3,gasoline,1.6,124,automatic,170000,chevrolet
Chevrolet,Traverse,2016,75000,3,gasoline,3.6,281,automatic,148000,chevrolet
Chevrolet,Malibu,2010,16500,3,gasoline,3.5,217,automatic,130000,chevrolet
Chevrolet,Spark,2016,42000,2,gasoline,1.4,98,variable,77550,chevrolet
Chevrolet,Equinox,2019,85000,2,gasoline,1.5,170,automatic,66000,chevrolet
Chevrolet,Cruze,2013,15000,2,gasoline,1.6,124,automatic,88000,chevrolet
Chevrolet,Cruze,2010,12000,3,gasoline,1.6,124,automatic,70000,chevrolet
Chevrolet,Savana,2017,58000,2,diesel,2.8,181,automatic,210000,chevrolet
Chevrolet,Sonic,2012,12000,2,gasoline,1.6,116,automatic,80000,chevrolet
Chevrolet,Malibu,2014,27000,3,gasoline,2,259,automatic,210000,chevrolet
Chevrolet,Equinox,2022,152000,1,gasoline,1.5,170,automatic,63000,chevrolet
Chevrolet,Uplander,2009,21000,1,gasoline,3.9,243,automatic,87000,chevrolet
Chevrolet,Spark,2021,66000,1,gasoline,1.4,98,variable,29500,chevrolet
Chevrolet,Spark,2011,8500,3,gasoline,1.2,82,manual,200000,chevrolet
Chevrolet,Malibu,2011,15000,4,gasoline,2.4,169,automatic,125000,chevrolet
Chevrolet,Spark,2011,5500,3,gasoline,1.2,82,manual,225000,chevrolet
Chevrolet,Trax,2015,38000,3,gasoline,1.4,140,automatic,118000,chevrolet
Chevrolet,Spark,2020,64000,1,gasoline,1.4,98,variable,50372,chevrolet
Chevrolet,Trax,2018,75000,2,gasoline,1.4,138,automatic,39000,chevrolet
Chevrolet,Rezzo,2008,10000,2,gasoline,2,121,automatic,140000,chevrolet
Chevrolet,Traverse,2014,57000,1,gasoline,3.6,281,automatic,153000,chevrolet
Chevrolet,Spark,2012,8000,3,gasoline,1.2,82,manual,232518,chevrolet
Chevrolet,Sonic,2013,17000,2,gasoline,1.6,116,automatic,141000,chevrolet
Chevrolet,Malibu,2015,35500,2,gasoline,2,259,automatic,100700,chevrolet
Chevrolet,Spark,2018,50000,2,gasoline,1.4,98,variable,162000,chevrolet
Chevrolet,Malibu,2017,51000,2,gasoline,1.5,160,automatic,129000,chevrolet
Chevrolet,Trax,2018,59000,2,gasoline,1.4,138,automatic,65500,chevrolet
Chevrolet,Traverse,2016,70000,2,gasoline,3.6,281,automatic,113000,chevrolet
Chevrolet,Captiva Sport,2012,21900,4,gasoline,2.4,182,automatic,160000,chevrolet
Chevrolet,Silverado,2008,15000,3,diesel,6.6,365,automatic,300000,chevrolet
Chevrolet,Silverado,2019,100000,2,diesel,6.6,445,automatic,210000,chevrolet
Chevrolet,Traverse,2015,60000,3,gasoline,3.6,281,automatic,120000,chevrolet
Chevrolet,Spark,2019,52000,4,gasoline,1.4,98,variable,43000,chevrolet
Chevrolet,Cruze,2014,20000,1,gasoline,1.4,140,automatic,79000,chevrolet
Chevrolet,Spark,2011,13500,2,gasoline,1.2,82,manual,122000,chevrolet
Chevrolet,Spark,2016,39000,2,gasoline,1.4,98,variable,100000,chevrolet
Chevrolet,Traverse,2015,64000,3,gasoline,3.6,281,automatic,157000,chevrolet
Chevrolet,Spark,2020,65500,2,gasoline,1.4,98,variable,43000,chevrolet
Chevrolet,Spark,2021,63000,2,gasoline,1.4,98,variable,46200,chevrolet
Chevrolet,Malibu,2011,11750,3,gasoline,2.4,169,automatic,120000,chevrolet
Chevrolet,Blazer,2020,176100,2,gasoline,2,230,automatic,79120,chevrolet
Chevrolet,Captiva,2011,16000,4,gasoline,2.4,167,automatic,220000,chevrolet
Chevrolet,Traverse,2012,50000,3,gasoline,3.6,281,automatic,201000,chevrolet
Chevrolet,Spark,2021,70000,1,gasoline,1.4,98,variable,8300,chevrolet
Chevrolet,Spark,2011,10000,3,gasoline,1.2,82,manual,130000,chevrolet
Chevrolet,Impala,2018,110000,1,gasoline,3.6,305,automatic,40000,chevrolet
Chevrolet,Captiva Sport,2015,18900,2,gasoline,2.4,182,automatic,220000,chevrolet
Chevrolet,Spark,2017,27900,3,gasoline,1.4,98,variable,119000,chevrolet
Chevrolet,Trax,2019,42000,1,gasoline,1.4,138,automatic,150000,chevrolet
Chevrolet,Traverse,2021,220000,2,gasoline,3.6,310,automatic,56000,chevrolet
Chevrolet,Spark,2011,10000,3,gasoline,1.2,82,manual,215000,chevrolet
Chevrolet,Spark,2013,9500,1,gasoline,1.2,82,manual,163500,chevrolet
Chevrolet,Cruze,2017,25000,3,gasoline,1.4,153,automatic,170000,chevrolet
Chevrolet,Trax,2016,44000,2,gasoline,1.4,140,automatic,88000,chevrolet
Chevrolet,Trailblazer,2022,112500,1,gasoline,1.3,155,variable,33000,chevrolet
Chevrolet,Impala,2016,67800,3,gasoline,3.6,305,automatic,129000,chevrolet
Chevrolet,Traverse,2021,160000,1,gasoline,3.6,310,automatic,115000,chevrolet
Chevrolet,Aveo,2006,7500,2,gasoline,1.4,94,automatic,134186,chevrolet
Chevrolet,Blazer,2023,230000,1,gasoline,2,231,automatic,26000,chevrolet
Chevrolet,Orlando,2018,50000,3,gasoline,1.4,140,automatic,120000,chevrolet
Chevrolet,Traverse,2014,45000,2,gasoline,3.6,281,automatic,178800,chevrolet
Chevrolet,Spark,2020,49900,2,gasoline,1.4,98,variable,60000,chevrolet
Chevrolet,Sonic,2014,12900,3,gasoline,1.6,116,automatic,188000,chevrolet
Chevrolet,Equinox,2022,98900,1,gasoline,1.5,170,automatic,77000,chevrolet
Chevrolet,Spark,2011,10000,3,gasoline,1.2,82,manual,168000,chevrolet
Chevrolet,Equinox,2020,74900,1,gasoline,1.5,170,automatic,86000,chevrolet
Chevrolet,Camaro,2011,129900,2,gasoline,3.6,312,automatic,170000,chevrolet
Chevrolet,Traverse,2022,225000,1,gasoline,3.6,310,automatic,113000,chevrolet
Chevrolet,Spark,2017,29500,2,gasoline,1.4,98,variable,152000,chevrolet
Chevrolet,Trailblazer,2023,95000,1,gasoline,1.3,155,variable,109000,chevrolet
Chevrolet,Trax,2024,118900,1,gasoline,1.2,139,automatic,18000,chevrolet
Chevrolet,Silverado,2020,134990,1,diesel,6.6,445,automatic,227000,chevrolet
Chevrolet,Equinox,2020,76315,2,gasoline,1.5,170,automatic,87983,chevrolet
Chevrolet,Spark,2021,74905,1,gasoline,1.4,98,variable,39000,chevrolet
Chevrolet,Equinox,2018,44000,1,gasoline,1.5,170,automatic,153000,chevrolet
Chevrolet,Trax,2014,35000,2,gasoline,1.4,140,automatic,162000,chevrolet
Chevrolet,Equinox,2022,125000,1,gasoline,1.5,170,automatic,40000,chevrolet
Chevrolet,Malibu,2014,16000,2,gasoline,2,259,automatic,172000,chevrolet
Chevrolet,Trax,2017,44000,1,gasoline,1.4,138,automatic,22000,chevrolet
Chevrolet,Malibu,2019,72000,3,gasoline,1.5,160,variable,64000,chevrolet
Chevrolet,Malibu,2008,9900,4,gasoline,3.5,217,automatic,233000,chevrolet
Chevrolet,Trailblazer,2022,115000,1,gasoline,1.3,155,variable,38000,chevrolet
Chevrolet,Sonic,2015,23000,2,gasoline,1.4,101,automatic,135900,chevrolet
Chevrolet,Spark,2018,42000,2,gasoline,1.4,98,variable,127000,chevrolet
Chevrolet,Trailblazer,2021,85000,2,gasoline,1.3,155,variable,46500,chevrolet
Chevrolet,Traverse,2016,68500,2,gasoline,3.6,281,automatic,159400,chevrolet
Chevrolet,Malibu,2014,31500,2,gasoline,2,259,automatic,102920,chevrolet
Chevrolet,Spark,2011,10750,3,gasoline,1.2,82,manual,160000,chevrolet
Chevrolet,Orlando,2014,23900,3,gasoline,1.4,140,automatic,222000,chevrolet
Chevrolet,Trax,2014,26000,2,gasoline,1.8,141,automatic,145000,chevrolet
Chevrolet,Uplander,2009,20000,3,gasoline,3.9,243,automatic,164000,chevrolet
Chevrolet,Equinox,2020,117000,1,gasoline,1.5,170,automatic,53800,chevrolet
Chevrolet,Sonic,2012,12000,4,gasoline,1.6,116,automatic,183000,chevrolet
Chevrolet,Aveo,2008,4500,2,gasoline,1.4,94,automatic,188000,chevrolet
Chevrolet,Trailblazer,2005,12000,3,gasoline,4.2,273,automatic,270000,chevrolet
Chevrolet,Malibu,2010,7000,2,gasoline,2.4,169,automatic,212000,chevrolet
Chevrolet,Malibu,2011,18500,4,gasoline,2.4,169,automatic,139000,chevrolet
Chevrolet,Trax,2019,62000,1,gasoline,1.4,138,automatic,45000,chevrolet
Chevrolet,Traverse,2016,60000,3,gasoline,3.6,281,automatic,110000,chevrolet
Chevrolet,Trax,2016,39000,3,gasoline,1.4,140,automatic,91000,chevrolet
Chevrolet,Malibu,2019,60000,2,gasoline,1.5,160,variable,131000,chevrolet
Chevrolet,Sonic,2014,24000,3,gasoline,1.4,138,automatic,152400,chevrolet
Chevrolet,Traverse,2010,30000,4,gasoline,3.6,281,automatic,250000,chevrolet
Chevrolet,Spark,2017,40850,2,gasoline,1.4,98,variable,96000,chevrolet
Chevrolet,Traverse,2011,40000,3,gasoline,3.6,281,automatic,231000,chevrolet
Chevrolet,Cruze,2015,17000,2,gasoline,1.4,140,automatic,180000,chevrolet
Ford,Focus,2012,10900,3,gasoline,1.6,125,robotic,196000,ford
Ford,Focus,2011,12900,3,gasoline,1.6,125,robotic,192000,ford
Ford,Focus,2012,9800,3,gasoline,1.6,125,robotic,175000,ford
Ford,Kuga,2017,45900,2,gasoline,1.5,182,automatic,114000,ford
Ford,Focus,2021,60000,2,gasoline,1.5,182,automatic,174000,ford
Ford,Kuga,2016,29900,2,gasoline,1.5,182,automatic,136000,ford
Ford,Puma,2023,88952,1,gasoline,1,125,robotic,57500,ford
Ford,Kuga,2014,38000,2,gasoline,1.6,182,automatic,99550,ford
Ford,S Max,2013,15300,4,gasoline,2,203,robotic,195600,ford
Ford,Kuga,2016,30000,3,gasoline,1.5,182,automatic,177000,ford
Ford,Focus,2020,40000,2,gasoline,1.5,182,automatic,163000,ford
Ford,Focus,2017,25500,1,gasoline,1.5,150,automatic,98000,ford
Ford,Focus,2009,4500,4,gasoline,1.6,100,automatic,236000,ford
Ford,Kuga,2020,52500,2,gasoline,1.5,175,automatic,129000,ford
Ford,Focus,2014,14900,3,gasoline,1.6,125,robotic,160000,ford
Ford,Explorer,2021,163900,1,gasoline,2.3,300,automatic,78000,ford
Ford,Focus,2012,15000,2,gasoline,1.6,125,robotic,230000,ford
Ford,Focus,2012,10000,3,gasoline,1.6,125,robotic,160000,ford
Ford,Mustang Mach E,2023,209000,1,electro,,,automatic,85000,ford
Ford,Edge,2011,37500,3,gasoline,3.5,285,automatic,232000,ford
Ford,Transit,2017,40000,1,diesel,2,130,manual,550000,ford
Ford,Mustang,2022,244000,1,gasoline,5,460,automatic,34000,ford
Ford,Mondeo,2009,5000,3,gasoline,2.3,161,automatic,256000,ford
Ford,Tourneo Connect,2009,13500,2,diesel,1.8,90,manual,250000,ford
Ford,Focus,2012,13900,3,gasoline,1.6,125,robotic,142600,ford
Ford,Focus,2012,15500,2,gasoline,1.6,125,manual,250000,ford
Ford,Focus,2010,7500,2,gasoline,1.6,100,automatic,285000,ford
Ford,Mondeo,2012,20000,3,gasoline,2,202,robotic,202000,ford
Ford,Focus,2011,12500,3,gasoline,1.6,125,robotic,287000,ford
Ford,Focus,2012,8500,2,gasoline,1.6,125,robotic,179000,ford
Ford,Transit,2017,40000,1,diesel,2,130,manual,550000,ford
Ford,Mustang,2022,244000,1,gasoline,5,460,automatic,34000,ford
Ford,Edge,2012,36990,2,gasoline,3.5,285,automatic,166000,ford
Ford,Focus,2012,10000,3,gasoline,1.6,125,robotic,150000,ford
Ford,Kuga,2019,49990,2,gasoline,1.5,175,automatic,129000,ford
Ford,Focus,2017,9990,3,gasoline,1.5,150,automatic,263000,ford
Ford,Mondeo,2009,5000,3,gasoline,2.3,161,automatic,256000,ford
Ford,Focus,2021,59900,1,gasoline,1.5,182,automatic,123000,ford
Ford,Edge,2016,49900,3,gasoline,3.5,285,automatic,175500,ford
Ford,Tourneo Connect,2009,13500,2,diesel,1.8,90,manual,250000,ford
Ford,Focus,2012,13900,3,gasoline,1.6,125,robotic,142600,ford
Ford,Focus,2012,15500,2,gasoline,1.6,125,manual,250000,ford
Ford,Focus,2010,7500,2,gasoline,1.6,100,automatic,285000,ford
Ford,F 350,2019,84990,3,diesel,6.7,440,automatic,212000,ford
Ford,Mustang,2019,145000,3,gasoline,2.3,310,automatic,138000,ford
Ford,Mondeo,2012,20000,3,gasoline,2,202,robotic,202000,ford
Ford,Mustang,2021,185000,2,gasoline,2.3,310,automatic,95000,ford
Ford,Kuga,2017,46900,2,gasoline,1.5,182,automatic,113000,ford
Ford,Edge,2017,64900,2,gasoline,3.5,285,automatic,167900,ford
Ford,Explorer,2016,64900,2,gasoline,3.5,290,automatic,188000,ford
Ford,Focus,2011,12500,3,gasoline,1.6,125,robotic,287000,ford
Ford,Focus,2012,8500,2,gasoline,1.6,125,robotic,179000,ford
Ford,Focus,2013,10000,4,gasoline,1.6,125,robotic,165500,ford
Ford,Focus,2013,11000,3,gasoline,2,170,robotic,230000,ford
Ford,Focus,2007,4000,2,gasoline,1.6,100,automatic,150000,ford
Ford,Focus,2011,10000,3,gasoline,1.6,125,robotic,340000,ford
Ford,Fiesta,2013,10000,4,gasoline,1.6,105,robotic,195000,ford
Ford,Focus,2011,32000,3,gasoline,1.6,125,robotic,170000,ford
Ford,Mondeo,2011,17000,3,gasoline,2.3,161,automatic,151810,ford
Ford,S Max,2013,25000,3,gasoline,2,203,robotic,230000,ford
Ford,Focus,2011,12500,3,gasoline,1.6,125,robotic,287000,ford
Ford,Focus,2012,8500,2,gasoline,1.6,125,robotic,179000,ford
Ford,Focus,2013,10000,4,gasoline,1.6,125,robotic,165500,ford
Ford,Focus,2013,11000,3,gasoline,2,170,robotic,230000,ford
Ford,Focus,2007,4000,2,gasoline,1.6,100,automatic,150000,ford
Ford,Explorer,2018,109900,3,gasoline,3.5,290,automatic,84500,ford
Ford,Focus,2014,13500,2,gasoline,1.6,125,robotic,237000,ford
Ford,Kuga,2015,34900,4,gasoline,1.5,182,automatic,160000,ford
Ford,Focus,2011,10000,3,gasoline,1.6,125,robotic,340000,ford
Ford,Fiesta,2013,10000,4,gasoline,1.6,105,robotic,195000,ford
Ford,Focus,2011,32000,3,gasoline,1.6,125,robotic,170000,ford
Ford,Mondeo,2011,17000,3,gasoline,2.3,161,automatic,151810,ford
Ford,S Max,2013,25000,3,gasoline,2,203,robotic,230000,ford
Ford,Focus,2012,13000,3,gasoline,1.6,125,robotic,200000,ford
Ford,Focus,2011,10500,3,gasoline,1.6,125,robotic,167000,ford
Ford,Kuga,2018,49000,3,gasoline,1.5,182,automatic,113400,ford
Ford,Focus,2013,15000,3,gasoline,1.6,125,robotic,184000,ford
Ford,Kuga,2019,50000,2,gasoline,1.5,175,automatic,145000,ford
Ford,Kuga,2013,32000,1,gasoline,1.6,182,automatic,202000,ford
Ford,Mondeo,2011,8000,4,gasoline,2.3,161,automatic,230000,ford
Ford,Focus,2012,13000,3,gasoline,2,170,robotic,225000,ford
Ford,Mondeo,2008,7500,4,gasoline,2.3,161,automatic,195000,ford
Ford,Focus,2014,16000,4,gasoline,1.6,125,robotic,194000,ford
Ford,Galaxy,2015,34500,3,gasoline,2,203,robotic,202200,ford
Ford,Mondeo,2010,6000,4,gasoline,2.3,161,automatic,265471,ford
Ford,Focus,2012,14000,3,gasoline,1.6,125,robotic,116000,ford
Ford,Fiesta,2011,7500,4,gasoline,1.4,96,automatic,202000,ford
Ford,Focus,2013,15000,4,gasoline,2,170,robotic,188000,ford
Ford,Edge,2014,30000,1,gasoline,2,240,automatic,220000,ford
Ford,Kuga,2018,57000,2,gasoline,1.5,182,automatic,85000,ford
Ford,Galaxy,2010,13500,2,gasoline,2.3,161,automatic,160000,ford
Ford,Explorer,2015,57000,3,gasoline,3.5,290,automatic,204000,ford
Ford,Focus,2012,13000,3,gasoline,2,170,robotic,225000,ford
Ford,Mondeo,2008,7500,4,gasoline,2.3,161,automatic,195000,ford
Ford,Focus,2014,16000,4,gasoline,1.6,125,robotic,194000,ford
Ford,Galaxy,2015,34500,3,gasoline,2,203,robotic,202200,ford
Ford,Mondeo,2010,6000,4,gasoline,2.3,161,automatic,265471,ford
Ford,Focus,2012,14000,3,gasoline,1.6,125,robotic,116000,ford
Ford,Fiesta,2011,7500,4,gasoline,1.4,96,automatic,202000,ford
Ford,Focus,2013,15000,4,gasoline,2,170,robotic,188000,ford
Ford,Edge,2014,30000,1,gasoline,2,240,automatic,220000,ford
Ford,Kuga,2018,57000,2,gasoline,1.5,182,automatic,85000,ford
Ford,Kuga,2017,55000,2,gasoline,1.5,182,automatic,170000,ford
Ford,Focus,2012,15000,4,gasoline,2,170,robotic,167479,ford
Ford,Focus,2008,6500,2,gasoline,1.6,100,automatic,235000,ford
Ford,Focus,2011,9000,3,gasoline,1.6,125,robotic,188000,ford
Ford,Focus,2013,15555,3,gasoline,1.6,125,robotic,221145,ford
Ford,Focus,2010,8500,2,gasoline,1.6,100,automatic,230000,ford
Ford,Focus,2012,11000,1,gasoline,1.6,125,robotic,180000,ford
Ford,Edge,2013,29800,4,gasoline,3.5,285,automatic,248968,ford
Ford,Kuga,2018,49000,3,gasoline,1.5,182,automatic,113400,ford
Ford,Focus,2013,15000,3,gasoline,1.6,125,robotic,184000,ford
Ford,Kuga,2019,50000,2,gasoline,1.5,175,automatic,145000,ford
Ford,Kuga,2013,32000,1,gasoline,1.6,182,automatic,202000,ford
Ford,Mondeo,2011,8000,4,gasoline,2.3,161,automatic,230000,ford
Ford,S Max,2012,9000,2,gasoline,2,203,robotic,130000,ford
Ford,Focus,2013,12000,4,gasoline,1.6,125,robotic,256000,ford
Ford,Focus,2013,9500,3,gasoline,1.6,125,robotic,230000,ford
Ford,Focus,2016,25000,2,gasoline,1.5,150,automatic,185000,ford
Ford,Focus,2013,17000,2,gasoline,1.6,125,robotic,199000,ford
Ford,S Max,2012,9000,2,gasoline,2,203,robotic,130000,ford
Ford,Focus,2013,12000,4,gasoline,1.6,125,robotic,256000,ford
Ford,Focus,2013,9500,3,gasoline,1.6,125,robotic,230000,ford
Ford,Focus,2016,25000,2,gasoline,1.5,150,automatic,185000,ford
Ford,Focus,2013,17000,2,gasoline,1.6,125,robotic,199000,ford
Ford,Tourneo Connect,2009,15000,2,diesel,1.8,90,manual,334000,ford
Ford,Fiesta,2011,13000,1,gasoline,1.4,96,automatic,180000,ford
Ford,Explorer,2019,169000,3,gasoline,3.5,294,automatic,67000,ford
Ford,Kuga,2020,82750,1,gasoline,1.5,175,automatic,97000,ford
Ford,S Max,2012,15000,4,gasoline,2,203,robotic,205000,ford
Ford,Focus,2012,16200,2,gasoline,1.6,125,robotic,159900,ford
Ford,Mondeo,2008,8000,4,gasoline,2.3,161,automatic,180000,ford
Ford,Focus,2012,13500,2,gasoline,1.6,125,robotic,194000,ford
Ford,Mustang,2009,80000,4,gasoline,4,210,automatic,150000,ford
Ford,Focus,2012,20000,3,gasoline,1.6,125,robotic,139000,ford
Ford,Mustang,2020,205000,3,gasoline,2.3,330,automatic,80000,ford
Ford,Focus,2013,13000,4,gasoline,1.6,125,robotic,200000,ford
Ford,Focus,2013,13500,4,gasoline,1.6,125,robotic,226020,ford
Ford,Fiesta,2012,9500,3,gasoline,1.2,82,manual,165000,ford
Ford,Edge,2016,68100,1,gasoline,2,245,automatic,193000,ford
Ford,Galaxy,2015,34500,3,gasoline,2,203,robotic,202200,ford
Ford,Mondeo,2010,6000,4,gasoline,2.3,161,automatic,265471,ford
Ford,Focus,2012,14000,3,gasoline,1.6,125,robotic,116000,ford
Ford,Fiesta,2011,7500,4,gasoline,1.4,96,automatic,202000,ford
Ford,Focus,2013,15000,4,gasoline,2,170,robotic,188000,ford
Ford,Edge,2014,30000,1,gasoline,2,240,automatic,220000,ford
Ford,Kuga,2018,57000,2,gasoline,1.5,182,automatic,85000,ford
Ford,Kuga,2017,55000,2,gasoline,1.5,182,automatic,170000,ford
Ford,Focus,2012,15000,4,gasoline,2,170,robotic,167479,ford
Ford,Focus,2008,6500,2,gasoline,1.6,100,automatic,235000,ford
Ford,Fiesta,2014,13100,2,gasoline,1.6,105,robotic,230000,ford
Ford,Mustang,2023,340000,1,gasoline,3.7,305,automatic,15000,ford
Ford,Focus,2011,12000,2,gasoline,1.6,100,automatic,130000,ford
Ford,Focus,2007,8200,3,gasoline,1.6,100,automatic,290000,ford
Ford,Explorer,2013,70000,4,gasoline,3.5,290,automatic,190000,ford
Ford,Edge,2017,86000,2,gasoline,2,245,automatic,113000,ford
Ford,Focus,2013,10000,2,gasoline,1.6,125,robotic,225000,ford
Ford,Mustang,2019,175000,3,gasoline,2.3,310,automatic,90000,ford
Ford,Mustang,2018,165000,2,gasoline,2.3,310,automatic,80000,ford
Ford,F 350,2016,70000,1,diesel,6.7,440,automatic,198000,ford
Ford,Focus,2008,11111,3,gasoline,1.6,100,automatic,293000,ford
Ford,Focus,2016,23000,2,gasoline,1.5,150,automatic,212000,ford
Ford,Galaxy,2011,17000,2,gasoline,2.3,161,automatic,159000,ford
Ford,Fiesta,2009,7000,3,gasoline,1.4,96,automatic,190000,ford
Ford,Focus,2006,5800,3,gasoline,1.6,100,automatic,179000,ford
Ford,Focus,2022,93000,1,gasoline,1.5,182,automatic,11500,ford
Ford,Explorer,2012,62000,2,gasoline,3.5,290,automatic,260000,ford
Ford,Mondeo,2011,17500,4,gasoline,2,240,robotic,150200,ford
Ford,Explorer,2014,81000,2,gasoline,3.5,290,automatic,160000,ford
Ford,Focus,2017,32000,2,gasoline,1.5,150,automatic,142000,ford
Ford,Focus,2011,9000,3,gasoline,1.6,125,robotic,188000,ford
Ford,Focus,2013,15555,3,gasoline,1.6,125,robotic,221145,ford
Ford,Focus,2010,8500,2,gasoline,1.6,100,automatic,230000,ford
Ford,Focus,2012,11000,1,gasoline,1.6,125,robotic,180000,ford
Ford,Edge,2013,29800,4,gasoline,3.5,285,automatic,248968,ford
Ford,S Max,2012,9000,2,gasoline,2,203,robotic,130000,ford
Ford,Focus,2013,12000,4,gasoline,1.6,125,robotic,256000,ford
Ford,Focus,2013,9500,3,gasoline,1.6,125,robotic,230000,ford
Ford,Focus,2016,25000,2,gasoline,1.5,150,automatic,185000,ford
Ford,Focus,2013,17000,2,gasoline,1.6,125,robotic,199000,ford
Ford,Kuga,2013,28000,3,gasoline,1.5,182,automatic,133000,ford
Ford,Focus,2007,5000,3,gasoline,1.6,100,automatic,214000,ford
Ford,Focus,2013,10000,2,gasoline,1.6,125,robotic,185000,ford
Ford,Focus,2013,11000,2,gasoline,1.6,125,robotic,230000,ford
Ford,Focus,2008,7000,3,gasoline,1.6,100,automatic,290000,ford
Ford,F 350,2018,100000,2,diesel,6.7,440,automatic,300000,ford
Ford,Focus,2012,15000,3,gasoline,1.6,125,robotic,145000,ford
Ford,Focus,2008,8300,4,gasoline,1.6,100,automatic,162000,ford
Ford,S Max,2011,17000,2,gasoline,2.3,161,automatic,256000,ford
Ford,Focus,2014,13000,3,gasoline,1.6,125,robotic,186000,ford
Ford,Edge,2016,90000,1,gasoline,3.5,285,automatic,125000,ford
Ford,Focus,2012,7000,3,gasoline,1.6,125,robotic,223000,ford
Ford,Kuga,2018,60000,2,gasoline,1.5,182,automatic,127000,ford
Ford,Focus,2008,5900,3,gasoline,1.6,100,automatic,280000,ford
Ford,Fiesta,2014,18000,1,gasoline,1.6,105,robotic,185000,ford
Ford,Edge,2017,97000,1,gasoline,2,245,automatic,54000,ford
Ford,Focus,2012,11500,3,gasoline,1.6,125,robotic,220000,ford
Ford,Galaxy,2014,18500,2,gasoline,2,203,robotic,261000,ford
Ford,F 250,2020,160000,2,diesel,,,automatic,135000,ford
Ford,Focus,2008,8500,2,gasoline,1.6,100,automatic,225000,ford
Ford,Tourneo Connect,2009,15000,2,diesel,1.8,90,manual,334000,ford
Ford,Fiesta,2011,13000,1,gasoline,1.4,96,automatic,180000,ford
Ford,Explorer,2019,169000,3,gasoline,3.5,294,automatic,67000,ford
Ford,Kuga,2020,82750,1,gasoline,1.5,175,automatic,97000,ford
Ford,S Max,2012,15000,4,gasoline,2,203,robotic,205000,ford
Ford,Focus,2012,16200,2,gasoline,1.6,125,robotic,159900,ford
Ford,Mondeo,2008,8000,4,gasoline,2.3,161,automatic,180000,ford
Ford,Focus,2012,13500,2,gasoline,1.6,125,robotic,194000,ford
Ford,Mustang,2009,80000,4,gasoline,4,210,automatic,150000,ford
Ford,Focus,2012,20000,3,gasoline,1.6,125,robotic,139000,ford
Ford,Kuga,2017,45000,2,gasoline,1.5,182,automatic,177000,ford
Ford,Focus,2011,10000,2,gasoline,1.6,125,robotic,189964,ford
Ford,Mondeo,2013,15900,3,gasoline,2,200,robotic,203900,ford
Ford,Edge,2011,45000,2,gasoline,3.5,285,automatic,160000,ford
Ford,Focus,2009,8500,1,gasoline,1.6,100,automatic,190000,ford
Ford,S Max,2014,23100,4,gasoline,2,203,robotic,228000,ford
Ford,Focus,2008,9500,3,gasoline,1.6,100,automatic,195000,ford
Ford,Focus,2016,32000,3,gasoline,1.5,150,automatic,180000,ford
Ford,F 350,2017,100000,1,diesel,6.7,440,automatic,230000,ford
Ford,Edge,2018,120000,2,gasoline,3.5,285,automatic,107000,ford
Ford,Edge,2019,120000,1,gasoline,2,245,automatic,100000,ford
Ford,Mustang,2022,265000,1,gasoline,2.3,310,automatic,7000,ford
Ford,Edge,2017,99000,2,gasoline,3.5,285,automatic,93124,ford
Ford,Kuga,2017,43000,3,gasoline,1.5,182,automatic,186000,ford
Ford,Mondeo,2008,6000,4,gasoline,2.3,161,automatic,150000,ford
Ford,Kuga,2018,51000,2,gasoline,1.5,182,automatic,152000,ford
Ford,Focus,2012,17000,1,gasoline,2,170,robotic,176000,ford
Ford,Focus,2014,11000,3,gasoline,1.6,125,robotic,237000,ford
Ford,Focus,2006,7000,3,gasoline,1.6,100,automatic,197100,ford
Ford,Fiesta,2013,14970,3,gasoline,1.6,105,robotic,185000,ford
Ford,Mustang,2020,205000,3,gasoline,2.3,330,automatic,80000,ford
Ford,Focus,2013,13000,4,gasoline,1.6,125,robotic,200000,ford
Ford,Focus,2013,13500,4,gasoline,1.6,125,robotic,226020,ford
Ford,Fiesta,2012,9500,3,gasoline,1.2,82,manual,165000,ford
Ford,Edge,2016,68100,1,gasoline,2,245,automatic,193000,ford
Ford,Fiesta,2014,13100,2,gasoline,1.6,105,robotic,230000,ford
Ford,Mustang,2023,340000,1,gasoline,3.7,305,automatic,15000,ford
Ford,Focus,2011,12000,2,gasoline,1.6,100,automatic,130000,ford
Ford,Focus,2007,8200,3,gasoline,1.6,100,automatic,290000,ford
Ford,Explorer,2013,70000,4,gasoline,3.5,290,automatic,190000,ford
Ford,Mondeo,2010,11000,3,gasoline,2.3,161,automatic,240000,ford
Ford,Fiesta,2009,10500,3,gasoline,1.4,96,automatic,182000,ford
Ford,Focus,2011,16000,3,gasoline,1.6,125,robotic,180000,ford
Ford,Focus,2012,14000,3,gasoline,1.6,125,robotic,199000,ford
Ford,Focus,2013,17200,2,gasoline,2,170,robotic,159000,ford
Ford,Explorer,2017,120000,1,gasoline,3.5,290,automatic,179269,ford
Ford,Explorer,2016,105000,2,gasoline,3.5,290,automatic,119000,ford
Ford,Focus,2016,35500,2,gasoline,1.5,150,automatic,170000,ford
Ford,Kuga,2019,72500,1,gasoline,1.5,175,automatic,60000,ford
Ford,Galaxy,2009,5000,3,gasoline,2.3,161,automatic,243000,ford
Ford,Focus,2016,19500,2,gasoline,1.5,150,automatic,240000,ford
Ford,Mustang,2016,159900,1,gasoline,2.3,309,manual,99000,ford
Ford,Fiesta,2010,11000,3,gasoline,1.4,96,automatic,166000,ford
Ford,Explorer,2016,79900,3,gasoline,3.5,290,automatic,130000,ford
Ford,Fiesta,2013,22000,1,gasoline,1.6,105,robotic,140000,ford
Ford,Focus,2013,4000,3,gasoline,1.6,125,robotic,340000,ford
Ford,Focus,2006,4000,3,gasoline,1.6,100,automatic,210000,ford
Ford,Focus,2003,20000,2,gasoline,1.6,102,automatic,200000,ford
Ford,Focus,2013,11500,4,gasoline,1.6,125,robotic,251000,ford
Ford,Focus,2013,7000,3,gasoline,1.6,125,robotic,148000,ford
Ford,Edge,2017,86000,2,gasoline,2,245,automatic,113000,ford
Ford,Focus,2013,10000,2,gasoline,1.6,125,robotic,225000,ford
Ford,Mustang,2019,175000,3,gasoline,2.3,310,automatic,90000,ford
Ford,Mustang,2018,165000,2,gasoline,2.3,310,automatic,80000,ford
Ford,F 350,2016,70000,1,diesel,6.7,440,automatic,198000,ford
Ford,Focus,2008,11111,3,gasoline,1.6,100,automatic,293000,ford
Ford,Focus,2016,23000,2,gasoline,1.5,150,automatic,212000,ford
Ford,Galaxy,2011,17000,2,gasoline,2.3,161,automatic,159000,ford
Ford,Fiesta,2009,7000,3,gasoline,1.4,96,automatic,190000,ford
Ford,Focus,2006,5800,3,gasoline,1.6,100,automatic,179000,ford
Ford,Focus,2010,7500,2,gasoline,1.6,100,automatic,330000,ford
Ford,Edge,2009,27000,2,gasoline,3.5,265,automatic,70000,ford
Ford,Focus,2008,8000,1,gasoline,1.6,100,automatic,153000,ford
Ford,Focus,2013,19000,3,gasoline,1.6,125,robotic,207000,ford
Ford,Puma,2021,82800,1,gasoline,1,125,robotic,42000,ford
Ford,Focus,2022,93000,1,gasoline,1.5,182,automatic,11500,ford
Ford,Explorer,2012,62000,2,gasoline,3.5,290,automatic,260000,ford
Ford,Mondeo,2011,17500,4,gasoline,2,240,robotic,150200,ford
Ford,Explorer,2014,81000,2,gasoline,3.5,290,automatic,160000,ford
Ford,Focus,2017,32000,2,gasoline,1.5,150,automatic,142000,ford
Ford,Kuga,2013,28000,3,gasoline,1.5,182,automatic,133000,ford
Ford,Focus,2007,5000,3,gasoline,1.6,100,automatic,214000,ford
Ford,Focus,2013,10000,2,gasoline,1.6,125,robotic,185000,ford
Ford,Focus,2013,11000,2,gasoline,1.6,125,robotic,230000,ford
Ford,Focus,2008,7000,3,gasoline,1.6,100,automatic,290000,ford
Honda,Civic,2007,11900,3,gasoline,1.8,140,automatic,267000,honda
Honda,Jazz,2017,38800,2,gasoline,1.3,102,variable,135000,honda
Honda,Hr V,2018,64900,2,gasoline,1.5,130,variable,81000,honda
Honda,Civic,2018,48800,2,gasoline,1,129,variable,107000,honda
Honda,Civic,2014,27900,2,gasoline,1.8,142,automatic,167000,honda
Honda,Cr V,2020,103635,1,gasoline,1.5,190,variable,34835,honda
Honda,Civic,2020,90000,2,gasoline,1.5,182,variable,70000,honda
Honda,Civic,2009,15000,4,gasoline,1.8,140,automatic,224000,honda
Honda,City,2022,66900,1,gasoline,1.5,121,variable,109000,honda
Honda,Civic,2010,21900,3,gasoline,1.8,140,automatic,191000,honda
Honda,Civic,2007,9500,3,gasoline,1.8,140,automatic,295000,honda
Honda,Cr V,2009,32000,4,gasoline,2,150,automatic,270000,honda
Honda,Civic,2007,9000,4,gasoline,1.8,140,automatic,296000,honda
Honda,Civic,2018,50000,2,gasoline,1,129,variable,130000,honda
Honda,Civic,2011,25200,2,gasoline,1.8,140,automatic,130000,honda
Honda,Crosstour,2011,82000,3,gasoline,3.5,271,automatic,110000,honda
Honda,Civic,2010,16000,4,gasoline,1.8,140,automatic,220000,honda
Honda,Civic,2007,8000,1,gasoline,1.8,140,automatic,290000,honda
Honda,Civic,2007,21000,3,hybrid,1.3,95,variable,161300,honda
Honda,Civic,2009,20500,4,gasoline,1.8,140,automatic,180000,honda
Honda,Accord,2005,10000,2,gasoline,2,155,automatic,170000,honda
Honda,Accord,2003,12000,4,gasoline,2,155,automatic,190000,honda
Honda,Civic,2014,25500,4,gasoline,1.8,142,automatic,196000,honda
Honda,Civic,2020,58000,2,gasoline,1.5,182,variable,159000,honda
Honda,Accord,2015,45000,2,gasoline,2,156,automatic,197000,honda
Honda,Civic,2010,15600,4,gasoline,1.8,140,automatic,225000,honda
Honda,Cr V,2020,83000,2,gasoline,1.5,190,variable,160000,honda
Honda,Cr V,2013,35000,3,gasoline,2,155,automatic,187000,honda
Honda,Jazz,2018,37000,2,gasoline,1.3,102,variable,236000,honda
Honda,Civic,2008,7000,4,gasoline,1.8,140,automatic,260000,honda
Honda,Accord,2005,10000,2,gasoline,2,155,automatic,170000,honda
Honda,Accord,2003,12000,4,gasoline,2,155,automatic,190000,honda
Honda,Jazz Crosstar,2026,149990,,hybrid,1.5,122,automatic,10,honda
Honda,Civic,2014,25500,4,gasoline,1.8,142,automatic,196000,honda
Honda,Civic,2020,58000,2,gasoline,1.5,182,variable,159000,honda
Honda,Accord,2015,45000,2,gasoline,2,156,automatic,197000,honda
Honda,Civic,2010,15600,4,gasoline,1.8,140,automatic,225000,honda
Honda,Cr V,2020,83000,2,gasoline,1.5,190,variable,160000,honda
Honda,Cr V,2013,35000,3,gasoline,2,155,automatic,187000,honda
Honda,Jazz,2018,37000,2,gasoline,1.3,102,variable,236000,honda
Honda,Civic,2008,7000,4,gasoline,1.8,140,automatic,260000,honda
Honda,Cr V,2006,19999,3,gasoline,2,150,automatic,250000,honda
Honda,Civic,2021,92000,2,gasoline,1.5,182,variable,56000,honda
Honda,Civic,2019,57000,3,gasoline,1.6,125,variable,157000,honda
Honda,Civic,2019,78000,1,gasoline,1.5,182,variable,82500,honda
Honda,Fr V,2008,12000,3,gasoline,1.8,140,automatic,342000,honda
Honda,Jazz,2020,69000,1,hybrid,1.5,98,automatic,130000,honda
Honda,Civic,2008,24500,2,gasoline,1.8,140,automatic,101060,honda
Honda,Civic,2007,18500,4,gasoline,1.8,140,automatic,180000,honda
Honda,Civic,2018,65000,1,gasoline,1.5,182,variable,140000,honda
Honda,Civic,2009,20500,4,gasoline,1.8,140,automatic,180000,honda
Honda,Civic,2019,65000,1,gasoline,1,129,variable,46600,honda
Honda,Civic,2011,17000,4,gasoline,1.8,140,automatic,207000,honda
Honda,Civic,2012,14000,2,gasoline,1.8,142,automatic,280000,honda
Honda,Accord,2008,26000,2,gasoline,2.4,190,automatic,250000,honda
Honda,Civic,2019,81000,1,gasoline,1.5,182,variable,109000,honda
Honda,Accord,2008,25000,3,gasoline,2,155,automatic,270000,honda
Honda,Civic,2006,19000,3,gasoline,1.8,140,automatic,249000,honda
Honda,Civic,2009,15500,4,hybrid,1.3,95,variable,213000,honda
Honda,Accord,2007,6500,4,gasoline,2,155,automatic,280000,honda
Honda,Civic,2019,65000,1,gasoline,1,129,variable,46600,honda
Honda,Civic,2011,17000,4,gasoline,1.8,140,automatic,207000,honda
Honda,Civic,2012,14000,2,gasoline,1.8,142,automatic,280000,honda
Honda,Accord,2008,26000,2,gasoline,2.4,190,automatic,250000,honda
Honda,Civic,2019,81000,1,gasoline,1.5,182,variable,109000,honda
Honda,Accord,2008,25000,3,gasoline,2,155,automatic,270000,honda
Honda,Civic,2006,19000,3,gasoline,1.8,140,automatic,249000,honda
Honda,Civic,2009,15500,4,hybrid,1.3,95,variable,213000,honda
Honda,Accord,2007,6500,4,gasoline,2,155,automatic,280000,honda
Honda,Civic,2006,12000,3,gasoline,1.8,140,automatic,220000,honda
Honda,Civic,2006,10500,2,gasoline,1.8,140,automatic,281000,honda
Honda,Fr V,2007,14500,3,gasoline,1.8,140,automatic,267000,honda
Honda,Insight,2011,15000,2,hybrid,1.3,88,variable,200000,honda
Honda,Legend,2009,28000,3,gasoline,3.7,295,automatic,201000,honda
Honda,Accord,2000,10000,1,gasoline,2,150,automatic,300000,honda
Honda,Civic,2010,20000,3,gasoline,1.8,140,automatic,206000,honda
Honda,Jazz,2005,15000,3,gasoline,1.3,83,variable,204300,honda
Honda,Jazz,2009,32000,3,gasoline,1.3,100,manual,165000,honda
Honda,Civic,2010,17000,2,gasoline,1.8,140,automatic,218500,honda
Honda,Civic,2008,15000,1,gasoline,1.8,140,automatic,240000,honda
Honda,Civic,2008,7000,4,gasoline,1.8,140,automatic,260000,honda
Honda,Civic,2019,57000,3,gasoline,1.6,125,variable,157000,honda
Honda,Civic,2019,78000,1,gasoline,1.5,182,variable,82500,honda
Honda,Fr V,2008,12000,3,gasoline,1.8,140,automatic,342000,honda
Honda,Jazz,2020,69000,1,hybrid,1.5,98,automatic,130000,honda
Honda,Civic,2008,24500,2,gasoline,1.8,140,automatic,101060,honda
Honda,Civic,2007,18500,4,gasoline,1.8,140,automatic,180000,honda
Honda,Civic,2018,65000,1,gasoline,1.5,182,variable,140000,honda
Honda,Civic,2010,16999,4,gasoline,1.8,140,automatic,243500,honda
Honda,Cr V,2020,123000,1,gasoline,1.5,190,variable,50000,honda
Honda,Civic,2010,16999,4,gasoline,1.8,140,automatic,243500,honda
Honda,Cr V,2020,123000,1,gasoline,1.5,190,variable,50000,honda
Honda,Cr V,2003,18000,4,gasoline,2,150,automatic,220000,honda
Honda,Civic,2010,17000,3,gasoline,1.8,140,automatic,189000,honda
Honda,Civic,2018,72000,1,gasoline,1.5,182,variable,150000,honda
Honda,Accord,2009,20000,1,diesel,2.2,150,automatic,275432,honda
Honda,Civic,2014,30000,2,gasoline,1.8,142,automatic,143870,honda
Honda,Civic,2017,44000,3,gasoline,1.8,142,automatic,150000,honda
Honda,Fr V,2008,17000,3,gasoline,1.8,140,automatic,222000,honda
Honda,Civic,2015,35000,1,gasoline,1.8,142,automatic,180000,honda
Honda,Civic,2007,15000,4,gasoline,1.8,140,automatic,261000,honda
Honda,Civic,2008,9000,2,hybrid,1.3,95,variable,452000,honda
Honda,Civic,2012,21500,2,gasoline,1.8,142,automatic,223000,honda
Honda,Accord,2020,100000,2,hybrid,2,212,variable,160000,honda
Honda,Civic,2019,58000,2,gasoline,1,129,variable,82000,honda
Honda,Civic,2005,5900,4,gasoline,1.6,110,automatic,270000,honda
Honda,Civic,2009,16000,4,hybrid,1.3,95,variable,216000,honda
Honda,Accord,2010,55000,2,gasoline,3.5,271,automatic,113000,honda
Honda,Civic,2016,37700,1,gasoline,1.8,142,automatic,186000,honda
Honda,Civic,2006,11500,3,gasoline,1.8,140,automatic,220000,honda
Honda,Civic,2012,14000,2,gasoline,1.8,142,automatic,280000,honda
Honda,Accord,2008,26000,2,gasoline,2.4,190,automatic,250000,honda
Honda,Civic,2019,81000,1,gasoline,1.5,182,variable,109000,honda
Honda,Accord,2008,25000,3,gasoline,2,155,automatic,270000,honda
Honda,Civic,2006,19000,3,gasoline,1.8,140,automatic,249000,honda
Honda,Civic,2009,15500,4,hybrid,1.3,95,variable,213000,honda
Honda,Accord,2007,6500,4,gasoline,2,155,automatic,280000,honda
Honda,Civic,2006,12000,3,gasoline,1.8,140,automatic,220000,honda
Honda,Civic,2006,10500,2,gasoline,1.8,140,automatic,281000,honda
Honda,Fr V,2007,14500,3,gasoline,1.8,140,automatic,267000,honda
Honda,Civic,2008,10000,3,gasoline,1.8,140,automatic,300000,honda
Honda,Civic,2011,25000,2,gasoline,1.8,140,automatic,185000,honda
Honda,Cr V,2013,47500,2,gasoline,2,155,automatic,150000,honda
Honda,Civic,2012,27000,4,gasoline,1.8,142,automatic,188000,honda
Honda,Civic,2016,52900,3,gasoline,1.8,142,automatic,94000,honda
Honda,Cr V,2016,70000,1,gasoline,2,155,manual,165000,honda
Honda,Odyssey Usa,2008,45000,2,gasoline,3.5,240,automatic,200000,honda
Honda,Civic,2010,16000,4,gasoline,1.8,140,automatic,243500,honda
Honda,Jazz,2018,55000,1,gasoline,1.3,102,variable,123500,honda
Honda,Civic,2014,33000,4,gasoline,1.8,142,automatic,154000,honda
Honda,Civic,2008,15000,3,gasoline,1.8,140,automatic,261123,honda
Honda,Civic,2010,15500,4,gasoline,1.8,140,automatic,287000,honda
Honda,Civic,2015,27000,4,gasoline,1.8,142,automatic,192000,honda
Honda,Civic,2007,11000,3,gasoline,1.8,140,automatic,254000,honda
Honda,Civic,2012,27000,2,gasoline,1.8,142,automatic,163920,honda
Honda,Civic,2010,20500,3,gasoline,1.8,140,automatic,220000,honda
Honda,Jazz,2017,41000,2,gasoline,1.3,102,variable,156000,honda
Honda,Civic,2003,7000,2,gasoline,1.6,110,automatic,149100,honda
Honda,Jazz,2014,27000,1,hybrid,1.3,88,variable,256000,honda
Honda,Jazz,2012,25000,3,hybrid,1.3,88,variable,253000,honda
Honda,Insight,2011,15000,2,hybrid,1.3,88,variable,200000,honda
Honda,Legend,2009,28000,3,gasoline,3.7,295,automatic,201000,honda
Honda,Accord,2000,10000,1,gasoline,2,150,automatic,300000,honda
Honda,Civic,2010,20000,3,gasoline,1.8,140,automatic,206000,honda
Honda,Jazz,2005,15000,3,gasoline,1.3,83,variable,204300,honda
Honda,Jazz,2009,32000,3,gasoline,1.3,100,manual,165000,honda
Honda,Civic,2010,17000,2,gasoline,1.8,140,automatic,218500,honda
Honda,Civic,2008,15000,1,gasoline,1.8,140,automatic,240000,honda
Honda,Civic,2010,16999,4,gasoline,1.8,140,automatic,243500,honda
Honda,Cr V,2020,123000,1,gasoline,1.5,190,variable,50000,honda
Honda,Civic,2007,12300,4,gasoline,1.8,140,automatic,262000,honda
Honda,Civic,2007,12000,3,gasoline,1.8,140,automatic,280000,honda
Honda,Accord,2021,168000,1,hybrid,2,212,variable,173000,honda
Honda,Civic,2011,21000,4,gasoline,1.8,140,automatic,217000,honda
Honda,Jazz,2015,50000,2,hybrid,1.3,88,variable,82000,honda
Honda,Jazz,2005,10400,2,gasoline,1.3,83,variable,197000,honda
Honda,Civic,2002,4000,4,gasoline,1.6,110,automatic,274000,honda
Honda,Insight,2014,36000,3,hybrid,1.3,88,variable,288325,honda
Honda,Civic,2007,8000,3,gasoline,1.8,140,automatic,320000,honda
Honda,Civic,2017,38200,2,gasoline,1.8,142,automatic,183000,honda
Honda,Insight,2014,30000,4,hybrid,1.3,88,variable,263000,honda
Honda,Cr V,2016,65000,3,gasoline,2,155,automatic,123000,honda
Honda,Cr V,2018,82000,1,gasoline,2,155,automatic,121000,honda
Honda,Civic,2006,14000,4,gasoline,1.8,140,automatic,280000,honda
Honda,Jazz,2017,53000,3,gasoline,1.3,102,variable,82000,honda
Honda,Cr V,2016,65000,4,gasoline,2,155,automatic,168700,honda
Honda,Civic,2007,12000,3,hybrid,1.3,95,variable,300000,honda
Honda,Civic,2008,15000,4,gasoline,1.8,140,automatic,269000,honda
Honda,Cr V,2016,70000,2,gasoline,2,155,automatic,133000,honda
Honda,Civic,2006,13000,3,gasoline,1.8,140,automatic,230000,honda
Honda,Cr V,2003,18000,4,gasoline,2,150,automatic,220000,honda
Honda,Civic,2010,17000,3,gasoline,1.8,140,automatic,189000,honda
Honda,Civic,2018,72000,1,gasoline,1.5,182,variable,150000,honda
Honda,Accord,2009,20000,1,diesel,2.2,150,automatic,275432,honda
Honda,Civic,2014,30000,2,gasoline,1.8,142,automatic,143870,honda
Honda,Civic,2017,44000,3,gasoline,1.8,142,automatic,150000,honda
Honda,Fr V,2008,17000,3,gasoline,1.8,140,automatic,222000,honda
Honda,Civic,2015,35000,1,gasoline,1.8,142,automatic,180000,honda
Honda,Civic,2007,15000,4,gasoline,1.8,140,automatic,261000,honda
Honda,Civic,2008,9000,2,hybrid,1.3,95,variable,,honda
Hyundai,I30,2017,38500,1,gasoline,1.4,100,manual,82000,hyundai
Hyundai,Tucson,2022,110000,2,gasoline,1.6,180,robotic,68000,hyundai
Hyundai,I30,2013,25800,3,gasoline,1.6,135,automatic,173000,hyundai
Hyundai,Tucson,2017,69900,1,gasoline,2,155,robotic,147000,hyundai
Hyundai,Tucson,2016,59000,3,gasoline,2,155,robotic,140000,hyundai
Hyundai,I10,2020,50800,2,gasoline,1.2,84,robotic,123000,hyundai
Hyundai,Tucson,2019,73900,2,gasoline,2,155,automatic,139000,hyundai
Hyundai,I10,2022,59900,1,gasoline,1.2,84,robotic,49000,hyundai
Hyundai,Accent,2021,61900,1,gasoline,1.4,100,automatic,135000,hyundai
Hyundai,I10,2014,23900,2,gasoline,1,67,automatic,162000,hyundai
Hyundai,Tucson,2019,71800,3,gasoline,2,155,automatic,165000,hyundai
Hyundai,Tucson,2016,59900,2,gasoline,2,155,robotic,142000,hyundai
Hyundai,I20,2012,20800,2,gasoline,1.4,100,automatic,173000,hyundai
Hyundai,I20,2014,26500,2,gasoline,1.4,100,automatic,142000,hyundai
Hyundai,Accent,2022,62800,1,gasoline,1.6,123,automatic,120000,hyundai
Hyundai,I10,2018,39800,2,gasoline,1.2,87,automatic,97934,hyundai
Hyundai,Elantra,2024,134900,1,hybrid,1.6,139,robotic,70000,hyundai
Hyundai,Accent,2008,15500,4,gasoline,1.4,97,automatic,210000,hyundai
Hyundai,Tucson,2008,17999,4,gasoline,2.7,175,automatic,175000,hyundai
Hyundai,I20,2023,82999,1,gasoline,1,100,robotic,85000,hyundai
Hyundai,Tucson,2019,92000,3,gasoline,2,155,automatic,52000,hyundai
Hyundai,I30,2012,10000,2,gasoline,1.6,126,automatic,200000,hyundai
Hyundai,Ix35,2015,40000,4,gasoline,2,154,automatic,135000,hyundai
Hyundai,Accent,2021,60000,1,gasoline,1.6,123,automatic,64000,hyundai
Hyundai,Santa Fe,2007,25000,3,gasoline,2.7,189,automatic,170000,hyundai
Hyundai,Veloster,2013,22500,4,gasoline,1.6,140,robotic,129100,hyundai
Hyundai,Bayon,2023,115000,1,gasoline,1,120,robotic,30000,hyundai
Hyundai,Bayon,2022,88500,2,gasoline,1,100,robotic,49450,hyundai
Hyundai,Tucson,2017,72000,1,gasoline,2,155,robotic,68000,hyundai
Hyundai,I25,2015,26500,3,gasoline,1.6,124,automatic,180000,hyundai
Hyundai,I20,2022,74900,1,gasoline,1,100,robotic,85000,hyundai
Hyundai,I20,2020,65900,2,gasoline,1,100,robotic,75000,hyundai
Hyundai,I35,2012,25800,3,gasoline,1.6,132,automatic,166000,hyundai
Hyundai,I20,2012,22800,3,gasoline,1.4,100,automatic,143000,hyundai
Hyundai,I35,2015,38800,2,gasoline,1.6,132,automatic,117000,hyundai
Hyundai,I10,2023,69900,1,gasoline,1.2,84,robotic,30000,hyundai
Hyundai,Tucson,2018,82000,1,gasoline,1.6,177,robotic,75000,hyundai
Hyundai,I35,2015,44900,2,gasoline,1.6,132,automatic,113000,hyundai
Hyundai,Accent,2020,55900,3,gasoline,1.4,123,automatic,109000,hyundai
Hyundai,I10,2020,55800,2,gasoline,1.2,84,robotic,59000,hyundai
Hyundai,I10,2019,42900,2,gasoline,1.2,84,robotic,88000,hyundai
Hyundai,Ioniq,2021,85800,2,hybrid,1.6,141,robotic,108000,hyundai
Hyundai,Accent,2023,79000,1,gasoline,1.6,123,automatic,54000,hyundai
Hyundai,I10,2019,46900,2,gasoline,1.2,84,robotic,50000,hyundai
Hyundai,I35,2013,36900,3,gasoline,1.6,132,automatic,128000,hyundai
Hyundai,Elantra,2022,123900,1,hybrid,1.6,139,robotic,30000,hyundai
Hyundai,I20,2011,22800,2,gasoline,1.4,100,automatic,143000,hyundai
Hyundai,Tucson,2019,79000,1,gasoline,1.6,177,robotic,200000,hyundai
Hyundai,I20,2019,55900,1,gasoline,1,100,robotic,44000,hyundai
Hyundai,Ioniq,2021,94900,2,hybrid,1.6,141,robotic,97000,hyundai
Hyundai,I20,2016,47000,3,gasoline,1.4,100,automatic,69000,hyundai
Hyundai,Sonata,2023,160000,1,hybrid,2,192,automatic,48800,hyundai
Hyundai,Ioniq,2018,65000,2,hybrid,1.6,141,robotic,169000,hyundai
Hyundai,I20,2012,13500,3,gasoline,1.2,85,manual,195300,hyundai
Hyundai,I20,2019,51000,3,gasoline,1,100,robotic,144500,hyundai
Hyundai,Ix35,2011,33500,2,gasoline,2.4,177,automatic,179000,hyundai
Hyundai,Accent,2007,10000,3,gasoline,1.6,112,automatic,103000,hyundai
Hyundai,I10,2015,17000,2,gasoline,1,67,manual,180000,hyundai
Hyundai,I30,2013,16500,3,gasoline,1.6,135,automatic,220000,hyundai
Hyundai,I30,2009,14000,3,gasoline,1.6,126,automatic,203419,hyundai
Hyundai,Sonata,2018,49500,3,hybrid,2,193,automatic,195000,hyundai
Hyundai,Elantra,2023,109000,1,hybrid,1.6,139,robotic,125000,hyundai
Hyundai,I25,2018,35800,2,gasoline,1.4,100,automatic,175025,hyundai
Hyundai,I20,2013,26800,3,gasoline,1.4,100,automatic,175000,hyundai
Hyundai,I20,2011,15800,4,gasoline,1.4,100,automatic,173000,hyundai
Hyundai,I20,2023,84900,1,gasoline,1,100,robotic,45000,hyundai
Hyundai,Tucson,2020,99900,1,gasoline,1.6,177,robotic,98000,hyundai
Hyundai,Venue,2025,99000,1,gasoline,1.6,123,variable,21000,hyundai
Hyundai,Kona,2024,144900,1,hybrid,1.6,139,robotic,17000,hyundai
Hyundai,Accent,2011,11800,3,gasoline,1.4,97,automatic,236000,hyundai
Hyundai,I10,2015,27800,4,gasoline,1,67,automatic,116000,hyundai
Hyundai,Tucson,2019,92000,3,gasoline,2,155,automatic,52000,hyundai
Hyundai,Venue,2024,117065,2,gasoline,1.6,123,variable,8076,hyundai
Hyundai,Tucson,2023,148690,2,gasoline,1.6,180,robotic,58579,hyundai
Hyundai,Tucson,2023,151135,1,gasoline,1.6,180,robotic,35552,hyundai
Hyundai,Tucson,2023,144995,2,gasoline,1.6,180,robotic,46888,hyundai
Hyundai,Tucson,2023,122740,1,gasoline,1.6,180,robotic,100000,hyundai
Hyundai,Tucson,2022,110330,2,gasoline,1.6,180,robotic,97333,hyundai
Hyundai,Tucson,2022,111704,2,gasoline,2,156,automatic,89500,hyundai
Hyundai,Tucson,2022,140485,2,gasoline,1.6,180,robotic,36952,hyundai
Hyundai,I20,2010,11000,3,gasoline,1.4,100,automatic,222000,hyundai
Hyundai,Elantra,2007,11000,4,gasoline,2,143,automatic,178597,hyundai
Hyundai,Tucson,2022,99000,3,gasoline,2,156,automatic,93000,hyundai
Hyundai,Elantra,2024,130000,1,hybrid,1.6,139,robotic,37000,hyundai
Hyundai,I20,2020,57500,2,gasoline,1,100,robotic,127000,hyundai
Hyundai,I20,2016,50000,2,gasoline,1.4,100,automatic,107000,hyundai
Hyundai,I10,2021,58000,2,gasoline,1.2,84,robotic,90000,hyundai
Hyundai,Ioniq,2018,56000,2,hybrid,1.6,141,robotic,178000,hyundai
Hyundai,I30,2015,23000,2,gasoline,1.6,135,automatic,196000,hyundai
Hyundai,Sonata,2021,101000,3,hybrid,2,192,automatic,118700,hyundai
Hyundai,Tucson,2022,136335,2,gasoline,1.6,180,robotic,54723,hyundai
Hyundai,Tucson,2022,132365,1,gasoline,1.6,180,robotic,90000,hyundai
Hyundai,Tucson,2022,134960,1,gasoline,1.6,180,robotic,65222,hyundai
Hyundai,Tucson,2022,136530,1,gasoline,1.6,180,robotic,62350,hyundai
Hyundai,Tucson,2022,143175,1,gasoline,1.6,180,robotic,58000,hyundai
Hyundai,Tucson,2022,129960,1,gasoline,1.6,180,robotic,56616,hyundai
Hyundai,Tucson,2022,130827,1,gasoline,1.6,180,robotic,48930,hyundai
Hyundai,Tucson,2022,138134,1,gasoline,1.6,180,robotic,47482,hyundai
Hyundai,Tucson,2022,145400,1,gasoline,1.6,180,robotic,33500,hyundai
Hyundai,Tucson,2021,132875,2,gasoline,1.6,180,robotic,51052,hyundai
Hyundai,Tucson,2021,129685,1,gasoline,1.6,180,robotic,,hyundai
Hyundai,Tucson,2021,119985,1,gasoline,1.6,180,robotic,66226,hyundai
Hyundai,Tucson,2021,129995,1,diesel,1.6,136,robotic,59500,hyundai
Hyundai,Tucson,2021,133785,1,gasoline,1.6,180,robotic,39252,hyundai
Hyundai,Tucson,2021,135185,1,gasoline,1.6,180,robotic,26744,hyundai
Hyundai,Tucson,2020,109070,2,gasoline,2,155,automatic,58513,hyundai
Hyundai,Tucson,2019,85685,2,gasoline,1.6,177,robotic,127545,hyundai
Hyundai,Tucson,2018,87865,2,gasoline,1.6,177,robotic,96052,hyundai
Hyundai,Tucson,2017,76165,2,gasoline,2,155,robotic,130300,hyundai
Hyundai,Tucson,2016,63570,2,gasoline,1.6,132,automatic,138778,hyundai
Hyundai,Sonata,2021,101000,3,hybrid,2,192,automatic,118700,hyundai
Hyundai,I20,2012,22000,3,gasoline,1.4,100,automatic,204013,hyundai
Hyundai,I10,2011,14000,4,gasoline,1.2,87,automatic,182500,hyundai
Hyundai,I10,2012,14000,3,gasoline,1.2,87,automatic,225000,hyundai
Hyundai,I20,2021,50000,1,gasoline,1,100,robotic,190000,hyundai
Hyundai,Tucson,2023,127400,1,gasoline,1.6,180,robotic,62734,hyundai
Hyundai,I20,2019,55000,3,gasoline,1,100,robotic,190000,hyundai
Hyundai,Accent,2010,6800,3,gasoline,1.4,97,automatic,212000,hyundai
Hyundai,Ioniq,2019,50000,2,hybrid,1.6,141,robotic,198000,hyundai
Hyundai,Tucson,2018,65000,3,gasoline,2,155,robotic,160000,hyundai
Hyundai,Tucson,2016,59655,2,gasoline,1.6,132,automatic,104789,hyundai
Hyundai,Sonata,2022,111775,1,hybrid,2,192,automatic,113873,hyundai
Hyundai,Kona,2021,113945,2,hybrid,1.6,141,robotic,103462,hyundai
Hyundai,Kona,2019,71995,2,gasoline,1.6,177,robotic,125681,hyundai
Hyundai,Ioniq,2022,93995,2,hybrid,1.6,141,robotic,90284,hyundai
Hyundai,Ioniq 5,2022,137995,1,electro,,,automatic,49000,hyundai
Hyundai,Ioniq,2020,81350,3,hybrid,1.6,141,robotic,122590,hyundai
Hyundai,Ioniq,2020,85800,2,hybrid,1.6,141,robotic,98621,hyundai
Hyundai,Ioniq,2020,82840,2,hybrid,1.6,141,robotic,109000,hyundai
Hyundai,I20,2023,102960,1,gasoline,1,100,robotic,9423,hyundai
Hyundai,I20,2023,86237,1,gasoline,1,100,robotic,68786,hyundai
Hyundai,I20,2023,91520,1,gasoline,1,100,robotic,35000,hyundai
Hyundai,I20,2022,84400,2,gasoline,1,100,robotic,97545,hyundai
Hyundai,I20,2022,88805,2,gasoline,1,100,robotic,41680,hyundai
Hyundai,I20,2022,91900,1,gasoline,1,100,robotic,51971,hyundai
Hyundai,I20,2021,72545,3,gasoline,1,100,robotic,43097,hyundai
Hyundai,I20,2021,69917,2,gasoline,1,100,robotic,118000,hyundai
Hyundai,I20,2021,58550,1,gasoline,1,100,robotic,131448,hyundai
Hyundai,I20,2020,76730,2,gasoline,1,100,robotic,54324,hyundai
Hyundai,I20,2020,81650,2,gasoline,1,100,robotic,33454,hyundai
Hyundai,I20,2014,20000,3,gasoline,1.4,100,automatic,210000,hyundai
Hyundai,Accent,2010,6500,2,gasoline,1.6,112,automatic,300000,hyundai
Hyundai,Tucson,2023,145000,1,gasoline,1.6,180,robotic,21400,hyundai
Hyundai,I10,2012,15000,4,gasoline,1.1,69,automatic,144000,hyundai
Hyundai,Ioniq,2020,120000,1,hybrid,1.6,141,robotic,47000,hyundai
Hyundai,Tucson,2025,218000,1,hybrid,1.6,235,robotic,3500,hyundai
Hyundai,I30,2008,10000,3,gasoline,1.6,126,automatic,225106,hyundai
Hyundai,Ioniq,2021,83000,2,hybrid,1.6,141,robotic,149000,hyundai
Hyundai,I10,2016,32000,2,gasoline,1,67,automatic,129000,hyundai
Hyundai,Ix35,2012,35000,4,diesel,2,184,automatic,197,hyundai
Hyundai,I20,2020,62730,2,gasoline,1,100,robotic,130000,hyundai
Hyundai,I20,2020,68860,2,gasoline,1,100,robotic,129000,hyundai
Hyundai,I20,2020,63825,2,gasoline,1,100,robotic,115829,hyundai
Hyundai,I20,2020,65045,2,gasoline,1,100,robotic,107712,hyundai
Hyundai,I20,2020,88655,1,gasoline,1,100,robotic,17658,hyundai
Hyundai,I20,2019,71345,2,gasoline,1,100,robotic,71624,hyundai
Hyundai,I20,2019,60175,2,gasoline,1,100,robotic,126809,hyundai
Hyundai,I10,2024,81600,2,gasoline,1.2,84,robotic,35714,hyundai
Hyundai,I10,2024,82155,2,gasoline,1.2,84,robotic,29225,hyundai
Hyundai,I10,2023,87445,1,gasoline,1.2,84,robotic,8686,hyundai
Hyundai,I10,2022,71985,2,gasoline,1.2,84,robotic,26671,hyundai
Hyundai,I10,2022,81750,1,gasoline,1.2,84,robotic,8729,hyundai
Hyundai,I10,2022,73715,1,gasoline,1.2,84,robotic,49504,hyundai
Hyundai,I10,2021,55455,2,gasoline,1.2,84,robotic,75968,hyundai
Hyundai,I10,2021,67645,2,gasoline,1.2,84,robotic,64930,hyundai
Hyundai,I10,2021,67625,2,gasoline,1.2,84,robotic,61850,hyundai
Hyundai,I10,2021,74870,1,gasoline,1.2,84,robotic,23903,hyundai
Hyundai,I10,2020,65095,1,gasoline,1.2,84,robotic,80042,hyundai
Hyundai,I10,2019,59370,2,gasoline,1.2,84,robotic,96629,hyundai
Hyundai,I10,2019,58235,2,gasoline,1.2,87,automatic,92244,hyundai
Hyundai,Sonata,2016,75000,3,hybrid,2,193,automatic,150000,hyundai
Hyundai,Kona Ev,2023,100000,1,electro,,,automatic,107000,hyundai
Hyundai,Sonata,2017,63900,4,hybrid,2,193,automatic,140000,hyundai
Hyundai,I25,2014,22000,3,gasoline,1.4,100,automatic,146250,hyundai
Hyundai,Ioniq,2019,65000,3,hybrid,1.6,141,robotic,175000,hyundai
Hyundai,I10,2021,49600,3,gasoline,1.2,84,robotic,50000,hyundai
Hyundai,I20,2016,35000,2,gasoline,1.4,100,automatic,168000,hyundai
Hyundai,Tucson,2021,123000,1,gasoline,1.6,180,robotic,75000,hyundai
Hyundai,Tucson,2022,113500,2,gasoline,1.6,180,robotic,100000,hyundai
Hyundai,I30,2010,7500,3,gasoline,1.6,126,automatic,197000,hyundai
Hyundai,I10,2019,63255,2,gasoline,1.2,87,automatic,60000,hyundai
Hyundai,I10,2019,55030,2,gasoline,1.2,87,automatic,100750,hyundai
Hyundai,I10,2018,50735,2,gasoline,1.2,87,automatic,131011,hyundai
Hyundai,I10,2017,40495,2,gasoline,1,66,automatic,131180,hyundai
Hyundai,I10,2016,33192,3,gasoline,1,67,automatic,81618,hyundai
Hyundai,Elantra,2024,144645,2,hybrid,1.6,139,robotic,43188,hyundai
Hyundai,I10,2012,33935,2,gasoline,1.2,87,automatic,56634,hyundai
Hyundai,Elantra,2023,101457,1,hybrid,1.6,139,robotic,107261,hyundai
Hyundai,Elantra,2022,115395,2,hybrid,1.6,139,robotic,82000,hyundai
Hyundai,Elantra,2022,111645,1,hybrid,1.6,139,robotic,109490,hyundai
Hyundai,Elantra,2022,127355,2,hybrid,1.6,139,robotic,32684,hyundai
Hyundai,Elantra,2022,115145,1,hybrid,1.6,139,robotic,106505,hyundai
Hyundai,Elantra,2023,134685,1,hybrid,1.6,139,robotic,31000,hyundai
Hyundai,Bayon,2023,100945,1,gasoline,1,100,robotic,67694,hyundai
Hyundai,Bayon,2023,104065,1,gasoline,1,120,robotic,54000,hyundai
Hyundai,Bayon,2023,99255,1,gasoline,1,100,robotic,50865,hyundai
Hyundai,Bayon,2023,107325,1,gasoline,1,120,robotic,46618,hyundai
Hyundai,Bayon,2023,105375,1,gasoline,1,120,robotic,46227,hyundai
Hyundai,Bayon,2023,99785,1,gasoline,1,100,robotic,29170,hyundai
Hyundai,Bayon,2023,99255,1,gasoline,1,100,robotic,25165,hyundai
Hyundai,Tucson,2021,135000,2,gasoline,1.6,180,robotic,49400,hyundai
Hyundai,I30,2012,15500,4,gasoline,1.6,126,automatic,212000,hyundai
Hyundai,Venue,2021,64900,2,gasoline,1.6,123,variable,90000,hyundai
Hyundai,I10,2023,70000,3,gasoline,1.2,84,robotic,14000,hyundai
Hyundai,I10,2018,45000,2,gasoline,1.2,87,automatic,88000,hyundai
Hyundai,Getz,2008,6800,4,gasoline,1.4,97,automatic,231000,hyundai
Hyundai,I25,2012,19000,2,gasoline,1.4,109,automatic,182000,hyundai
Hyundai,I10,2016,25000,3,gasoline,1,67,automatic,185000,hyundai
Hyundai,Ioniq,2020,75000,2,hybrid,1.6,141,robotic,138900,hyundai
Hyundai,I10,2017,37900,2,gasoline,1,66,automatic,113000,hyundai
Hyundai,Bayon,2023,106455,1,gasoline,1,100,robotic,23000,hyundai
Hyundai,Bayon,2023,108785,1,gasoline,1,120,robotic,21003,hyundai
Hyundai,I25,2012,20000,3,gasoline,1.4,109,automatic,130000,hyundai
Hyundai,I30,2012,10000,2,gasoline,1.6,126,automatic,200000,hyundai
Hyundai,Tucson,2024,134000,2,gasoline,1.6,180,robotic,49048,hyundai
Hyundai,Ix35,2015,40000,4,gasoline,2,154,automatic,135000,hyundai
Hyundai,Kona,2025,142000,1,hybrid,1.6,139,robotic,40000,hyundai
Hyundai,Tucson,2018,57000,2,gasoline,2,155,robotic,198000,hyundai
Hyundai,I25,2017,35000,2,gasoline,1.4,100,automatic,153000,hyundai
Hyundai,Accent,2021,60000,1,gasoline,1.6,123,automatic,64000,hyundai
Hyundai,Santa Fe,2007,25000,3,gasoline,2.7,189,automatic,170000,hyundai
Hyundai,Veloster,2013,22500,4,gasoline,1.6,140,robotic,129100,hyundai
Hyundai,Tucson,2019,85000,2,gasoline,2,155,automatic,112000,hyundai
Hyundai,Bayon,2023,115000,1,gasoline,1,120,robotic,30000,hyundai
Hyundai,Tucson,2021,122000,1,gasoline,1.6,180,robotic,93000,hyundai
Hyundai,Bayon,2022,88500,2,gasoline,1,100,robotic,49450,hyundai
Hyundai,Ioniq,2019,79999,2,hybrid,1.6,141,robotic,112000,hyundai
Hyundai,Tucson,2017,72000,1,gasoline,2,155,robotic,68000,hyundai
Hyundai,I25,2015,26500,3,gasoline,1.6,124,automatic,180000,hyundai
Hyundai,Tucson,2016,56900,3,gasoline,2,155,robotic,155000,hyundai
Hyundai,Kona,2021,93000,1,gasoline,1.6,198,robotic,55000,hyundai
Hyundai,Santa Fe,2008,15000,4,gasoline,2.7,189,automatic,215000,hyundai
Hyundai,I30,2009,10000,4,gasoline,1.6,126,automatic,180500,hyundai
Hyundai,I10,2024,82000,1,gasoline,1.2,84,robotic,7800,hyundai
Hyundai,Tucson,2022,155000,1,gasoline,1.6,180,robotic,12000,hyundai
Hyundai,I10,2016,21000,2,gasoline,1,67,manual,150000,hyundai
Hyundai,Sonata,2008,11000,3,gasoline,2,163,automatic,328000,hyundai
Hyundai,I35,2013,30000,3,gasoline,1.6,132,automatic,137000,hyundai
Hyundai,Elantra,2016,23000,4,gasoline,1.6,128,automatic,207000,hyundai
Hyundai,Sonata,2017,77000,2,hybrid,2,193,automatic,130000,hyundai
Hyundai,I20,2016,47000,3,gasoline,1.4,100,automatic,69000,hyundai
Hyundai,Sonata,2023,160000,1,hybrid,2,192,automatic,48800,hyundai
Hyundai,Ioniq,2018,65000,2,hybrid,1.6,141,robotic,169000,hyundai
Hyundai,I20,2012,13500,3,gasoline,1.2,85,manual,195300,hyundai
Hyundai,I20,2019,51000,3,gasoline,1,100,robotic,144500,hyundai
Hyundai,Ix35,2011,33500,2,gasoline,2.4,177,automatic,179000,hyundai
Hyundai,Accent,2007,10000,3,gasoline,1.6,112,automatic,103000,hyundai
Hyundai,I10,2015,17000,2,gasoline,1,67,manual,180000,hyundai
Hyundai,Tucson,2016,45000,2,gasoline,2,155,robotic,213000,hyundai
Hyundai,I20,2014,33500,2,gasoline,1.4,100,automatic,116000,hyundai
Hyundai,I30,2013,16500,3,gasoline,1.6,135,automatic,220000,hyundai
Hyundai,Ioniq,2017,65000,3,hybrid,1.6,141,robotic,250000,hyundai
Hyundai,I30,2009,14000,3,gasoline,1.6,126,automatic,203419,hyundai
Hyundai,I10,2009,12500,4,gasoline,1.2,78,automatic,211000,hyundai
Hyundai,Ioniq,2020,84999,2,hybrid,1.6,141,robotic,114000,hyundai
Hyundai,I20,2010,11000,3,gasoline,1.4,100,automatic,222000,hyundai
Hyundai,Elantra,2007,11000,4,gasoline,2,143,automatic,178597,hyundai
Hyundai,Tucson,2022,99000,3,gasoline,2,156,automatic,93000,hyundai
Hyundai,Elantra,2024,130000,1,hybrid,1.6,139,robotic,37000,hyundai
Hyundai,I20,2020,57500,2,gasoline,1,100,robotic,127000,hyundai
Hyundai,Ix35,2015,40000,3,gasoline,2.4,177,automatic,167000,hyundai
Hyundai,I10,2024,70000,1,gasoline,1.2,84,robotic,17000,hyundai
Hyundai,I20,2010,27000,2,gasoline,1.4,100,automatic,115000,hyundai
Hyundai,Tucson,2022,150000,1,gasoline,1.6,180,robotic,36000,hyundai
Hyundai,Sonata,2023,160000,1,hybrid,2,192,automatic,23000,hyundai
Hyundai,Ioniq,2017,51000,4,hybrid,1.6,141,robotic,240000,hyundai
Hyundai,Ioniq,2020,85000,2,hybrid,1.6,141,robotic,145000,hyundai
Hyundai,I20,2022,87500,1,gasoline,1,100,robotic,49700,hyundai
Hyundai,I30,2014,20000,2,gasoline,1.6,135,automatic,198000,hyundai
Hyundai,Ioniq,2021,92000,3,hybrid,1.6,141,robotic,101000,hyundai
Hyundai,I20,2016,50000,2,gasoline,1.4,100,automatic,107000,hyundai
Hyundai,Tucson,2019,87000,3,gasoline,1.6,177,robotic,100000,hyundai
Hyundai,Elantra,2023,125999,1,hybrid,1.6,139,robotic,92000,hyundai
Hyundai,I20,2021,59900,2,gasoline,1,100,robotic,144000,hyundai
Hyundai,I10,2021,58000,2,gasoline,1.2,84,robotic,90000,hyundai
Hyundai,I20,2019,62000,2,gasoline,1,100,robotic,100000,hyundai
Hyundai,Accent,2021,59000,1,gasoline,1.4,100,automatic,107500,hyundai
Hyundai,Ioniq,2018,56000,2,hybrid,1.6,141,robotic,178000,hyundai
Hyundai,I30,2015,23000,2,gasoline,1.6,135,automatic,196000,hyundai
Hyundai,Sonata,2021,113999,1,hybrid,2,192,automatic,126000,hyundai
Hyundai,Sonata,2021,101000,3,hybrid,2,192,automatic,118700,hyundai
Hyundai,I20,2012,22000,3,gasoline,1.4,100,automatic,204013,hyundai
Hyundai,I20,2020,59990,4,gasoline,1,100,robotic,62000,hyundai
Hyundai,I20,2020,55000,1,gasoline,1,100,robotic,84000,hyundai
Hyundai,I10,2011,14000,4,gasoline,1.2,87,automatic,182500,hyundai
Hyundai,Santa Fe,2022,154990,3,diesel,2.2,230,robotic,75000,hyundai
Hyundai,I10,2021,66990,2,gasoline,1.2,84,robotic,12000,hyundai
Hyundai,I10,2012,14000,3,gasoline,1.2,87,automatic,225000,hyundai
Hyundai,I20,2021,50000,1,gasoline,1,100,robotic,190000,hyundai
Hyundai,I10,2016,32000,3,gasoline,1,67,automatic,150000,hyundai
Hyundai,Tucson,2022,150000,1,gasoline,1.6,180,robotic,36000,hyundai
Hyundai,Sonata,2023,160000,1,hybrid,2,192,automatic,23000,hyundai
Hyundai,Ioniq,2017,51000,4,hybrid,1.6,141,robotic,240000,hyundai
Hyundai,Ioniq,2020,85000,2,hybrid,1.6,141,robotic,145000,hyundai
Hyundai,I20,2022,87500,1,gasoline,1,100,robotic,49700,hyundai
Hyundai,I30,2014,20000,2,gasoline,1.6,135,automatic,198000,hyundai
Hyundai,Ioniq,2021,92000,3,hybrid,1.6,141,robotic,101000,hyundai
Hyundai,I20,2019,67000,1,gasoline,1,100,robotic,140000,hyundai
Hyundai,I20,2020,57000,2,gasoline,1,100,robotic,130000,hyundai
Hyundai,Venue,2024,125000,1,gasoline,1.6,123,variable,4631,hyundai
Hyundai,Ioniq,2017,55000,2,hybrid,1.6,141,robotic,187700,hyundai
Hyundai,Tucson,2023,127400,1,gasoline,1.6,180,robotic,62734,hyundai
Hyundai,I20,2019,55000,3,gasoline,1,100,robotic,190000,hyundai
Hyundai,Elantra,2021,69900,2,gasoline,1.6,127,automatic,99900,hyundai
Hyundai,Accent,2010,6800,3,gasoline,1.4,97,automatic,212000,hyundai
Hyundai,Ioniq,2019,50000,2,hybrid,1.6,141,robotic,198000,hyundai
Hyundai,Tucson,2018,65000,3,gasoline,2,155,robotic,160000,hyundai
Hyundai,I20,2014,20000,3,gasoline,1.4,100,automatic,210000,hyundai
Hyundai,Accent,2010,6500,2,gasoline,1.6,112,automatic,300000,hyundai
Hyundai,Tucson,2023,145000,1,gasoline,1.6,180,robotic,21400,hyundai
Hyundai,I10,2012,15000,4,gasoline,1.1,69,automatic,144000,hyundai
Hyundai,Ioniq,2020,120000,1,hybrid,1.6,141,robotic,47000,hyundai
Hyundai,Tucson,2023,134000,1,gasoline,1.6,180,robotic,76000,hyundai
Hyundai,Tucson,2025,218000,1,hybrid,1.6,235,robotic,3500,hyundai
Hyundai,I30,2008,10000,3,gasoline,1.6,126,automatic,225106,hyundai
Hyundai,Ioniq,2021,83000,2,hybrid,1.6,141,robotic,149000,hyundai
Hyundai,I10,2016,32000,2,gasoline,1,67,automatic,129000,hyundai
Hyundai,Ix35,2012,35000,4,diesel,2,184,automatic,197,hyundai
Hyundai,Tucson,2022,113990,2,gasoline,2,156,automatic,94000,hyundai
Hyundai,Sonata,2016,75000,3,hybrid,2,193,automatic,150000,hyundai
Hyundai,H350,2018,45000,2,diesel,2.5,170,manual,270000,hyundai
Hyundai,Ioniq,2020,90000,2,hybrid,1.6,141,robotic,126500,hyundai
Hyundai,I20,2021,68000,2,gasoline,1,100,robotic,82000,hyundai
Hyundai,Ioniq,2020,115000,1,hybrid,1.6,141,robotic,66900,hyundai
Hyundai,I25,2016,32000,1,gasoline,1.6,124,automatic,170000,hyundai
Hyundai,Elantra,2022,120000,2,hybrid,1.6,139,robotic,100000,hyundai
Hyundai,Accent,2001,5000,3,gasoline,1.5,91,automatic,139000,hyundai
Hyundai,I10,2015,21000,4,gasoline,1,67,automatic,202574,hyundai
Hyundai,I20,2022,78000,2,gasoline,1,100,robotic,65500,hyundai
Hyundai,Elantra,2016,38000,3,gasoline,1.6,128,automatic,205000,hyundai
Hyundai,Kona Ev,2023,100000,1,electro,,,automatic,107000,hyundai
Hyundai,Sonata,2017,63900,4,hybrid,2,193,automatic,140000,hyundai
Hyundai,I25,2014,22000,3,gasoline,1.4,100,automatic,146250,hyundai
Hyundai,Ioniq,2022,99990,2,hybrid,1.6,141,robotic,73000,hyundai
Hyundai,Ioniq,2019,65000,3,hybrid,1.6,141,robotic,175000,hyundai
Hyundai,I10,2021,49600,3,gasoline,1.2,84,robotic,50000,hyundai
Hyundai,I20,2016,35000,2,gasoline,1.4,100,automatic,168000,hyundai
Hyundai,Tucson,2021,123000,1,gasoline,1.6,180,robotic,75000,hyundai
Hyundai,Tucson,2022,113500,2,gasoline,1.6,180,robotic,100000,hyundai
Hyundai,I30,2010,7500,3,gasoline,1.6,126,automatic,197000,hyundai
Hyundai,Tucson,2021,135000,2,gasoline,1.6,180,robotic,49400,hyundai
Hyundai,I30,2012,15500,4,gasoline,1.6,126,automatic,212000,hyundai
Hyundai,Venue,2021,64900,2,gasoline,1.6,123,variable,90000,hyundai
Hyundai,I25,2013,23900,2,gasoline,1.6,124,automatic,175000,hyundai
Hyundai,I25,2017,28900,2,gasoline,1.4,100,automatic,195000,hyundai
Hyundai,I10,2023,70000,3,gasoline,1.2,84,robotic,14000,hyundai
Hyundai,I10,2018,45000,2,gasoline,1.2,87,automatic,88000,hyundai
Hyundai,Getz,2008,6800,4,gasoline,1.4,97,automatic,231000,hyundai
Hyundai,Elantra,2022,119990,1,hybrid,1.6,139,robotic,82000,hyundai
Hyundai,I25,2012,19000,2,gasoline,1.4,109,automatic,182000,hyundai
Hyundai,I30,2010,9000,3,gasoline,1.6,126,automatic,310000,hyundai
Hyundai,Accent,2008,6000,4,gasoline,1.6,112,automatic,206000,hyundai
Hyundai,Veloster,2015,25000,2,gasoline,1.6,140,robotic,250000,hyundai
Hyundai,I30,2011,14000,3,gasoline,1.6,126,automatic,,hyundai
Hyundai,I30,2009,13000,3,gasoline,1.6,126,automatic,,hyundai
Hyundai,I30,2009,12000,2,gasoline,1.6,126,automatic,,hyundai
Hyundai,I20,2010,12000,1,gasoline,1.4,100,automatic,,hyundai
Hyundai,Tucson,2019,90000,1,gasoline,2,155,automatic,,hyundai
Hyundai,Ioniq,2017,64500,4,hybrid,1.6,141,robotic,,hyundai
Hyundai,Tucson,2016,60800,3,gasoline,1.6,132,automatic,74500,hyundai
Hyundai,I10,2016,25000,3,gasoline,1,67,automatic,185000,hyundai
Hyundai,Ioniq,2020,75000,2,hybrid,1.6,141,robotic,138900,hyundai
Hyundai,Sonata,2021,107000,1,hybrid,2,192,automatic,114483,hyundai
Hyundai,Kona,2022,110000,2,hybrid,1.6,139,robotic,38000,hyundai
Hyundai,Ioniq,2019,57990,2,hybrid,1.6,141,robotic,259000,hyundai
Hyundai,I10,2017,37900,2,gasoline,1,66,automatic,113000,hyundai
Hyundai,Ioniq,2017,65000,2,hybrid,1.6,141,robotic,180000,hyundai
Hyundai,Kona,2019,73000,1,gasoline,1.6,177,robotic,99000,hyundai
Hyundai,Accent,2004,4000,3,gasoline,1.5,91,automatic,144000,hyundai
Hyundai,Tucson,2021,125000,,gasoline,1.6,180,robotic,105000,hyundai
Hyundai,I25,2016,25000,3,gasoline,1.4,100,automatic,150000,hyundai
Hyundai,Elantra,2022,130000,1,hybrid,1.6,139,robotic,72500,hyundai
Hyundai,Elantra,2006,5500,2,gasoline,1.6,107,automatic,155856,hyundai
Hyundai,Sonata,2018,69000,3,hybrid,2,193,automatic,,hyundai
Hyundai,Ioniq 6,2024,175000,1,electro,,,automatic,29000,hyundai
Hyundai,I35,2012,22000,4,gasoline,1.6,132,automatic,229000,hyundai
Hyundai,Sonata,2016,55000,2,hybrid,2,193,automatic,200000,hyundai
Hyundai,Ioniq 5,2022,104990,2,electro,,,automatic,137000,hyundai
Hyundai,Veloster,2014,25000,4,gasoline,1.6,140,manual,199000,hyundai
Hyundai,I10,2021,63990,2,gasoline,1.2,84,robotic,88000,hyundai
Hyundai,I30,2009,13000,3,gasoline,1.6,126,automatic,291000,hyundai
Hyundai,I30,2009,12000,2,gasoline,1.6,126,automatic,251000,hyundai
Hyundai,I20,2010,12000,1,gasoline,1.4,100,automatic,257000,hyundai
Hyundai,Tucson,2019,90000,1,gasoline,2,155,automatic,116000,hyundai
Hyundai,Ioniq,2017,64500,4,hybrid,1.6,141,robotic,178000,hyundai
Hyundai,Tucson,2016,60800,3,gasoline,1.6,132,automatic,74500,hyundai
Hyundai,Palisade,2022,245000,1,gasoline,3.8,291,automatic,38000,hyundai
Hyundai,I20,2018,43000,3,gasoline,1.4,100,automatic,155000,hyundai
Hyundai,I25,2017,31000,4,gasoline,1.6,124,automatic,180000,hyundai
Hyundai,Ioniq 5,2024,195000,1,electro,,,automatic,17000,hyundai
Hyundai,Tucson,2021,125000,1,gasoline,1.6,180,robotic,63000,hyundai
Hyundai,Kona,2022,110000,1,hybrid,1.6,139,robotic,91759,hyundai
Hyundai,Ioniq 6,2023,160000,1,electro,,,automatic,40521,hyundai
Hyundai,I35,2015,28000,2,gasoline,1.6,132,automatic,174000,hyundai
Hyundai,Kona,2021,93000,1,gasoline,1.6,198,robotic,55000,hyundai
Hyundai,Santa Fe,2008,15000,4,gasoline,2.7,189,automatic,215000,hyundai
Hyundai,I30,2009,10000,4,gasoline,1.6,126,automatic,180500,hyundai
Hyundai,I10,2024,82000,1,gasoline,1.2,84,robotic,7800,hyundai
Hyundai,Tucson,2022,155000,1,gasoline,1.6,180,robotic,12000,hyundai
Hyundai,I10,2016,21000,2,gasoline,1,67,manual,150000,hyundai
Hyundai,Sonata,2008,11000,3,gasoline,2,163,automatic,328000,hyundai
Hyundai,Palisade,2021,148000,2,gasoline,3.8,291,automatic,88000,hyundai
Hyundai,I35,2013,30000,3,gasoline,1.6,132,automatic,137000,hyundai
Hyundai,I10,2023,73000,1,gasoline,1.2,84,robotic,25000,hyundai
Hyundai,Elantra,2016,23000,4,gasoline,1.6,128,automatic,207000,hyundai
Hyundai,Sonata,2017,77000,2,hybrid,2,193,automatic,130000,hyundai
Hyundai,I25,2013,18500,3,gasoline,1.4,109,automatic,223000,hyundai
Hyundai,Tucson,2023,153000,1,gasoline,1.6,180,robotic,23000,hyundai
Hyundai,Ioniq,2019,68000,4,hybrid,1.6,141,robotic,157000,hyundai
Hyundai,I35,2015,29950,2,gasoline,1.6,132,automatic,198000,hyundai
Hyundai,Sonata,2017,75000,1,hybrid,2,193,automatic,122000,hyundai
Hyundai,I30,2010,30000,1,gasoline,1.6,126,automatic,135000,hyundai
Hyundai,Sonata,2021,138000,2,hybrid,2,192,automatic,69200,hyundai
Hyundai,Santa Fe,2008,25000,3,gasoline,2.7,189,automatic,184000,hyundai
Hyundai,Ioniq,2018,78000,1,hybrid,1.6,141,robotic,113000,hyundai
Hyundai,Tucson,2023,160000,1,gasoline,1.6,180,robotic,43000,hyundai
Hyundai,Venue,2021,84000,1,gasoline,1.6,123,variable,41000,hyundai
Hyundai,Ioniq,2018,60000,2,hybrid,1.6,141,robotic,174000,hyundai
Hyundai,Sonata,2020,115000,2,hybrid,2,192,automatic,126000,hyundai
Hyundai,I30,2013,21000,4,gasoline,1.6,135,automatic,179000,hyundai
Hyundai,I35,2011,23000,3,gasoline,1.6,132,automatic,190000,hyundai
Hyundai,Ioniq,2020,93000,1,hybrid,1.6,141,robotic,118000,hyundai
Hyundai,Ioniq,2017,53000,3,hybrid,1.6,141,robotic,167000,hyundai
Hyundai,Ix35,2015,40000,3,gasoline,2.4,177,automatic,167000,hyundai
Hyundai,I10,2024,70000,1,gasoline,1.2,84,robotic,17000,hyundai
Hyundai,I20,2010,27000,2,gasoline,1.4,100,automatic,115000,hyundai
Hyundai,Tucson,2022,150000,1,gasoline,1.6,180,robotic,36000,hyundai
Hyundai,Ix35,2013,44990,2,diesel,2,184,automatic,203000,hyundai
Hyundai,Tucson,2016,55900,2,gasoline,1.6,132,automatic,71000,hyundai
Hyundai,Kona,2021,79900,2,hybrid,1.6,141,robotic,185000,hyundai
Hyundai,Ioniq 5,2024,184900,1,electro,,,automatic,15200,hyundai
Hyundai,Ioniq 5,2024,171900,1,electro,,,automatic,10000,hyundai
Hyundai,Elantra,2023,109900,1,hybrid,1.6,139,robotic,50000,hyundai
Hyundai,Sonata,2023,160000,1,hybrid,2,192,automatic,23000,hyundai
Hyundai,Ioniq,2017,51000,4,hybrid,1.6,141,robotic,240000,hyundai
Hyundai,Ioniq,2020,85000,2,hybrid,1.6,141,robotic,145000,hyundai
Hyundai,I20,2022,87500,1,gasoline,1,100,robotic,49700,hyundai
Hyundai,I30,2014,20000,2,gasoline,1.6,135,automatic,198000,hyundai
Hyundai,Ioniq,2021,92000,3,hybrid,1.6,141,robotic,101000,hyundai
Hyundai,I20,2019,67000,1,gasoline,1,100,robotic,140000,hyundai
Hyundai,Sonata,2020,115000,2,hybrid,2,192,automatic,126000,hyundai
Hyundai,I30,2013,21000,4,gasoline,1.6,135,automatic,179000,hyundai
Hyundai,I25,2017,31000,4,gasoline,1.6,124,automatic,176000,hyundai
Hyundai,I30,2009,11000,3,gasoline,1.6,126,automatic,230000,hyundai
Hyundai,I35,2014,27000,3,gasoline,1.6,132,automatic,220000,hyundai
Hyundai,I20,2009,11000,3,gasoline,1.4,100,automatic,280000,hyundai
Hyundai,Ioniq,2018,76000,2,hybrid,1.6,141,robotic,173000,hyundai
Hyundai,I35,2013,32000,2,gasoline,1.6,132,automatic,180000,hyundai
Hyundai,Kona Ev,2023,106000,1,electro,,,automatic,77000,hyundai
Hyundai,Matrix,2009,6500,3,gasoline,1.6,103,automatic,280000,hyundai
Hyundai,I20,2020,57000,2,gasoline,1,100,robotic,130000,hyundai
Hyundai,Venue,2024,125000,1,gasoline,1.6,123,variable,4631,hyundai
Hyundai,Sonata,2016,49000,3,hybrid,2,193,automatic,138000,hyundai
Hyundai,Ioniq 5,2024,183000,1,electro,,,automatic,25300,hyundai
Hyundai,Tucson,2007,14000,4,gasoline,2.7,175,automatic,270000,hyundai
Hyundai,I20,2010,10000,4,gasoline,1.4,100,automatic,253000,hyundai
Hyundai,Tucson,2021,96000,2,gasoline,1.6,180,robotic,124000,hyundai
Hyundai,I20,2009,10900,3,gasoline,1.4,100,automatic,217000,hyundai
Hyundai,I10,2019,42000,2,gasoline,1.2,87,automatic,168000,hyundai
Hyundai,H350,2018,45000,2,diesel,2.5,170,manual,270000,hyundai
Hyundai,Ioniq,2020,90000,2,hybrid,1.6,141,robotic,126500,hyundai
Hyundai,I20,2021,68000,2,gasoline,1,100,robotic,82000,hyundai
Hyundai,Ioniq,2020,115000,1,hybrid,1.6,141,robotic,66900,hyundai
Hyundai,I25,2016,32000,1,gasoline,1.6,124,automatic,170000,hyundai
Hyundai,Elantra,2022,120000,2,hybrid,1.6,139,robotic,100000,hyundai
Hyundai,Accent,2001,5000,3,gasoline,1.5,91,automatic,139000,hyundai
Hyundai,I10,2015,21000,4,gasoline,1,67,automatic,202574,hyundai
Hyundai,I20,2022,78000,2,gasoline,1,100,robotic,65500,hyundai
Hyundai,Elantra,2016,38000,3,gasoline,1.6,128,automatic,205000,hyundai
Hyundai,I30,2010,9000,3,gasoline,1.6,126,automatic,310000,hyundai
Hyundai,Ioniq,2017,65000,2,hybrid,1.6,141,robotic,134100,hyundai
Hyundai,I30,2013,25000,1,gasoline,1.6,135,automatic,165000,hyundai
Hyundai,I20,2022,96000,1,gasoline,1,100,robotic,33000,hyundai
Hyundai,Ioniq,2017,50000,3,hybrid,1.6,141,robotic,194500,hyundai
Hyundai,Accent,2020,50500,2,gasoline,1.4,100,automatic,133000,hyundai
Hyundai,Tucson,2015,58500,2,gasoline,2,155,robotic,105000,hyundai
Hyundai,I30,2010,14000,1,gasoline,1.6,126,automatic,197000,hyundai
Hyundai,Ioniq 5,2022,136000,2,electro,,,automatic,85000,hyundai
Hyundai,Ioniq,2020,95500,2,hybrid,1.6,141,robotic,120000,hyundai
Hyundai,I25,2014,33000,3,gasoline,1.4,100,automatic,113000,hyundai
Hyundai,Accent,2008,6000,4,gasoline,1.6,112,automatic,206000,hyundai
Hyundai,Veloster,2015,25000,2,gasoline,1.6,140,robotic,250000,hyundai
Hyundai,I30,2011,14000,3,gasoline,1.6,126,automatic,160000,hyundai
Hyundai,I30,2009,13000,3,gasoline,1.6,126,automatic,291000,hyundai
Hyundai,I30,2009,12000,2,gasoline,1.6,126,automatic,251000,hyundai
Hyundai,I20,2010,12000,1,gasoline,1.4,100,automatic,257000,hyundai
Hyundai,Tucson,2019,90000,1,gasoline,2,155,automatic,116000,hyundai
Hyundai,Ioniq,2017,64500,4,hybrid,1.6,141,robotic,178000,hyundai
Hyundai,Tucson,2016,60800,3,gasoline,1.6,132,automatic,74500,hyundai
Hyundai,Palisade,2022,245000,1,gasoline,3.8,291,automatic,38000,hyundai
Hyundai,I20,2018,43000,3,gasoline,1.4,100,automatic,155000,hyundai
Hyundai,I25,2017,31000,4,gasoline,1.6,124,automatic,180000,hyundai
Hyundai,Ioniq 5,2024,195000,1,electro,,,automatic,17000,hyundai
Hyundai,Elantra,2017,47000,2,gasoline,1.6,128,automatic,163000,hyundai
Hyundai,Sonata,2018,87000,4,hybrid,2,193,automatic,104000,hyundai
Hyundai,Ioniq,2020,85000,1,hybrid,1.6,141,robotic,123000,hyundai
Hyundai,I20,2022,98000,1,gasoline,1,100,robotic,26000,hyundai
Hyundai,Santa Fe,2010,25000,2,gasoline,2.4,174,automatic,220000,hyundai
Hyundai,I35,2012,28000,3,gasoline,1.6,132,automatic,233000,hyundai
Hyundai,Sonata,2017,75000,1,hybrid,2,193,automatic,122000,hyundai
Hyundai,Accent,2010,17000,2,gasoline,1.4,97,automatic,181000,hyundai
Hyundai,I10,2015,15900,3,gasoline,1,67,manual,168000,hyundai
Hyundai,Ioniq 5,2023,160000,1,electro,,,automatic,12500,hyundai
Hyundai,Ioniq,2018,51000,3,hybrid,1.6,141,robotic,220000,hyundai
Hyundai,I20,2012,20000,3,gasoline,1.4,100,automatic,217000,hyundai
Hyundai,Ix35,2015,46500,3,gasoline,2,154,automatic,124700,hyundai
Hyundai,Accent,2009,9000,4,gasoline,1.4,97,automatic,235000,hyundai
Hyundai,Kona,2020,82000,2,hybrid,1.6,141,robotic,123000,hyundai
Hyundai,Ioniq,2021,89000,2,hybrid,1.6,141,robotic,71500,hyundai
Hyundai,Getz,2008,8000,2,gasoline,1.4,97,automatic,119000,hyundai
Hyundai,I30,2010,30000,1,gasoline,1.6,126,automatic,135000,hyundai
Hyundai,Sonata,2021,138000,2,hybrid,2,192,automatic,69200,hyundai
Hyundai,Santa Fe,2008,25000,3,gasoline,2.7,189,automatic,184000,hyundai
Hyundai,Ioniq,2018,78000,1,hybrid,1.6,141,robotic,113000,hyundai
Hyundai,Tucson,2023,160000,1,gasoline,1.6,180,robotic,43000,hyundai
Hyundai,Venue,2021,84000,1,gasoline,1.6,123,variable,41000,hyundai
Hyundai,Ioniq,2018,60000,2,hybrid,1.6,141,robotic,174000,hyundai
Hyundai,Sonata,2020,115000,2,hybrid,2,192,automatic,126000,hyundai
Hyundai,I30,2013,21000,4,gasoline,1.6,135,automatic,179000,hyundai
Hyundai,I25,2017,31000,4,gasoline,1.6,124,automatic,176000,hyundai
Hyundai,I30,2009,11000,3,gasoline,1.6,126,automatic,230000,hyundai
Hyundai,I35,2014,27000,3,gasoline,1.6,132,automatic,220000,hyundai
Hyundai,I20,2009,11000,3,gasoline,1.4,100,automatic,280000,hyundai
Hyundai,Ioniq,2018,76000,2,hybrid,1.6,141,robotic,173000,hyundai
Hyundai,I35,2013,32000,2,gasoline,1.6,132,automatic,180000,hyundai
Hyundai,Kona Ev,2023,106000,1,electro,,,automatic,77000,hyundai
Hyundai,Matrix,2009,6500,3,gasoline,1.6,103,automatic,280000,hyundai
Hyundai,I10,2017,37000,1,gasoline,1,66,automatic,119550,hyundai
Hyundai,Venue,2024,126000,1,gasoline,1.6,121,variable,12000,hyundai
Hyundai,I25,2016,35000,2,gasoline,1.6,124,automatic,180000,hyundai
Hyundai,I10,2015,19000,4,gasoline,1,67,manual,160000,hyundai
Hyundai,Getz,2007,13400,2,gasoline,1.6,105,automatic,142000,hyundai
Hyundai,Ioniq,2019,72000,2,hybrid,1.6,141,robotic,93500,hyundai
Hyundai,Elantra,2022,128500,2,hybrid,1.6,139,robotic,34000,hyundai
Hyundai,Ioniq 5,2022,127000,2,electro,,,automatic,120000,hyundai
Hyundai,I30,2011,14500,3,gasoline,1.6,126,automatic,210000,hyundai
Hyundai,I20,2012,14000,3,gasoline,1.4,100,automatic,213000,hyundai
Hyundai,Ioniq,2020,77000,2,hybrid,1.6,141,robotic,159000,hyundai
Hyundai,Tucson,2022,180000,1,diesel,1.6,136,robotic,35000,hyundai
Hyundai,Venue,2021,93000,2,gasoline,1.6,123,variable,15000,hyundai
Hyundai,I30,2009,10000,2,gasoline,1.6,126,automatic,260000,hyundai
Hyundai,Elantra,2007,4900,3,gasoline,1.6,107,automatic,173000,hyundai
Hyundai,Ioniq,2018,75000,2,hybrid,1.6,141,robotic,105000,hyundai
Hyundai,Ioniq,2017,65000,2,hybrid,1.6,141,robotic,134100,hyundai
Hyundai,I30,2013,25000,1,gasoline,1.6,135,automatic,165000,hyundai
Hyundai,I20,2022,96000,1,gasoline,1,100,robotic,33000,hyundai
Hyundai,Ioniq,2017,50000,3,hybrid,1.6,141,robotic,194500,hyundai
Hyundai,Accent,2020,50500,2,gasoline,1.4,100,automatic,133000,hyundai
Hyundai,Tucson,2015,58500,2,gasoline,2,155,robotic,105000,hyundai
Hyundai,I30,2010,14000,1,gasoline,1.6,126,automatic,197000,hyundai
Hyundai,Ioniq 5,2022,136000,2,electro,,,automatic,85000,hyundai
Hyundai,Ioniq,2020,95500,2,hybrid,1.6,141,robotic,120000,hyundai
Hyundai,I25,2014,33000,3,gasoline,1.4,100,automatic,113000,hyundai
Hyundai,Accent,2010,17000,2,gasoline,1.4,97,automatic,181000,hyundai
Hyundai,I10,2015,15900,3,gasoline,1,67,manual,168000,hyundai
Hyundai,Ioniq 5,2023,160000,1,electro,,,automatic,12500,hyundai
Hyundai,Ioniq,2018,51000,3,hybrid,1.6,141,robotic,220000,hyundai
Hyundai,I20,2012,20000,3,gasoline,1.4,100,automatic,217000,hyundai
Hyundai,Ix35,2015,46500,3,gasoline,2,154,automatic,124700,hyundai
Hyundai,Accent,2009,9000,4,gasoline,1.4,97,automatic,235000,hyundai
Hyundai,Ioniq,2018,65000,2,hybrid,1.6,141,robotic,146000,hyundai
Hyundai,I25,2012,19800,3,gasoline,1.4,109,automatic,223125,hyundai
Hyundai,I30,2012,30000,2,gasoline,1.6,135,automatic,170000,hyundai
Hyundai,Kona,2021,86000,2,gasoline,1.6,198,robotic,65000,hyundai
Hyundai,I30,2008,14500,3,gasoline,1.6,126,automatic,153000,hyundai
Hyundai,Sonata,2021,140000,1,hybrid,2,192,automatic,33000,hyundai
Hyundai,I20,2010,16500,4,gasoline,1.4,100,automatic,258000,hyundai
Hyundai,Getz,2008,10000,4,gasoline,1.4,97,manual,265000,hyundai
Hyundai,Tucson,2021,135000,1,gasoline,1.6,180,robotic,70000,hyundai
Hyundai,Ioniq,2019,70000,3,hybrid,1.6,141,robotic,112000,hyundai
Hyundai,Kona,2020,82000,2,hybrid,1.6,141,robotic,123000,hyundai
Hyundai,Ioniq,2021,89000,2,hybrid,1.6,141,robotic,71500,hyundai
Hyundai,Getz,2008,8000,2,gasoline,1.4,97,automatic,119000,hyundai
Hyundai,I10,2015,19000,4,gasoline,1,67,manual,160000,hyundai
Hyundai,Getz,2007,13400,2,gasoline,1.6,105,automatic,142000,hyundai
Hyundai,Ioniq,2019,72000,2,hybrid,1.6,141,robotic,93500,hyundai
Hyundai,Elantra,2022,128500,2,hybrid,1.6,139,robotic,34000,hyundai
Hyundai,Ioniq 5,2022,127000,2,electro,,,automatic,120000,hyundai
Hyundai,I30,2011,14500,3,gasoline,1.6,126,automatic,210000,hyundai
Hyundai,I20,2012,14000,3,gasoline,1.4,100,automatic,213000,hyundai
Hyundai,Ioniq,2020,77000,2,hybrid,1.6,141,robotic,159000,hyundai
Hyundai,Tucson,2022,180000,1,diesel,1.6,136,robotic,35000,hyundai
Hyundai,Venue,2021,93000,2,gasoline,1.6,123,variable,15000,hyundai
Hyundai,Ioniq,2018,65000,2,hybrid,1.6,141,robotic,146000,hyundai
Hyundai,I25,2012,19800,3,gasoline,1.4,109,automatic,223125,hyundai
Hyundai,I30,2012,30000,2,gasoline,1.6,135,automatic,170000,hyundai
Hyundai,Kona,2021,86000,2,gasoline,1.6,198,robotic,65000,hyundai
Hyundai,I30,2008,14500,3,gasoline,1.6,126,automatic,153000,hyundai
Hyundai,Sonata,2021,140000,1,hybrid,2,192,automatic,33000,hyundai
Hyundai,I20,2010,16500,4,gasoline,1.4,100,automatic,258000,hyundai
Hyundai,Santa Fe,2011,52000,2,diesel,2.2,197,automatic,245045,hyundai
Hyundai,I20,2022,91000,1,gasoline,1,100,robotic,24000,hyundai
Hyundai,I25,2016,30000,2,gasoline,1.6,124,automatic,200000,hyundai
Hyundai,I10,2016,30000,3,gasoline,1,67,automatic,180000,hyundai
Hyundai,I20,2019,64000,3,gasoline,1,100,robotic,95300,hyundai
Hyundai,Accent,2009,9500,4,gasoline,1.4,97,automatic,190000,hyundai
Hyundai,I30,2018,54900,2,gasoline,1.4,140,robotic,140000,hyundai
Hyundai,I30,2015,33000,3,gasoline,1.6,135,automatic,176000,hyundai
Hyundai,Ioniq,2020,115000,1,hybrid,1.6,141,robotic,88000,hyundai
Hyundai,Ioniq,2019,75000,2,hybrid,1.6,141,robotic,147000,hyundai
Hyundai,Getz,2008,10000,4,gasoline,1.4,97,manual,265000,hyundai
Hyundai,Tucson,2021,135000,1,gasoline,1.6,180,robotic,70000,hyundai
Hyundai,Ioniq,2019,70000,3,hybrid,1.6,141,robotic,112000,hyundai
Hyundai,Santa Fe,2011,52000,2,diesel,2.2,197,automatic,245045,hyundai
Hyundai,I20,2022,91000,1,gasoline,1,100,robotic,24000,hyundai
Hyundai,I25,2016,30000,2,gasoline,1.6,124,automatic,200000,hyundai
Hyundai,I10,2016,30000,3,gasoline,1,67,automatic,180000,hyundai
Hyundai,I20,2019,64000,3,gasoline,1,100,robotic,95300,hyundai
Hyundai,Accent,2009,9500,4,gasoline,1.4,97,automatic,190000,hyundai
Hyundai,I30,2018,54900,2,gasoline,1.4,140,robotic,140000,hyundai
Hyundai,I30,2015,33000,3,gasoline,1.6,135,automatic,176000,hyundai
Hyundai,Ioniq,2020,115000,1,hybrid,1.6,141,robotic,88000,hyundai
Hyundai,Ioniq,2019,75000,2,hybrid,1.6,141,robotic,147000,hyundai
Hyundai,Getz,2010,8000,1,gasoline,1.4,97,automatic,190000,hyundai
Hyundai,Tucson,2018,98000,2,gasoline,2,155,robotic,113000,hyundai
Hyundai,Elantra,2023,143200,1,hybrid,1.6,139,robotic,25000,hyundai
Hyundai,Tucson,2016,53000,3,gasoline,1.6,132,automatic,119500,hyundai
Hyundai,I800,2002,6500,4,diesel,2.5,101,manual,356679,hyundai
Hyundai,Getz,2006,6500,3,gasoline,1.3,82,automatic,281000,hyundai
Hyundai,Ioniq,2019,95000,2,hybrid,1.6,141,robotic,86000,hyundai
Hyundai,Ioniq,2018,65000,2,hybrid,1.6,141,robotic,146000,hyundai
Hyundai,I25,2012,19800,3,gasoline,1.4,109,automatic,223125,hyundai
Hyundai,I30,2012,30000,2,gasoline,1.6,135,automatic,170000,hyundai
Hyundai,Kona,2021,86000,2,gasoline,1.6,198,robotic,65000,hyundai
Hyundai,I30,2008,14500,3,gasoline,1.6,126,automatic,153000,hyundai
Hyundai,Sonata,2021,140000,1,hybrid,2,192,automatic,33000,hyundai
Hyundai,I20,2010,16500,4,gasoline,1.4,100,automatic,258000,hyundai
Hyundai,Santa Fe,2008,25000,4,gasoline,2.7,189,automatic,220000,hyundai
Hyundai,I20,2019,78000,1,gasoline,1,100,robotic,32000,hyundai
Hyundai,I35,2015,37750,3,gasoline,1.6,132,automatic,178000,hyundai
Hyundai,Santa Fe,2008,25000,4,gasoline,2.7,189,automatic,220000,hyundai
Hyundai,I20,2019,78000,1,gasoline,1,100,robotic,32000,hyundai
Hyundai,I35,2015,37750,3,gasoline,1.6,132,automatic,178000,hyundai
Hyundai,I30,2008,15000,3,gasoline,1.6,126,automatic,173187,hyundai
Hyundai,I800,2011,36000,3,diesel,2.5,136,manual,433000,hyundai
Hyundai,Sonata,2016,54000,2,hybrid,2,193,automatic,170000,hyundai
Hyundai,Tucson,2017,78000,2,gasoline,2,155,robotic,67000,hyundai
Hyundai,Galloper,1999,16000,4,diesel,2.5,105,automatic,290000,hyundai
Hyundai,I30,2010,19999,4,gasoline,1.6,126,automatic,210500,hyundai
Hyundai,I30,2013,18000,3,gasoline,1.6,135,automatic,230000,hyundai
Hyundai,I30,2013,22000,4,gasoline,1.6,135,automatic,210000,hyundai
Hyundai,Sonata,2022,137000,1,hybrid,2,192,automatic,85750,hyundai
Hyundai,I20,2012,26000,2,gasoline,1.4,100,automatic,113000,hyundai
Hyundai,I30,2014,30000,3,gasoline,1.6,135,automatic,311259,hyundai
Hyundai,Elantra,2017,50900,3,gasoline,1.6,128,automatic,113000,hyundai
Hyundai,Ioniq,2018,74000,2,hybrid,1.6,141,robotic,102000,hyundai
Hyundai,I30,2013,18000,2,gasoline,1.6,135,automatic,303000,hyundai
Hyundai,I10,2022,70000,2,gasoline,1.2,84,robotic,39000,hyundai
Hyundai,Kona Ev,2023,122000,1,electro,,,automatic,30000,hyundai
Hyundai,Tucson,2021,115000,2,gasoline,2,156,automatic,38000,hyundai
Hyundai,Santa Fe,2011,52000,2,diesel,2.2,197,automatic,245045,hyundai
Hyundai,I20,2022,91000,1,gasoline,1,100,robotic,24000,hyundai
Hyundai,I25,2016,30000,2,gasoline,1.6,124,automatic,200000,hyundai
Hyundai,I10,2016,30000,3,gasoline,1,67,automatic,180000,hyundai
Hyundai,I20,2019,64000,3,gasoline,1,100,robotic,95300,hyundai
Hyundai,Accent,2009,9500,4,gasoline,1.4,97,automatic,190000,hyundai
Hyundai,I30,2018,54900,2,gasoline,1.4,140,robotic,140000,hyundai
Hyundai,I30,2015,33000,3,gasoline,1.6,135,automatic,176000,hyundai
Hyundai,Ioniq,2020,115000,1,hybrid,1.6,141,robotic,88000,hyundai
Hyundai,Ioniq,2019,75000,2,hybrid,1.6,141,robotic,147000,hyundai
Hyundai,Ioniq 5,2022,190000,2,electro,,,automatic,88000,hyundai
Hyundai,Sonata,2020,143000,1,hybrid,2,192,automatic,74000,hyundai
Hyundai,I25,2018,45000,2,gasoline,1.4,100,automatic,140000,hyundai
Hyundai,Sonata,2019,85000,2,hybrid,2,193,automatic,177800,hyundai
Hyundai,I10,2016,33995,4,gasoline,1,67,automatic,90000,hyundai
Hyundai,I35,2014,35000,1,gasoline,1.6,132,automatic,190000,hyundai
Hyundai,I10,2018,47000,2,gasoline,1.2,87,automatic,48000,hyundai
Hyundai,Ioniq,2021,90000,1,hybrid,1.6,141,robotic,95000,hyundai
Hyundai,Tucson,2021,124000,3,gasoline,1.6,180,robotic,50000,hyundai
Hyundai,I10,2018,35000,2,gasoline,1.2,87,automatic,69198,hyundai
Hyundai,I30,2014,25000,3,gasoline,1.6,135,automatic,203000,hyundai
Hyundai,I10,2009,9000,3,gasoline,1.2,78,automatic,232000,hyundai
Hyundai,Ioniq,2020,92000,2,hybrid,1.6,141,robotic,150000,hyundai
Hyundai,Sonata,2018,73000,3,hybrid,2,193,automatic,160000,hyundai
Hyundai,Santa Fe,2012,42000,2,gasoline,2.4,174,automatic,159000,hyundai
Hyundai,Ioniq,2021,105000,4,hybrid,1.6,141,robotic,80200,hyundai
Hyundai,I10,2014,27000,4,gasoline,1,67,automatic,140000,hyundai
Hyundai,Ioniq,2019,70000,2,hybrid,1.6,141,robotic,144000,hyundai
Hyundai,Ioniq,2019,90000,1,hybrid,1.6,141,robotic,115000,hyundai
Hyundai,I25,2012,20000,3,gasoline,1.4,109,automatic,273000,hyundai
Hyundai,Getz,2010,8000,1,gasoline,1.4,97,automatic,190000,hyundai
Hyundai,Tucson,2018,98000,2,gasoline,2,155,robotic,113000,hyundai
Hyundai,Elantra,2023,143200,1,hybrid,1.6,139,robotic,25000,hyundai
Hyundai,Tucson,2016,53000,3,gasoline,1.6,132,automatic,119500,hyundai
Hyundai,I800,2002,6500,4,diesel,2.5,101,manual,356679,hyundai
Hyundai,Getz,2006,6500,3,gasoline,1.3,82,automatic,281000,hyundai
Hyundai,Ioniq,2019,95000,2,hybrid,1.6,141,robotic,86000,hyundai
Hyundai,Santa Fe,2008,25000,4,gasoline,2.7,189,automatic,220000,hyundai
Hyundai,I20,2019,78000,1,gasoline,1,100,robotic,32000,hyundai
Hyundai,I35,2015,37750,3,gasoline,1.6,132,automatic,178000,hyundai
Hyundai,Tucson,2017,82500,3,gasoline,2,155,robotic,187000,hyundai
Hyundai,I35,2013,26500,3,gasoline,1.6,132,automatic,238000,hyundai
Hyundai,I35,2015,45000,1,gasoline,1.6,132,automatic,108600,hyundai
Hyundai,Sonata,2022,155000,1,hybrid,2,192,automatic,66000,hyundai
Hyundai,Tucson,2016,82000,3,gasoline,2,155,robotic,122255,hyundai
Hyundai,I30,2010,14800,3,gasoline,1.6,126,automatic,290000,hyundai
Hyundai,Kona Ev,2022,114000,1,electro,,,automatic,56000,hyundai
Hyundai,Tucson,2017,74000,2,gasoline,2,155,automatic,112000,hyundai
Hyundai,I25,2013,23000,3,gasoline,1.4,109,automatic,247000,hyundai
Hyundai,Elantra,2004,6000,3,gasoline,1.6,107,automatic,184000,hyundai
Hyundai,I20,2012,21000,2,gasoline,1.4,100,automatic,135000,hyundai
Hyundai,I10,2020,68000,1,gasoline,1.2,84,robotic,38000,hyundai
Hyundai,Santa Fe,2013,60000,3,diesel,2.2,197,automatic,185000,hyundai
Hyundai,Veloster,2011,24950,3,gasoline,1.6,140,robotic,182000,hyundai
Hyundai,Sonata,2016,70000,3,hybrid,2,193,automatic,220221,hyundai
Hyundai,Ix35,2011,35000,3,gasoline,2,163,automatic,165000,hyundai
Hyundai,I25,2016,30000,2,gasoline,1.4,100,automatic,238000,hyundai
Hyundai,I30,2016,42000,1,gasoline,1.6,135,automatic,171000,hyundai
Hyundai,Tucson,2016,75000,2,gasoline,2,155,robotic,121000,hyundai
Hyundai,Tucson,2016,69000,1,gasoline,2,155,robotic,189000,hyundai
Hyundai,I30,2008,15000,3,gasoline,1.6,126,automatic,173187,hyundai
Hyundai,I800,2011,36000,3,diesel,2.5,136,manual,433000,hyundai
Hyundai,Sonata,2016,54000,2,hybrid,2,193,automatic,170000,hyundai
Hyundai,Tucson,2017,78000,2,gasoline,2,155,robotic,67000,hyundai
Hyundai,Galloper,1999,16000,4,diesel,2.5,105,automatic,290000,hyundai
Hyundai,I30,2010,19999,4,gasoline,1.6,126,automatic,210500,hyundai
Hyundai,I30,2013,18000,3,gasoline,1.6,135,automatic,230000,hyundai
Hyundai,I30,2013,22000,4,gasoline,1.6,135,automatic,210000,hyundai
Hyundai,Sonata,2022,137000,1,hybrid,2,192,automatic,85750,hyundai
Hyundai,I20,2012,26000,2,gasoline,1.4,100,automatic,113000,hyundai
Hyundai,I10,2015,37500,2,gasoline,1,67,automatic,128000,hyundai
Hyundai,I25,2011,17000,2,gasoline,1.6,124,automatic,201000,hyundai
Hyundai,I25,2012,29000,4,gasoline,1.6,124,automatic,180000,hyundai
Hyundai,Elantra,2022,122000,1,hybrid,1.6,139,robotic,46000,hyundai
Hyundai,Accent,2008,8500,1,gasoline,1.6,112,automatic,270000,hyundai
Hyundai,I20,2010,16000,3,gasoline,1.4,100,automatic,197000,hyundai
Hyundai,I10,2021,61000,1,gasoline,1.2,84,robotic,70000,hyundai
Hyundai,I10,2015,24150,4,gasoline,1,67,automatic,209727,hyundai
Hyundai,Tucson,2022,137000,1,gasoline,1.6,180,robotic,53000,hyundai
Hyundai,H350,2018,75000,2,diesel,2.5,170,manual,264876,hyundai
Hyundai,Veloster,2015,40000,2,gasoline,1.6,140,robotic,91000,hyundai
Hyundai,I30,2011,16500,3,gasoline,1.6,126,automatic,235000,hyundai
Hyundai,Ioniq,2019,78000,1,hybrid,1.6,141,robotic,146000,hyundai
Hyundai,I30,2009,11000,4,gasoline,1.6,126,automatic,212000,hyundai
Hyundai,I35,2013,23000,2,gasoline,1.6,132,automatic,300000,hyundai
Hyundai,Tucson,2016,65000,3,gasoline,2,155,robotic,113000,hyundai
Hyundai,I10,2021,67000,1,gasoline,1.2,84,robotic,30032,hyundai
Hyundai,Santa Fe,2015,80000,3,gasoline,2.4,192,automatic,79000,hyundai
Hyundai,Bayon,2023,120000,2,gasoline,1,120,robotic,10600,hyundai
Hyundai,Getz,2008,7499,3,gasoline,1.4,97,automatic,243000,hyundai
Hyundai,I30,2014,30000,3,gasoline,1.6,135,automatic,311259,hyundai
Hyundai,Elantra,2017,50900,3,gasoline,1.6,128,automatic,113000,hyundai
Hyundai,Ioniq,2018,74000,2,hybrid,1.6,141,robotic,102000,hyundai
Hyundai,I30,2013,18000,2,gasoline,1.6,135,automatic,303000,hyundai
Hyundai,I10,2022,70000,2,gasoline,1.2,84,robotic,39000,hyundai
Hyundai,Kona Ev,2023,122000,1,electro,,,automatic,30000,hyundai
Hyundai,Tucson,2021,115000,2,gasoline,2,156,automatic,38000,hyundai
Hyundai,Ioniq 5,2022,190000,2,electro,,,automatic,88000,hyundai
Hyundai,Sonata,2020,143000,1,hybrid,2,192,automatic,74000,hyundai
Hyundai,I25,2018,45000,2,gasoline,1.4,100,automatic,140000,hyundai
Hyundai,Tucson,2016,63000,1,gasoline,2,155,robotic,138000,hyundai
Hyundai,I10,2018,40000,2,gasoline,1.2,87,automatic,173000,hyundai
Hyundai,Kona Ev,2022,116000,1,electro,,,automatic,52000,hyundai
Hyundai,Tucson,2020,110000,3,gasoline,2,155,automatic,75000,hyundai
Hyundai,Elantra,2022,124000,1,hybrid,1.6,139,robotic,59000,hyundai
Hyundai,I10,2020,63000,1,gasoline,1.2,84,robotic,58000,hyundai
Hyundai,I30,2008,15000,4,gasoline,1.6,126,automatic,183000,hyundai
Hyundai,Ioniq,2017,65000,1,hybrid,1.6,141,robotic,149000,hyundai
Hyundai,I25,2016,30000,2,gasoline,1.4,100,automatic,210000,hyundai
Hyundai,Ioniq,2020,82000,1,hybrid,1.6,141,robotic,151000,hyundai
Hyundai,Tucson,2018,87000,3,gasoline,2,155,automatic,85000,hyundai
Hyundai,Santa Fe,2015,78999,3,gasoline,2.4,192,automatic,105000,hyundai
Hyundai,I35,2013,25500,4,gasoline,1.6,132,automatic,236500,hyundai
Hyundai,Ioniq,2020,115000,2,hybrid,1.6,141,robotic,62000,hyundai
Hyundai,Sonata,2006,6000,4,gasoline,2.4,161,automatic,266000,hyundai
Hyundai,Ioniq,2019,77000,1,hybrid,1.6,141,robotic,108000,hyundai
Hyundai,I20,2015,30000,3,gasoline,1.4,100,automatic,192000,hyundai
Hyundai,I20,2021,65000,3,gasoline,1,100,robotic,73300,hyundai
Hyundai,Tucson,2018,93000,2,gasoline,1.6,177,robotic,103000,hyundai
Hyundai,Ioniq,2017,70000,2,hybrid,1.6,141,robotic,145000,hyundai
Hyundai,Sonata,2019,85000,2,hybrid,2,193,automatic,177800,hyundai
Hyundai,I10,2016,33995,4,gasoline,1,67,automatic,90000,hyundai
Hyundai,I35,2014,35000,1,gasoline,1.6,132,automatic,190000,hyundai
Hyundai,I10,2018,47000,2,gasoline,1.2,87,automatic,48000,hyundai
Hyundai,Ioniq,2021,90000,1,hybrid,1.6,141,robotic,95000,hyundai
Hyundai,Tucson,2021,124000,3,gasoline,1.6,180,robotic,50000,hyundai
Hyundai,I10,2018,35000,2,gasoline,1.2,87,automatic,69198,hyundai
Hyundai,I30,2014,25000,3,gasoline,1.6,135,automatic,203000,hyundai
Hyundai,I10,2009,9000,3,gasoline,1.2,78,automatic,232000,hyundai
Hyundai,Ioniq,2020,92000,2,hybrid,1.6,141,robotic,150000,hyundai
Hyundai,Sonata,2017,78000,3,hybrid,2,193,automatic,144000,hyundai
Hyundai,I20,2010,9000,4,gasoline,1.4,100,automatic,240000,hyundai
Hyundai,Ioniq,2019,79000,2,hybrid,1.6,141,robotic,179000,hyundai
Hyundai,I25,2013,31999,1,gasoline,1.6,124,automatic,179000,hyundai
Hyundai,I20,2014,13000,4,gasoline,1.2,85,manual,160000,hyundai
Hyundai,I10,2009,13500,4,gasoline,1.2,78,automatic,170000,hyundai
Hyundai,I20,2022,97000,2,gasoline,1,100,robotic,15000,hyundai
Hyundai,Santa Fe,2008,25000,3,gasoline,2.7,189,automatic,242000,hyundai
Hyundai,Ioniq 5,2024,152000,1,electro,,,automatic,80000,hyundai
Hyundai,I30,2008,12000,4,gasoline,1.6,126,automatic,250123,hyundai
Hyundai,Getz,2004,4800,4,gasoline,1.3,82,automatic,230000,hyundai
Hyundai,Ioniq,2019,80000,2,hybrid,1.6,141,robotic,129000,hyundai
Hyundai,I30,2010,11000,2,gasoline,1.6,126,automatic,322900,hyundai
Hyundai,Tucson,2018,71000,3,gasoline,2,155,robotic,118000,hyundai
Hyundai,Ioniq,2019,78000,2,hybrid,1.6,141,robotic,157000,hyundai
Hyundai,I30,2010,22000,3,gasoline,1.6,126,automatic,200000,hyundai
Hyundai,I25,2013,21000,4,gasoline,1.4,109,automatic,209000,hyundai
Hyundai,Elantra,2022,165000,2,gasoline,1.6,201,robotic,53000,hyundai
Hyundai,Tucson,2016,68000,1,gasoline,1.6,132,automatic,120000,hyundai
Hyundai,I25,2015,31500,4,gasoline,1.6,124,automatic,177000,hyundai
Hyundai,Sonata,2018,73000,3,hybrid,2,193,automatic,160000,hyundai
Hyundai,Santa Fe,2012,42000,2,gasoline,2.4,174,automatic,159000,hyundai
Hyundai,Ioniq,2021,105000,4,hybrid,1.6,141,robotic,80200,hyundai
Hyundai,I10,2014,27000,4,gasoline,1,67,automatic,140000,hyundai
Hyundai,Ioniq,2019,70000,2,hybrid,1.6,141,robotic,144000,hyundai
Hyundai,Ioniq,2019,90000,1,hybrid,1.6,141,robotic,115000,hyundai
Hyundai,I25,2012,20000,3,gasoline,1.4,109,automatic,273000,hyundai
Hyundai,Tucson,2017,82500,3,gasoline,2,155,robotic,187000,hyundai
Hyundai,I35,2013,26500,3,gasoline,1.6,132,automatic,238000,hyundai
Hyundai,I35,2015,45000,1,gasoline,1.6,132,automatic,108600,hyundai
Hyundai,I10,2021,60000,1,gasoline,1.2,84,robotic,70000,hyundai
Hyundai,Tucson,2023,159000,1,gasoline,1.6,180,robotic,11700,hyundai
Hyundai,I25,2016,35400,3,gasoline,1.6,124,automatic,200000,hyundai
Hyundai,Tucson,2008,16500,2,gasoline,2.7,175,automatic,185000,hyundai
Hyundai,I30,2010,13000,4,gasoline,1.6,126,automatic,280000,hyundai
Hyundai,Sonata,2017,85000,3,hybrid,2,193,automatic,125000,hyundai
Hyundai,Tucson,2019,100000,2,gasoline,1.6,177,robotic,130000,hyundai
Hyundai,I30,2012,26000,2,gasoline,1.6,135,automatic,217000,hyundai
Hyundai,Ioniq,2018,85000,2,hybrid,1.6,141,robotic,96000,hyundai
Hyundai,Accent,2020,67000,1,gasoline,1.4,123,automatic,81000,hyundai
Hyundai,Sonata,2018,85000,2,hybrid,2,193,automatic,200000,hyundai
Hyundai,Tucson,2018,95000,2,gasoline,1.6,177,robotic,95000,hyundai
Hyundai,Tucson,2019,92000,2,gasoline,2,155,automatic,31500,hyundai
Hyundai,Ioniq,2022,105000,2,hybrid,1.6,141,robotic,66000,hyundai
Hyundai,I20,2020,73000,1,gasoline,1,100,robotic,80000,hyundai
Hyundai,Bayon,2023,113000,1,gasoline,1,100,robotic,19000,hyundai
Hyundai,I25,2011,24000,3,gasoline,1.6,124,automatic,160000,hyundai
Hyundai,Sonata,2016,79500,2,hybrid,2,193,automatic,68900,hyundai
Hyundai,Ix35,2012,41000,2,gasoline,2,163,automatic,211000,hyundai
Hyundai,Venue,2021,80000,2,gasoline,1.6,123,variable,63000,hyundai
Hyundai,Sonata,2022,155000,1,hybrid,2,192,automatic,66000,hyundai
Hyundai,Tucson,2016,82000,3,gasoline,2,155,robotic,122255,hyundai
Hyundai,I30,2010,14800,3,gasoline,1.6,126,automatic,290000,hyundai
Hyundai,Kona Ev,2022,114000,1,electro,,,automatic,56000,hyundai
Hyundai,Tucson,2017,74000,2,gasoline,2,155,automatic,112000,hyundai
Hyundai,I25,2013,23000,3,gasoline,1.4,109,automatic,247000,hyundai
Hyundai,Elantra,2004,6000,3,gasoline,1.6,107,automatic,184000,hyundai
Hyundai,I20,2012,21000,2,gasoline,1.4,100,automatic,135000,hyundai
Hyundai,I10,2020,68000,1,gasoline,1.2,84,robotic,38000,hyundai
Hyundai,Santa Fe,2013,60000,3,diesel,2.2,197,automatic,185000,hyundai
Hyundai,I10,2018,42000,2,gasoline,1.2,87,automatic,100000,hyundai
Hyundai,I20,2010,19000,4,gasoline,1.4,100,automatic,152135,hyundai
Hyundai,Getz,2009,7000,3,gasoline,1.4,97,automatic,180000,hyundai
Hyundai,I25,2018,50000,2,gasoline,1.4,100,automatic,150000,hyundai
Hyundai,I10,2018,55400,2,gasoline,1.2,87,automatic,57000,hyundai
Hyundai,I30,2010,10500,4,gasoline,1.6,126,automatic,260000,hyundai
Hyundai,Ix35,2012,47000,3,gasoline,2,163,automatic,177000,hyundai
Hyundai,Santa Fe,2011,37000,4,gasoline,2.4,174,automatic,223000,hyundai
Hyundai,I10,2018,45000,2,gasoline,1.2,87,automatic,129800,hyundai
Hyundai,I10,2016,32000,4,gasoline,1.2,87,automatic,114000,hyundai
Hyundai,I10,2017,30000,2,gasoline,1,66,automatic,112000,hyundai
Hyundai,Ioniq,2018,75000,2,hybrid,1.6,141,robotic,124000,hyundai
Hyundai,Ioniq,2019,78000,1,hybrid,1.6,141,robotic,123000,hyundai
Hyundai,Ioniq,2020,100000,3,hybrid,1.6,141,robotic,100000,hyundai
Hyundai,Tucson,2016,58000,1,gasoline,1.6,132,automatic,185000,hyundai
Hyundai,I30,2013,29600,3,gasoline,1.6,135,automatic,141000,hyundai
Hyundai,I30,2010,15500,3,gasoline,1.6,126,automatic,250000,hyundai
Hyundai,Tucson,2020,120000,2,gasoline,2,155,automatic,16000,hyundai
Hyundai,Ioniq,2019,82000,2,hybrid,1.6,141,robotic,125000,hyundai
Hyundai,I20,2014,20500,2,gasoline,1.4,100,automatic,199427,hyundai
Hyundai,Veloster,2011,24950,3,gasoline,1.6,140,robotic,182000,hyundai
Hyundai,Sonata,2016,70000,3,hybrid,2,193,automatic,220221,hyundai
Hyundai,Ix35,2011,35000,3,gasoline,2,163,automatic,165000,hyundai
Hyundai,I25,2016,30000,2,gasoline,1.4,100,automatic,238000,hyundai
Hyundai,I30,2016,42000,1,gasoline,1.6,135,automatic,171000,hyundai
Hyundai,Tucson,2016,75000,2,gasoline,2,155,robotic,121000,hyundai
Hyundai,Tucson,2016,69000,1,gasoline,2,155,robotic,189000,hyundai
Hyundai,I10,2015,37500,2,gasoline,1,67,automatic,128000,hyundai
Hyundai,I25,2011,17000,2,gasoline,1.6,124,automatic,201000,hyundai
Hyundai,I25,2012,29000,4,gasoline,1.6,124,automatic,180000,hyundai
Hyundai,Palisade,2022,235000,1,gasoline,3.8,291,automatic,33000,hyundai
Hyundai,Ioniq,2020,113000,1,hybrid,1.6,141,robotic,130000,hyundai
Hyundai,I10,2017,38000,3,gasoline,1.2,87,automatic,117000,hyundai
Hyundai,Ioniq,2017,56000,3,hybrid,1.6,141,robotic,192000,hyundai
Hyundai,Sonata,2020,136000,1,hybrid,2,192,automatic,83000,hyundai
Hyundai,I800,2018,117000,1,diesel,2.5,170,automatic,90400,hyundai
Hyundai,Ioniq,2018,69000,2,hybrid,1.6,141,robotic,159000,hyundai
Hyundai,Tucson,2019,90400,2,gasoline,2,155,automatic,102000,hyundai
Hyundai,Ioniq,2019,78000,2,hybrid,1.6,141,robotic,140000,hyundai
Hyundai,I20,2011,15000,3,gasoline,1.4,100,automatic,186000,hyundai
Hyundai,Accent,2008,5500,3,gasoline,1.4,97,automatic,245000,hyundai
Hyundai,Accent,2019,58000,2,gasoline,1.4,123,automatic,149000,hyundai
Hyundai,Tucson,2019,95000,3,gasoline,2,155,automatic,53000,hyundai
Hyundai,Santa Fe,2009,39000,2,gasoline,2.7,189,automatic,150000,hyundai
Hyundai,Tucson,2005,9500,4,gasoline,2.7,175,automatic,171000,hyundai
Hyundai,I20,2011,21000,3,gasoline,1.4,100,automatic,180000,hyundai
Hyundai,Getz,2005,7000,3,gasoline,1.3,82,automatic,161000,hyundai
Hyundai,Sonata,2018,62000,3,hybrid,2,193,automatic,194000,hyundai
Hyundai,Tucson,2016,72000,2,gasoline,2,155,robotic,98025,hyundai
Hyundai,Ioniq,2017,66000,3,hybrid,1.6,141,robotic,151000,hyundai
Hyundai,Elantra,2022,122000,1,hybrid,1.6,139,robotic,46000,hyundai
Hyundai,Accent,2008,8500,1,gasoline,1.6,112,automatic,270000,hyundai
Hyundai,I20,2010,16000,3,gasoline,1.4,100,automatic,197000,hyundai
Hyundai,I10,2021,61000,1,gasoline,1.2,84,robotic,70000,hyundai
Hyundai,I10,2015,24150,4,gasoline,1,67,automatic,209727,hyundai
Hyundai,Tucson,2022,137000,1,gasoline,1.6,180,robotic,53000,hyundai
Hyundai,H350,2018,75000,2,diesel,2.5,170,manual,264876,hyundai
Hyundai,Veloster,2015,40000,2,gasoline,1.6,140,robotic,91000,hyundai
Hyundai,I30,2011,16500,3,gasoline,1.6,126,automatic,235000,hyundai
Hyundai,Ioniq,2019,78000,1,hybrid,1.6,141,robotic,146000,hyundai
Kia,Picanto,2020,49900,2,gasoline,1.2,84,automatic,82000,kia
Kia,Niro,2020,89900,2,plug-in,1.6,141,robotic,110769,kia
Kia,Sportage,2014,37999,4,gasoline,2,163,automatic,147000,kia
Kia,Sportage,2016,44900,2,gasoline,1.6,132,automatic,162000,kia
Kia,Niro,2021,109000,1,plug-in,1.6,141,robotic,72256,kia
Kia,Sportage,2017,58800,3,gasoline,2,155,automatic,153000,kia
Kia,Sportage,2021,99900,2,gasoline,1.6,177,robotic,78900,kia
Kia,Niro,2019,74900,2,hybrid,1.6,141,robotic,117000,kia
Kia,Sportage,2016,39800,2,gasoline,1.6,133,automatic,155000,kia
Kia,Picanto,2012,19900,2,gasoline,1.2,85,automatic,172000,kia
Kia,Ceed,2022,69900,1,diesel,1.6,136,robotic,127000,kia
Kia,Rio,2013,23500,2,gasoline,1.4,109,automatic,176000,kia
Kia,Forte,2014,23900,2,gasoline,1.6,130,automatic,176000,kia
Kia,Niro,2025,137900,1,hybrid,1.6,129,robotic,21000,kia
Kia,Forte,2018,28800,2,diesel,1.6,136,automatic,260000,kia
Kia,Sorento,2022,146900,1,gasoline,2.5,180,automatic,95000,kia
Kia,Picanto,2015,24900,2,gasoline,1.2,85,automatic,132000,kia
Kia,Ceed,2013,23900,3,gasoline,1.6,135,robotic,176000,kia
Kia,Sportage,2015,49900,1,gasoline,1.6,133,automatic,131000,kia
Kia,Picanto,2023,69999,1,gasoline,1.2,84,robotic,45000,kia
Kia,Sportage,2018,60000,2,gasoline,1.6,132,automatic,123000,kia
Kia,Rio,2014,21000,3,gasoline,1.4,109,automatic,190000,kia
Kia,Sportage,2015,45000,3,gasoline,1.6,133,automatic,148000,kia
Kia,Niro,2020,100000,3,hybrid,1.6,141,robotic,76000,kia
Kia,Picanto,2020,67000,1,gasoline,1.2,84,automatic,75000,kia
Kia,Sportage,2019,78900,3,gasoline,1.6,177,robotic,123000,kia
Kia,Sportage,2015,38000,1,gasoline,1.6,133,automatic,170000,kia
Kia,Forte,2010,10500,2,gasoline,1.6,126,automatic,265000,kia
Kia,Sorento,2013,37000,1,gasoline,2.4,192,automatic,200000,kia
Kia,Carnival,2016,60000,2,gasoline,3.3,276,automatic,306000,kia
Kia,Sportage,2010,22500,3,gasoline,2.7,175,automatic,140000,kia
Kia,Sportage,2017,58800,3,gasoline,2,155,automatic,153000,kia
Kia,Picanto,2012,19900,2,gasoline,1.2,85,automatic,172000,kia
Kia,Sportage,2020,99500,2,gasoline,1.6,177,robotic,38000,kia
Kia,Rio,2020,43800,2,gasoline,1,120,automatic,210000,kia
Kia,Seltos,2022,97900,1,gasoline,2,149,variable,62000,kia
Kia,Niro,2020,77900,2,hybrid,1.6,141,robotic,144800,kia
Kia,Seltos,2021,89900,1,gasoline,2,149,variable,74000,kia
Kia,Sportage,2018,64000,2,gasoline,1.6,132,automatic,147000,kia
Kia,Sportage,2016,52000,2,gasoline,1.6,132,automatic,145000,kia
Kia,Sportage,2021,95900,2,gasoline,1.6,177,robotic,59000,kia
Kia,Sorento,2023,154900,1,gasoline,2.5,180,automatic,72500,kia
Kia,Sportage,2023,117000,1,gasoline,2,156,automatic,87000,kia
Kia,Sportage,2015,42900,4,gasoline,1.6,133,automatic,130000,kia
Kia,Niro,2019,79900,3,hybrid,1.6,141,robotic,114000,kia
Kia,Sportage,2020,93000,2,gasoline,1.6,177,robotic,77000,kia
Kia,Stonic,2021,77900,1,gasoline,1,100,robotic,63000,kia
Kia,Niro,2018,84990,1,hybrid,1.6,141,robotic,69000,kia
Kia,Sportage,2018,60000,2,gasoline,1.6,132,automatic,123000,kia
Kia,Xceed,2021,77105,2,gasoline,1.4,140,robotic,78280,kia
Kia,Niro,2021,102000,2,plug-in,1.6,141,robotic,78000,kia
Kia,Sportage,2014,35000,2,gasoline,2,163,automatic,140000,kia
Kia,Rio,2016,22000,3,gasoline,1.4,109,automatic,177000,kia
Kia,Stonic,2020,68000,1,gasoline,1,120,robotic,62000,kia
Kia,Sportage,2017,59000,2,gasoline,1.6,132,automatic,114000,kia
Kia,Picanto,2016,25000,3,gasoline,1.2,85,automatic,190000,kia
Kia,Ceed,2015,20000,3,gasoline,1.6,135,robotic,194000,kia
Kia,Niro,2022,108000,2,plug-in,1.6,141,robotic,59480,kia
Kia,Picanto,2022,75000,1,gasoline,1.2,84,robotic,35000,kia
Kia,Stonic,2020,62600,2,gasoline,1,120,robotic,82000,kia
Kia,Xceed,2021,79485,1,gasoline,1.4,140,robotic,59035,kia
Kia,Stonic,2024,101250,1,gasoline,1.4,100,automatic,52347,kia
Kia,Stonic,2024,103455,1,gasoline,1,100,robotic,44521,kia
Kia,Stonic,2023,97347,1,gasoline,1,100,robotic,44738,kia
Kia,Stonic,2023,100910,1,gasoline,1.4,100,automatic,28000,kia
Kia,Stonic,2022,75442,2,gasoline,1.4,100,automatic,96500,kia
Kia,Stonic,2022,86450,2,gasoline,1.4,100,automatic,77555,kia
Kia,Stonic,2022,91360,1,gasoline,1,100,robotic,66200,kia
Kia,Stonic,2022,83155,1,gasoline,1,100,robotic,104781,kia
Kia,Stonic,2021,88995,1,gasoline,1,100,robotic,54000,kia
Kia,Stonic,2021,87845,1,gasoline,1,100,robotic,46000,kia
Kia,Stonic,2020,58585,2,gasoline,1,120,robotic,94500,kia
Kia,Stonic,2020,71175,1,gasoline,1,120,robotic,125600,kia
Kia,Stonic,2019,71155,1,gasoline,1,120,robotic,82000,kia
Kia,Stonic,2018,70455,2,gasoline,1,120,robotic,93079,kia
Kia,Sportage,2024,186995,1,hybrid,1.6,230,automatic,24475,kia
Kia,Sportage,2022,168310,1,hybrid,1.6,230,automatic,43000,kia
Kia,Sportage,2024,158575,1,gasoline,1.6,180,robotic,42545,kia
Kia,Sportage,2024,166995,1,gasoline,1.6,180,robotic,11000,kia
Kia,Sportage,2023,135687,1,gasoline,2,156,automatic,90245,kia
Kia,Stonic,2020,62600,2,gasoline,1,120,robotic,82000,kia
Kia,Sorento,2018,120000,1,diesel,2.2,200,automatic,152000,kia
Kia,Optima,2014,32500,1,diesel,1.6,136,automatic,148000,kia
Kia,Xceed,2021,60000,1,gasoline,1.4,140,robotic,142396,kia
Kia,Picanto,2025,94000,1,gasoline,1.2,79,robotic,13000,kia
Kia,Sorento,2022,150000,1,gasoline,2.5,180,automatic,66000,kia
Kia,Sportage,2012,24000,2,gasoline,2,163,automatic,150000,kia
Kia,Niro,2021,115000,1,hybrid,1.6,141,robotic,37000,kia
Kia,Niro,2017,59500,1,hybrid,1.6,141,robotic,171000,kia
Kia,Niro,2019,81000,2,hybrid,1.6,141,robotic,220000,kia
Kia,Sportage,2023,139445,1,gasoline,1.6,180,robotic,75665,kia
Kia,Sportage,2023,147515,1,gasoline,1.6,180,robotic,50700,kia
Kia,Sportage,2023,139895,1,gasoline,2,156,automatic,35540,kia
Kia,Sportage,2023,148197,1,gasoline,1.6,180,robotic,24000,kia
Kia,Sportage,2022,117390,2,gasoline,1.6,177,robotic,50600,kia
Kia,Sportage,2022,110335,2,gasoline,1.6,177,robotic,41747,kia
Kia,Sportage,2022,131395,1,gasoline,1.6,180,robotic,90000,kia
Kia,Sportage,2022,108380,1,gasoline,1.6,177,robotic,89000,kia
Kia,Sportage,2022,108465,1,gasoline,1.6,177,robotic,70315,kia
Kia,Sportage,2022,124217,1,gasoline,1.6,180,robotic,66795,kia
Kia,Sportage,2022,126575,1,gasoline,1.6,180,robotic,52000,kia
Kia,Sportage,2022,142540,1,gasoline,1.6,180,robotic,37000,kia
Kia,Sportage,2022,123165,1,gasoline,1.6,177,robotic,34576,kia
Kia,Sportage,2022,129655,1,gasoline,1.6,180,robotic,12797,kia
Kia,Sportage,2022,76675,1,diesel,1.6,136,automatic,117588,kia
Kia,Sportage,2022,108895,1,gasoline,1.6,180,robotic,125704,kia
Kia,Sportage,2021,86745,3,gasoline,2,155,automatic,79000,kia
Kia,Sportage,2021,97595,2,gasoline,1.6,177,robotic,70336,kia
Kia,Sportage,2021,107385,2,gasoline,1.6,177,robotic,69221,kia
Kia,Sportage,2021,108070,2,gasoline,1.6,177,robotic,62800,kia
Kia,Sportage,2019,68000,2,diesel,1.6,136,robotic,95600,kia
Kia,Stonic,2023,99500,1,gasoline,1.4,100,automatic,42000,kia
Kia,Niro,2019,83000,3,hybrid,1.6,141,robotic,127000,kia
Kia,Ceed,2014,17000,3,gasoline,1.6,135,robotic,191000,kia
Kia,Sportage,2016,52000,3,gasoline,1.6,132,automatic,129632,kia
Kia,Niro,2020,100000,2,plug-in,1.6,141,robotic,77000,kia
Kia,Seltos,2024,116000,1,gasoline,2,149,automatic,26000,kia
Kia,Niro,2021,86000,2,plug-in,1.6,141,robotic,147000,kia
Kia,Niro,2018,79000,1,hybrid,1.6,141,robotic,77000,kia
Kia,Ceed,2012,11950,4,gasoline,1.6,126,automatic,186000,kia
Kia,Sportage,2021,106550,2,gasoline,1.6,177,robotic,58518,kia
Kia,Sportage,2021,103465,2,gasoline,1.6,177,robotic,41575,kia
Kia,Sportage,2021,101475,1,gasoline,1.6,177,robotic,87576,kia
Kia,Sportage,2021,101275,1,gasoline,1.6,177,robotic,86553,kia
Kia,Sportage,2021,104055,1,gasoline,1.6,177,robotic,77532,kia
Kia,Sportage,2021,101334,1,gasoline,1.6,177,robotic,75805,kia
Kia,Sportage,2021,110225,1,gasoline,1.6,177,robotic,54000,kia
Kia,Sportage,2021,96027,1,gasoline,1.6,177,robotic,124000,kia
Kia,Sportage,2021,97525,1,gasoline,1.6,177,robotic,116706,kia
Kia,Sportage,2020,92490,2,gasoline,1.6,177,robotic,87368,kia
Kia,Sportage,2020,92750,2,gasoline,1.6,177,robotic,84000,kia
Kia,Sportage,2020,91500,2,gasoline,1.6,177,robotic,81390,kia
Kia,Sportage,2020,96940,2,gasoline,1.6,177,robotic,74595,kia
Kia,Sportage,2020,94884,2,gasoline,1.6,177,robotic,66278,kia
Kia,Sportage,2020,96120,2,gasoline,1.6,177,robotic,52600,kia
Kia,Sportage,2020,96115,2,gasoline,1.6,177,robotic,50900,kia
Kia,Sportage,2020,78390,2,diesel,1.6,136,robotic,136111,kia
Kia,Sportage,2020,85825,1,gasoline,1.6,177,robotic,91785,kia
Kia,Sportage,2020,100425,1,gasoline,1.6,177,robotic,83868,kia
Kia,Sportage,2020,100115,1,gasoline,2,155,automatic,73426,kia
Kia,Sorento,2018,125000,1,gasoline,2.4,188,automatic,200000,kia
Kia,Sportage,2023,160000,1,gasoline,2,156,automatic,25038,kia
Kia,Sportage,2020,80500,2,gasoline,1.6,177,robotic,94000,kia
Kia,Picanto,2020,69000,1,gasoline,1.2,84,automatic,80000,kia
Kia,Sportage,2013,34000,4,gasoline,2,163,automatic,144000,kia
Kia,Ceed,2019,40000,3,gasoline,1.4,140,robotic,209058,kia
Kia,Sportage,2023,132000,2,gasoline,2,156,automatic,43000,kia
Kia,Niro Plus,2022,126000,2,plug-in,1.6,141,robotic,20000,kia
Kia,Niro,2018,67000,2,hybrid,1.6,141,robotic,150000,kia
Kia,Niro,2019,73900,2,hybrid,1.6,141,robotic,141000,kia
Kia,Sportage,2020,106070,1,gasoline,1.6,177,robotic,49725,kia
Kia,Sportage,2019,90835,1,gasoline,2,155,automatic,112079,kia
Kia,Sportage,2018,83195,2,gasoline,1.6,177,robotic,86960,kia
Kia,Sportage,2018,71895,2,gasoline,1.6,132,automatic,68300,kia
Kia,Sportage,2018,78365,1,gasoline,1.6,177,robotic,115000,kia
Kia,Sportage,2017,62095,2,gasoline,1.6,132,automatic,98145,kia
Kia,Sportage,2017,66160,2,gasoline,1.6,132,automatic,104000,kia
Kia,Sportage,2016,69750,2,gasoline,1.6,177,robotic,93000,kia
Kia,Sportage,2015,54015,3,gasoline,1.6,133,automatic,100000,kia
Kia,Sportage,2015,51935,2,gasoline,1.6,133,automatic,119575,kia
Kia,Sportage,2015,56470,2,gasoline,1.6,133,automatic,101000,kia
Kia,Sorento,2022,155565,1,gasoline,2.5,180,automatic,71434,kia
Kia,Seltos,2024,103085,2,gasoline,2,149,automatic,113178,kia
Kia,Seltos,2024,131195,1,gasoline,2,149,automatic,32994,kia
Kia,Seltos,2023,101250,1,gasoline,2,149,automatic,70151,kia
Kia,Seltos,2023,114475,1,gasoline,2,149,automatic,69493,kia
Kia,Seltos,2023,118555,1,gasoline,2,149,automatic,58080,kia
Kia,Seltos,2023,122195,1,gasoline,2,149,automatic,24000,kia
Kia,Seltos,2022,101425,1,gasoline,2,149,variable,92331,kia
Kia,Seltos,2022,110227,1,gasoline,2,149,variable,68895,kia
Kia,Sorento,2023,275000,1,gasoline,2.5,180,automatic,63000,kia
Kia,Sportage,2019,72500,2,diesel,1.6,136,robotic,124000,kia
Kia,Sportage,2015,37000,3,gasoline,1.6,133,automatic,166000,kia
Kia,Sportage,2019,75000,2,diesel,1.6,136,robotic,165000,kia
Kia,Sportage,2017,46500,2,gasoline,1.6,132,automatic,188000,kia
Kia,Picanto,2019,60000,2,gasoline,1.2,84,automatic,24500,kia
Kia,Niro,2020,107000,1,hybrid,1.6,141,robotic,92000,kia
Kia,Sportage,2021,90000,1,gasoline,1.6,177,robotic,100000,kia
Kia,Picanto,2020,65000,3,gasoline,1.2,84,automatic,109000,kia
Kia,Ceed,2016,18000,3,gasoline,1.6,135,robotic,195000,kia
Kia,Seltos,2022,112725,1,gasoline,2,149,variable,48750,kia
Kia,Seltos,2022,112425,1,gasoline,2,149,variable,48303,kia
Kia,Seltos,2022,111960,1,gasoline,2,149,variable,40500,kia
Kia,Seltos,2022,113655,1,gasoline,2,149,variable,36679,kia
Kia,Seltos,2022,116399,1,gasoline,2,149,variable,32810,kia
Kia,Seltos,2022,123145,1,gasoline,2,149,variable,21504,kia
Kia,Seltos,2021,91225,2,gasoline,2,149,variable,96000,kia
Kia,Seltos,2021,94085,2,gasoline,2,149,variable,93000,kia
Kia,Seltos,2021,93375,1,gasoline,2,149,variable,74000,kia
Kia,Seltos,2021,100215,1,gasoline,2,149,variable,55013,kia
Kia,Seltos,2020,78185,1,gasoline,2,149,variable,110184,kia
Kia,Rio,2021,74755,2,gasoline,1,100,robotic,92528,kia
Kia,Rio,2021,80005,1,gasoline,1,100,robotic,94175,kia
Kia,Rio,2015,36900,3,gasoline,1.4,109,automatic,134000,kia
Kia,Picanto,2024,79665,2,gasoline,1.2,84,robotic,10111,kia
Kia,Picanto,2025,97625,1,gasoline,1.2,79,robotic,9700,kia
Kia,Picanto,2024,94585,1,gasoline,1.2,84,robotic,8400,kia
Kia,Picanto,2024,91070,1,gasoline,1.2,84,robotic,35895,kia
Kia,Picanto,2024,90142,1,gasoline,1.2,84,robotic,30000,kia
Kia,Picanto,2024,93595,1,gasoline,1.2,84,robotic,30000,kia
Kia,Optima,2019,43800,4,diesel,1.6,136,robotic,235000,kia
Kia,Picanto,2022,53000,1,gasoline,1.2,84,robotic,104500,kia
Kia,Niro,2018,81000,1,hybrid,1.6,141,robotic,135000,kia
Kia,Picanto,2013,21088,2,gasoline,1.2,85,automatic,132000,kia
Kia,Picanto,2021,60000,3,gasoline,1.2,84,robotic,90000,kia
Kia,Sportage,2021,90000,2,gasoline,1.6,177,robotic,88000,kia
Kia,Stonic,2023,95750,2,gasoline,1,100,robotic,11600,kia
Kia,Stonic,2019,54000,2,gasoline,1,120,robotic,79000,kia
Kia,Stonic,2018,65000,1,gasoline,1,120,robotic,121500,kia
Kia,Niro,2021,93000,2,plug-in,1.6,141,robotic,107000,kia
Kia,Picanto,2023,78525,2,gasoline,1.2,84,robotic,43000,kia
Kia,Picanto,2023,71255,2,gasoline,1.2,84,robotic,12733,kia
Kia,Picanto,2023,73745,1,gasoline,1.2,84,robotic,66000,kia
Kia,Picanto,2023,86745,1,gasoline,1.2,84,robotic,5500,kia
Kia,Picanto,2023,81445,1,gasoline,1.2,84,robotic,52535,kia
Kia,Picanto,2023,79510,1,gasoline,1.2,84,robotic,44000,kia
Kia,Picanto,2023,80500,1,gasoline,1.2,84,robotic,41247,kia
Kia,Picanto,2023,79825,1,gasoline,1.2,84,robotic,36600,kia
Kia,Picanto,2023,77400,1,gasoline,1.2,84,robotic,33802,kia
Kia,Picanto,2023,78925,1,gasoline,1.2,84,robotic,27077,kia
Kia,Picanto,2023,82750,1,gasoline,1.2,84,robotic,22000,kia
Kia,Picanto,2023,86510,1,gasoline,1.2,84,robotic,17040,kia
Kia,Picanto,2023,84230,1,gasoline,1.2,84,robotic,16800,kia
Kia,Picanto,2022,61725,2,gasoline,1.2,84,robotic,67010,kia
Kia,Picanto,2022,71145,2,gasoline,1.2,84,robotic,45000,kia
Kia,Picanto,2022,64695,2,gasoline,1.2,84,robotic,26500,kia
Kia,Picanto,2022,71110,2,gasoline,1.2,84,robotic,21200,kia
Kia,Picanto,2022,67260,1,gasoline,1.2,84,robotic,82436,kia
Kia,Picanto,2022,69610,1,gasoline,1.2,84,robotic,47000,kia
Kia,Picanto,2022,76630,1,gasoline,1.2,84,robotic,46810,kia
Kia,Sportage,2017,53000,3,gasoline,2,155,automatic,193000,kia
Kia,Seltos,2022,104000,2,gasoline,2,149,variable,47200,kia
Kia,Ceed,2010,11000,3,gasoline,1.6,126,automatic,288450,kia
Kia,Niro,2019,79500,2,hybrid,1.6,141,robotic,170000,kia
Kia,Niro Plus,2023,145000,1,hybrid,1.6,141,robotic,17000,kia
Kia,Picanto,2020,71000,1,gasoline,1.2,84,automatic,69000,kia
Kia,Picanto,2022,70800,3,gasoline,1.2,84,robotic,31400,kia
Kia,Carnival,2020,145000,1,gasoline,3.3,276,automatic,58000,kia
Kia,Niro Plus,2022,130000,1,plug-in,1.6,141,robotic,150000,kia
Kia,Sportage,2020,57000,2,diesel,1.6,136,robotic,216000,kia
Kia,Picanto,2022,65565,1,gasoline,1.2,84,robotic,38000,kia
Kia,Picanto,2022,75610,1,gasoline,1.2,84,robotic,33255,kia
Kia,Picanto,2022,71535,1,gasoline,1.2,84,robotic,25476,kia
Kia,Picanto,2022,49775,1,gasoline,1.2,84,robotic,144580,kia
Kia,Picanto,2022,76655,1,gasoline,1.2,84,robotic,20770,kia
Kia,Picanto,2021,61535,3,gasoline,1.2,84,robotic,80000,kia
Kia,Picanto,2021,57940,2,gasoline,1.2,84,robotic,72500,kia
Kia,Picanto,2021,80945,2,gasoline,1.2,84,robotic,34330,kia
Kia,Picanto,2021,59685,2,gasoline,1.2,84,robotic,33000,kia
Kia,Picanto,2021,75845,2,gasoline,1.2,84,robotic,26000,kia
Kia,Picanto,2021,65445,1,gasoline,1.2,84,robotic,90000,kia
Kia,Picanto,2021,74715,1,gasoline,1.2,84,robotic,75590,kia
Kia,Picanto,2021,67225,1,gasoline,1.2,84,robotic,62952,kia
Kia,Picanto,2021,66750,1,gasoline,1.2,84,robotic,49300,kia
Kia,Picanto,2021,78185,1,gasoline,1.2,84,robotic,44505,kia
Kia,Picanto,2021,78890,1,gasoline,1.2,84,robotic,27362,kia
Kia,Picanto,2021,81355,1,gasoline,1.2,84,robotic,15762,kia
Kia,Picanto,2021,68825,1,gasoline,1.2,84,robotic,13532,kia
Kia,Picanto,2021,83070,1,gasoline,1.2,84,robotic,13474,kia
Kia,Picanto,2020,55055,3,gasoline,1.2,84,automatic,111224,kia
Kia,Ev6,2024,225000,1,electro,,,automatic,31000,kia
Kia,Picanto,2016,35000,3,gasoline,1.2,85,automatic,71000,kia
Kia,Niro,2019,79000,1,hybrid,1.6,141,robotic,136000,kia
Kia,Picanto,2022,75000,1,gasoline,1.2,84,robotic,60000,kia
Kia,Niro,2018,72000,3,hybrid,1.6,141,robotic,150000,kia
Kia,Sportage,2020,103000,2,gasoline,1.6,177,robotic,39500,kia
Kia,Sportage,2021,95000,2,gasoline,1.6,177,robotic,82000,kia
Kia,Picanto,2023,85000,1,gasoline,1.2,84,robotic,45000,kia
Kia,Ceed,2016,11900,2,diesel,1.6,136,robotic,580000,kia
Kia,Niro,2021,86200,2,plug-in,1.6,141,robotic,170000,kia
Kia,Picanto,2021,70070,1,gasoline,1.2,84,robotic,113096,kia
Kia,Picanto,2020,73750,2,gasoline,1.2,84,automatic,80995,kia
Kia,Picanto,2020,71400,2,gasoline,1.2,84,automatic,76029,kia
Kia,Picanto,2020,65525,2,gasoline,1.2,84,automatic,66000,kia
Kia,Picanto,2020,68815,2,gasoline,1.2,84,automatic,43260,kia
Kia,Picanto,2020,61652,1,gasoline,1.2,84,automatic,97932,kia
Kia,Picanto,2020,71525,1,gasoline,1.2,84,automatic,74152,kia
Kia,Picanto,2020,73772,1,gasoline,1.2,84,automatic,69600,kia
Kia,Picanto,2020,69555,1,gasoline,1.2,84,automatic,67134,kia
Kia,Picanto,2020,71885,1,gasoline,1.2,84,automatic,67090,kia
Kia,Picanto,2020,81520,1,gasoline,1.2,84,automatic,4109,kia
Kia,Picanto,2020,75670,1,gasoline,1.2,84,automatic,40301,kia
Kia,Picanto,2020,76685,1,gasoline,1.2,84,automatic,33485,kia
Kia,Picanto,2020,66840,1,gasoline,1.2,84,automatic,110700,kia
Kia,Picanto,2019,49927,3,gasoline,1.2,84,automatic,99000,kia
Kia,Picanto,2020,68385,1,gasoline,1.2,84,automatic,102125,kia
Kia,Picanto,2019,62630,2,gasoline,1.2,84,automatic,82176,kia
Kia,Picanto,2019,68130,2,gasoline,1.2,84,automatic,64595,kia
Kia,Picanto,2019,68630,2,gasoline,1.2,84,automatic,59658,kia
Kia,Picanto,2019,67860,1,gasoline,1.2,84,automatic,85604,kia
Kia,Picanto,2019,59000,2,gasoline,1.2,84,automatic,70000,kia
Kia,Sportage,2017,56000,2,gasoline,1.6,132,automatic,110000,kia
Kia,Sportage,2021,85000,2,diesel,1.6,136,robotic,64466,kia
Kia,Picanto,2023,78000,1,gasoline,1.2,84,robotic,30000,kia
Kia,Picanto,2013,25000,3,gasoline,1.2,85,automatic,152000,kia
Kia,Sportage,2017,57000,2,gasoline,1.6,177,robotic,92000,kia
Kia,Sportage,2015,38000,2,gasoline,1.6,133,automatic,201500,kia
Kia,Sorento,2016,70000,1,gasoline,2.4,188,automatic,184000,kia
Kia,Stonic,2019,67000,2,gasoline,1,120,robotic,141000,kia
Kia,Niro,2024,165000,2,electro,,,automatic,8300,kia
Kia,Picanto,2019,67595,1,gasoline,1.2,84,automatic,73606,kia
Kia,Picanto,2019,67267,1,gasoline,1.2,84,automatic,79171,kia
Kia,Picanto,2019,67130,1,gasoline,1.2,84,automatic,70000,kia
Kia,Picanto,2019,62745,1,gasoline,1.2,84,automatic,107075,kia
Kia,Picanto,2018,56250,2,gasoline,1.2,84,automatic,135000,kia
Kia,Picanto,2018,68305,1,gasoline,1.2,84,automatic,33250,kia
Kia,Picanto,2018,54992,1,gasoline,1.2,84,automatic,122000,kia
Kia,Picanto,2017,47450,2,gasoline,1.2,84,automatic,165000,kia
Kia,Picanto,2017,55150,1,gasoline,1.2,84,automatic,85000,kia
Kia,Picanto,2017,47807,1,gasoline,1.2,85,automatic,100455,kia
Kia,Picanto,2012,31185,2,gasoline,1.2,85,automatic,142733,kia
Kia,Picanto,2014,37255,2,gasoline,1.2,85,automatic,126854,kia
Kia,Niro Plus,2023,109330,1,plug-in,1.6,141,robotic,86188,kia
Kia,Niro Plus,2022,90415,2,plug-in,1.6,141,robotic,129862,kia
Kia,Niro Plus,2022,113382,1,plug-in,1.6,141,robotic,95000,kia
Kia,Niro,2022,132625,1,plug-in,1.6,141,robotic,34315,kia
Kia,Niro,2022,116725,1,plug-in,1.6,141,robotic,85000,kia
Kia,Niro,2022,101992,1,plug-in,1.6,141,robotic,123000,kia
Kia,Niro,2021,96945,2,plug-in,1.6,141,robotic,78397,kia
Kia,Niro,2021,112395,1,plug-in,1.6,141,robotic,92266,kia
Kia,Picanto,2018,55000,1,gasoline,1.2,84,automatic,127000,kia
Kia,Picanto,2017,46000,2,gasoline,1.2,84,automatic,99900,kia
Kia,Picanto,2014,22000,3,gasoline,1.2,85,automatic,119589,kia
Kia,Picanto,2019,55000,2,gasoline,1.2,84,automatic,125000,kia
Kia,Picanto,2022,75000,2,gasoline,1.2,84,robotic,35000,kia
Kia,Optima,2017,33000,3,diesel,1.7,141,robotic,250000,kia
Kia,Niro,2021,110000,2,plug-in,1.6,141,robotic,126000,kia
Kia,Picanto,2022,75000,1,gasoline,1.2,84,robotic,24000,kia
Kia,Ceed,2019,42000,3,gasoline,1.4,140,robotic,230000,kia
Kia,Sportage,2017,57000,2,gasoline,1.6,132,automatic,135000,kia
Kia,Niro,2024,144995,1,hybrid,1.6,141,robotic,6000,kia
Kia,Niro,2024,133635,1,electro,,,automatic,42170,kia
Kia,Niro,2021,106265,1,hybrid,1.6,141,robotic,99000,kia
Kia,Niro,2021,106835,1,hybrid,1.6,141,robotic,87000,kia
Kia,Niro,2021,108665,1,hybrid,1.6,141,robotic,74000,kia
Kia,Niro,2021,109760,1,hybrid,1.6,141,robotic,63889,kia
Kia,Niro,2019,82375,2,hybrid,1.6,141,robotic,119033,kia
Kia,Niro,2018,72155,3,hybrid,1.6,141,robotic,136091,kia
Kia,Niro,2018,72835,1,hybrid,1.6,141,robotic,156000,kia
Kia,Niro,2018,85465,1,hybrid,1.6,141,robotic,116345,kia
Kia,Niro,2017,74975,1,hybrid,1.6,141,robotic,122304,kia
Kia,Picanto,2013,25000,3,gasoline,1.2,85,automatic,280000,kia
Kia,Niro,2025,145000,1,hybrid,1.6,129,robotic,24000,kia
Kia,Sportage,2019,84000,2,diesel,1.6,136,robotic,64000,kia
Kia,Rio,2014,21000,3,gasoline,1.4,109,automatic,190000,kia
Kia,Sportage,2020,99500,2,gasoline,1.6,177,robotic,38000,kia
Kia,Sportage,2022,132990,1,gasoline,1.6,180,robotic,64000,kia
Kia,Sportage,2016,52000,2,gasoline,1.6,132,automatic,145000,kia
Kia,Carnival,2022,199990,3,gasoline,3.5,272,automatic,29000,kia
Kia,Rio,2017,35000,2,gasoline,1.4,109,automatic,95000,kia
Kia,Rio,2012,23000,4,gasoline,1.4,109,automatic,163000,kia
Kia,Stonic,2022,89990,1,gasoline,1,100,robotic,26000,kia
Kia,Stonic,2021,77000,2,gasoline,1.4,100,automatic,77000,kia
Kia,Ceed,2015,35000,2,gasoline,1.6,135,robotic,130000,kia
Kia,Sorento,2022,175000,1,gasoline,2.5,180,automatic,30000,kia
Kia,Niro,2019,60000,2,hybrid,1.6,141,robotic,175000,kia
Kia,Sportage,2018,62000,1,gasoline,1.6,132,automatic,166000,kia
Kia,Sportage,2015,44400,2,gasoline,1.6,133,automatic,222000,kia
Kia,Niro,2022,138000,1,plug-in,1.6,141,robotic,55150,kia
Kia,Niro,2020,105000,2,hybrid,1.6,141,robotic,75000,kia
Kia,Niro,2023,138000,1,plug-in,1.6,183,robotic,29300,kia
Kia,Rio,2015,19990,3,gasoline,1.4,109,automatic,220000,kia
Kia,Sportage,2015,45000,3,gasoline,1.6,133,automatic,148000,kia
Kia,Ceed,2018,25000,2,gasoline,1.6,135,robotic,200000,kia
Kia,Niro,2020,100000,3,hybrid,1.6,141,robotic,76000,kia
Kia,Picanto,2020,67000,1,gasoline,1.2,84,automatic,75000,kia
Kia,Niro,2021,109000,1,plug-in,1.6,141,robotic,72256,kia
Kia,Sportage,2019,78900,3,gasoline,1.6,177,robotic,123000,kia
Kia,Picanto,2016,31900,2,gasoline,1.2,85,automatic,143400,kia
Kia,Sportage,2015,38000,1,gasoline,1.6,133,automatic,170000,kia
Kia,Niro,2019,64900,2,hybrid,1.6,141,robotic,149000,kia
Kia,Niro,2017,51900,3,hybrid,1.6,141,robotic,141000,kia
Kia,Stonic,2020,56900,2,gasoline,1,120,robotic,124000,kia
Kia,Picanto,2022,49900,2,gasoline,1.2,84,robotic,114000,kia
Kia,Sportage,2021,86900,2,gasoline,1.6,177,robotic,128000,kia
Kia,Ceed,2010,21500,1,gasoline,1.6,126,automatic,109000,kia
Kia,Picanto,2026,99990,1,gasoline,1.2,79,robotic,1500,kia
Kia,Sportage,2022,129990,1,gasoline,1.6,180,robotic,84000,kia
Kia,Sorento,2013,37500,1,gasoline,2.4,192,automatic,182000,kia
Kia,Forte,2010,10500,2,gasoline,1.6,126,automatic,265000,kia
Kia,Niro,2017,58000,4,hybrid,1.6,141,robotic,144000,kia
Kia,Picanto,2021,52000,2,gasoline,1.2,84,robotic,108000,kia
Kia,Niro,2019,106000,1,hybrid,1.6,141,robotic,59400,kia
Kia,Stonic,2022,93000,1,gasoline,1.4,100,automatic,15000,kia
Kia,Stonic,2022,85000,1,gasoline,1,100,robotic,53000,kia
Kia,Rio,2014,15000,3,gasoline,1.4,109,automatic,225000,kia
Kia,Niro,2018,85000,2,hybrid,1.6,141,robotic,133000,kia
Kia,Carens,2005,5500,3,gasoline,2,139,automatic,304500,kia
Kia,Stonic,2022,80000,1,gasoline,1,100,robotic,52000,kia
Kia,Niro,2017,46500,2,hybrid,1.6,141,robotic,276000,kia
Kia,Ceed,2017,29000,4,gasoline,1.6,135,robotic,168000,kia
Kia,Rio,2017,34900,2,gasoline,1.4,109,automatic,94000,kia
Kia,Picanto,2019,58000,2,gasoline,1.2,84,automatic,51783,kia
Kia,Sportage,2020,84500,2,gasoline,1.6,177,robotic,82000,kia
Kia,Sorento,2013,37000,1,gasoline,2.4,192,automatic,200000,kia
Kia,Sportage,2021,77999,1,gasoline,1.6,177,robotic,129000,kia
Kia,Carnival,2016,60000,2,gasoline,3.3,276,automatic,306000,kia
Kia,Picanto,2021,66000,1,gasoline,1.2,84,robotic,69200,kia
Kia,Sportage,2018,72000,1,gasoline,2,155,automatic,95500,kia
Kia,Sportage,2020,78000,2,diesel,1.6,136,robotic,157154,kia
Kia,Niro,2021,110000,1,plug-in,1.6,141,robotic,98000,kia
Kia,Sportage,2021,90000,1,diesel,1.6,136,robotic,140000,kia
Kia,Niro,2019,76000,2,hybrid,1.6,141,robotic,150000,kia
Kia,Niro,2021,102000,2,plug-in,1.6,141,robotic,78000,kia
Kia,Sportage,2014,35000,2,gasoline,2,163,automatic,140000,kia
Kia,Niro,2018,55000,2,hybrid,1.6,141,robotic,202000,kia
Kia,Rio,2016,22000,3,gasoline,1.4,109,automatic,177000,kia
Kia,Stonic,2020,68000,1,gasoline,1,120,robotic,62000,kia
Kia,Picanto,2014,29990,3,gasoline,1.2,85,automatic,119000,kia
Kia,Stonic,2021,59000,1,gasoline,1,100,robotic,136000,kia
Kia,Picanto,2020,67000,1,gasoline,1.2,84,automatic,69500,kia
Kia,Picanto,2015,33000,2,gasoline,1.2,85,automatic,91000,kia
Kia,Sportage,2018,55000,3,gasoline,1.6,132,automatic,130000,kia
Kia,Sportage,2008,17000,4,gasoline,2.7,175,automatic,175000,kia
Kia,Sportage,2021,105000,1,gasoline,2,155,automatic,52000,kia
Kia,Niro Plus,2023,145000,1,plug-in,1.6,141,robotic,79000,kia
Kia,Picanto,2018,44000,1,gasoline,1.2,84,automatic,146000,kia
Kia,Sportage,2021,95000,3,gasoline,1.6,177,robotic,78000,kia
Kia,Seltos,2022,116000,1,gasoline,2,149,variable,51000,kia
Kia,Niro,2017,70000,2,hybrid,1.6,141,robotic,160000,kia
Kia,Sportage,2017,59000,2,gasoline,1.6,132,automatic,114000,kia
Kia,Picanto,2020,49900,1,gasoline,1.2,84,automatic,88000,kia
Kia,Picanto,2016,25000,3,gasoline,1.2,85,automatic,190000,kia
Kia,Ceed,2015,20000,3,gasoline,1.6,135,robotic,194000,kia
Kia,Picanto,2022,64990,2,gasoline,1.2,84,robotic,52000,kia
Kia,Sportage,2021,79990,3,diesel,1.6,136,robotic,104000,kia
Kia,Picanto,2019,62990,2,gasoline,1.2,84,automatic,89000,kia
Kia,Niro,2022,108000,2,plug-in,1.6,141,robotic,59480,kia
Kia,Picanto,2022,75000,1,gasoline,1.2,84,robotic,35000,kia
Kia,Picanto,2021,57000,1,gasoline,1.2,84,robotic,88000,kia
Kia,Picanto,2021,64000,1,gasoline,1.2,84,robotic,73000,kia
Kia,Sportage,2016,50000,2,gasoline,1.6,132,automatic,148000,kia
Kia,Picanto,2017,33000,2,gasoline,1.2,85,automatic,159000,kia
Kia,Stonic,2020,62600,2,gasoline,1,120,robotic,82000,kia
Kia,Sorento,2018,120000,1,diesel,2.2,200,automatic,152000,kia
Kia,Optima,2014,32500,1,diesel,1.6,136,automatic,148000,kia
Kia,Xceed,2021,60000,1,gasoline,1.4,140,robotic,142396,kia
Kia,Picanto,2025,94000,1,gasoline,1.2,79,robotic,13000,kia
Kia,Sorento,2022,150000,1,gasoline,2.5,180,automatic,66000,kia
Kia,Sportage,2012,24000,2,gasoline,2,163,automatic,150000,kia
Kia,Sportage,2019,55000,4,gasoline,1.6,132,manual,90000,kia
Kia,Stonic,2023,115000,1,gasoline,1.4,100,automatic,9500,kia
Kia,Forte,2010,18000,4,gasoline,1.6,126,automatic,134057,kia
Kia,Rio,2014,15000,2,gasoline,1.4,90,manual,410000,kia
Kia,Niro,2018,65000,1,hybrid,1.6,141,robotic,187000,kia
Kia,Ceed,2018,38000,3,diesel,1.6,136,robotic,166000,kia
Kia,Picanto,2017,45000,1,gasoline,1.2,85,automatic,162000,kia
Kia,Sportage,2021,115000,1,gasoline,1.6,177,robotic,39000,kia
Kia,Niro,2018,80000,3,hybrid,1.6,141,robotic,161000,kia
Kia,Picanto,2019,69000,1,gasoline,1.2,84,automatic,34500,kia
Kia,Picanto,2019,53000,2,gasoline,1.2,84,automatic,87000,kia
Kia,Sportage,2021,104990,1,gasoline,1.6,177,robotic,69000,kia
Kia,Niro Plus,2023,103000,1,plug-in,1.6,141,robotic,105000,kia
Kia,Niro,2021,115000,1,hybrid,1.6,141,robotic,37000,kia
Kia,Niro,2019,72900,2,hybrid,1.6,141,robotic,85000,kia
Kia,Sportage,2020,77900,3,gasoline,2,155,automatic,140000,kia
Kia,Niro,2017,59500,1,hybrid,1.6,141,robotic,171000,kia
Kia,Niro,2018,63500,1,hybrid,1.6,141,robotic,192000,kia
Kia,Niro,2019,81000,2,hybrid,1.6,141,robotic,220000,kia
Kia,Sportage,2019,49900,3,diesel,1.6,136,robotic,156400,kia
Kia,Picanto,2021,56900,2,gasoline,1.2,84,robotic,77100,kia
Kia,Sportage,2015,29000,2,gasoline,1.6,133,automatic,259000,kia
Kia,Seltos,2022,98000,2,gasoline,2,149,variable,119000,kia
Kia,Sportage,2019,68000,2,diesel,1.6,136,robotic,95600,kia
Kia,Niro,2017,67000,2,hybrid,1.6,141,robotic,149000,kia
Kia,Sportage,2019,77700,2,diesel,1.6,136,robotic,159000,kia
Kia,Sportage,2016,57900,2,gasoline,1.6,177,robotic,150000,kia
Kia,Stonic,2021,62900,2,gasoline,1.4,100,automatic,71000,kia
Kia,Ceed,2015,19000,2,gasoline,1.6,135,robotic,177000,kia
Kia,Picanto,2018,59900,2,gasoline,1.2,84,automatic,36500,kia
Kia,Forte,2010,18000,4,gasoline,1.6,126,automatic,134057,kia
Kia,Rio,2014,15000,2,gasoline,1.4,90,manual,410000,kia
Kia,Niro,2018,65000,1,hybrid,1.6,141,robotic,187000,kia
Kia,Ceed,2018,38000,3,diesel,1.6,136,robotic,166000,kia
Kia,Picanto,2017,45000,1,gasoline,1.2,85,automatic,162000,kia
Kia,Sportage,2021,115000,1,gasoline,1.6,177,robotic,39000,kia
Kia,Niro,2018,80000,3,hybrid,1.6,141,robotic,161000,kia
Kia,Picanto,2019,69000,1,gasoline,1.2,84,automatic,34500,kia
Kia,Sportage,2019,86000,2,gasoline,1.6,177,robotic,104700,kia
Kia,Niro,2021,121000,1,hybrid,1.6,141,robotic,45000,kia
Kia,Stonic,2023,99500,1,gasoline,1.4,100,automatic,42000,kia
Kia,Niro Plus,2022,119990,1,plug-in,1.6,141,robotic,92000,kia
Kia,Niro,2019,83000,3,hybrid,1.6,141,robotic,127000,kia
Kia,Ceed,2014,17000,3,gasoline,1.6,135,robotic,191000,kia
Kia,Sportage,2016,52000,3,gasoline,1.6,132,automatic,129632,kia
Kia,Niro,2020,100000,2,plug-in,1.6,141,robotic,77000,kia
Kia,Seltos,2024,116000,1,gasoline,2,149,automatic,26000,kia
Kia,Niro,2021,86000,2,plug-in,1.6,141,robotic,147000,kia
Kia,Niro,2018,79000,1,hybrid,1.6,141,robotic,77000,kia
Kia,Sportage,2021,85000,2,diesel,1.6,136,robotic,129000,kia
Kia,Ceed,2012,11950,4,gasoline,1.6,126,automatic,186000,kia
Kia,Sorento,2018,125000,1,gasoline,2.4,188,automatic,200000,kia
Kia,Sportage,2023,160000,1,gasoline,2,156,automatic,25038,kia
Kia,Sportage,2020,80500,2,gasoline,1.6,177,robotic,94000,kia
Kia,Picanto,2020,69000,1,gasoline,1.2,84,automatic,80000,kia
Kia,Sportage,2013,34000,4,gasoline,2,163,automatic,144000,kia
Kia,Ceed,2019,40000,3,gasoline,1.4,140,robotic,209058,kia
Kia,Sportage,2023,132000,2,gasoline,2,156,automatic,43000,kia
Kia,Niro Plus,2022,126000,2,plug-in,1.6,141,robotic,20000,kia
Kia,Picanto,2016,29990,2,gasoline,1.2,85,automatic,150000,kia
Kia,Niro,2019,78000,2,hybrid,1.6,141,robotic,134000,kia
Kia,Picanto,2015,31000,3,gasoline,1.2,85,automatic,158000,kia
Kia,Carnival,2022,175800,1,gasoline,3.5,290,automatic,155000,kia
Kia,Niro,2019,90000,2,hybrid,1.6,141,robotic,122000,kia
Kia,Niro,2021,120000,2,hybrid,1.6,141,robotic,58200,kia
Kia,Picanto,2013,28000,2,gasoline,1.2,85,automatic,158000,kia
Kia,Stonic,2022,95000,1,gasoline,1,100,robotic,25000,kia
Kia,Picanto,2018,62000,2,gasoline,1.2,84,automatic,115000,kia
Kia,Niro,2022,129000,1,electro,,,automatic,95250,kia
Kia,Ceed,2018,42000,2,gasoline,1.6,135,robotic,170000,kia
Kia,Carens,2008,6900,3,gasoline,2,145,automatic,410000,kia
Kia,Niro,2018,67000,2,hybrid,1.6,141,robotic,150000,kia
Kia,Sportage,2022,110000,2,diesel,1.6,136,automatic,50000,kia
Kia,Niro,2019,73900,2,hybrid,1.6,141,robotic,141000,kia
Kia,Sorento,2023,275000,1,gasoline,2.5,180,automatic,63000,kia
Kia,Picanto,2014,26000,2,gasoline,1.2,85,automatic,160000,kia
Kia,Sportage,2019,72500,2,diesel,1.6,136,robotic,124000,kia
Kia,Sportage,2015,37000,3,gasoline,1.6,133,automatic,166000,kia
Kia,Sportage,2019,75000,2,diesel,1.6,136,robotic,165000,kia
Kia,Sportage,2017,46500,2,gasoline,1.6,132,automatic,188000,kia
Kia,Picanto,2021,67990,2,gasoline,1.2,84,robotic,42000,kia
Kia,Picanto,2019,60000,2,gasoline,1.2,84,automatic,24500,kia
Kia,Niro,2020,107000,1,hybrid,1.6,141,robotic,92000,kia
Kia,Sportage,2021,90000,1,gasoline,1.6,177,robotic,100000,kia
Kia,Sportage,2019,79900,2,gasoline,1.6,177,robotic,110000,kia
Kia,Picanto,2019,59900,2,gasoline,1.2,84,automatic,72000,kia
Kia,Picanto,2020,65000,3,gasoline,1.2,84,automatic,109000,kia
Kia,Stonic,2020,59990,3,gasoline,1,120,robotic,112000,kia
Kia,Ceed,2019,30000,2,diesel,1.6,136,robotic,270000,kia
Kia,Ceed,2016,18000,3,gasoline,1.6,135,robotic,195000,kia
Kia,Picanto,2013,28000,2,gasoline,1.2,85,automatic,158000,kia
Kia,Stonic,2022,95000,1,gasoline,1,100,robotic,25000,kia
Kia,Picanto,2018,62000,2,gasoline,1.2,84,automatic,115000,kia
Kia,Niro,2022,129000,1,electro,,,automatic,95250,kia
Kia,Ceed,2018,42000,2,gasoline,1.6,135,robotic,170000,kia
Kia,Sportage,2020,82000,1,diesel,1.6,136,robotic,100046,kia
Kia,Forte,2013,25000,2,gasoline,1.6,130,automatic,188000,kia
Kia,Sportage,2014,59000,3,gasoline,2,163,automatic,122000,kia
Kia,Sportage,2023,164000,1,gasoline,2,156,automatic,20200,kia
Kia,Ceed,2018,45200,3,gasoline,1.6,135,robotic,152000,kia
Kia,Niro,2017,65000,1,hybrid,1.6,141,robotic,199000,kia
Kia,Optima,2019,43800,4,diesel,1.6,136,robotic,235000,kia
Kia,Sportage,2019,79900,3,gasoline,1.6,177,robotic,141500,kia
Kia,Picanto,2022,53000,1,gasoline,1.2,84,robotic,104500,kia
Kia,Niro,2018,81000,1,hybrid,1.6,141,robotic,135000,kia
Kia,Niro Plus,2023,109900,1,plug-in,1.6,141,robotic,115000,kia
Kia,Sorento,2015,73900,2,gasoline,2.4,188,automatic,122000,kia
Kia,Sportage,2021,87900,2,gasoline,1.6,177,robotic,65000,kia
Kia,Niro,2021,104900,1,hybrid,1.6,141,robotic,25000,kia
Kia,Ceed,2015,22900,3,gasoline,1.6,135,robotic,236000,kia
Kia,Rio,2013,19900,2,gasoline,1.4,109,automatic,190000,kia
Kia,Picanto,2013,21088,2,gasoline,1.2,85,automatic,132000,kia
Kia,Picanto,2021,60000,3,gasoline,1.2,84,robotic,90000,kia
Kia,Sportage,2021,90000,2,gasoline,1.6,177,robotic,88000,kia
Kia,Stonic,2023,95750,2,gasoline,1,100,robotic,11600,kia
Kia,Stonic,2019,54000,2,gasoline,1,120,robotic,79000,kia
Kia,Stonic,2018,65000,1,gasoline,1,120,robotic,121500,kia
Kia,Niro,2021,93000,2,plug-in,1.6,141,robotic,107000,kia
Kia,Sportage,2017,53000,3,gasoline,2,155,automatic,193000,kia
Kia,Seltos,2022,104000,2,gasoline,2,149,variable,47200,kia
Kia,Niro,2020,74000,2,hybrid,1.6,141,robotic,176000,kia
Kia,Niro,2017,75000,1,hybrid,1.6,141,robotic,144000,kia
Kia,Picanto,2013,18500,3,gasoline,1,69,manual,120000,kia
Kia,Picanto,2022,70000,2,gasoline,1.2,84,robotic,24500,kia
Kia,Forte,2011,21000,2,gasoline,1.6,126,automatic,164000,kia
Kia,Picanto,2014,29000,2,gasoline,1.2,85,automatic,133000,kia
Kia,Picanto,2020,69000,1,gasoline,1.2,84,automatic,32000,kia
Kia,Picanto,2020,65500,1,gasoline,1.2,84,automatic,74000,kia
Kia,Ceed,2016,32000,2,gasoline,1.6,135,robotic,149000,kia
Kia,Forte,2012,25000,3,gasoline,1.6,126,automatic,140000,kia
Kia,Ceed,2010,11000,3,gasoline,1.6,126,automatic,288450,kia
Kia,Niro,2019,79500,2,hybrid,1.6,141,robotic,170000,kia
Kia,Niro Plus,2023,145000,1,hybrid,1.6,141,robotic,17000,kia
Kia,Picanto,2020,71000,1,gasoline,1.2,84,automatic,69000,kia
Kia,Picanto,2022,70800,3,gasoline,1.2,84,robotic,31400,kia
Kia,Carnival,2020,145000,1,gasoline,3.3,276,automatic,58000,kia
Kia,Niro Plus,2022,130000,1,plug-in,1.6,141,robotic,150000,kia
Kia,Sportage,2020,57000,2,diesel,1.6,136,robotic,216000,kia
Kia,Ev6,2024,225000,1,electro,,,automatic,31000,kia
Kia,Picanto,2016,35000,3,gasoline,1.2,85,automatic,71000,kia
Kia,Niro,2019,79000,1,hybrid,1.6,141,robotic,136000,kia
Kia,Picanto,2022,75000,1,gasoline,1.2,84,robotic,60000,kia
Kia,Niro,2018,72000,3,hybrid,1.6,141,robotic,150000,kia
Kia,Sportage,2020,103000,2,gasoline,1.6,177,robotic,39500,kia
Kia,Sportage,2021,95000,2,gasoline,1.6,177,robotic,82000,kia
Kia,Picanto,2023,85000,1,gasoline,1.2,84,robotic,45000,kia
Kia,Ceed,2016,11900,2,diesel,1.6,136,robotic,580000,kia
Kia,Niro,2021,86200,2,plug-in,1.6,141,robotic,170000,kia
Kia,Picanto,2019,59000,2,gasoline,1.2,84,automatic,70000,kia
Kia,Sportage,2017,56000,2,gasoline,1.6,132,automatic,110000,kia
Kia,Sportage,2016,60000,3,gasoline,1.6,133,automatic,58000,kia
Kia,Carnival,2007,17000,2,gasoline,2.7,189,automatic,242000,kia
Kia,Niro,2019,115000,1,hybrid,1.6,141,robotic,42000,kia
Kia,Xceed,2021,95000,1,gasoline,1.4,140,robotic,32000,kia
Kia,Rio,2012,26000,3,gasoline,1.4,109,automatic,115000,kia
Kia,Niro,2020,98500,2,hybrid,1.6,141,robotic,119000,kia
Kia,Sportage,2020,90000,2,diesel,1.6,136,robotic,69800,kia
Kia,Sportage,2016,55000,3,gasoline,1.6,133,automatic,100000,kia
Kia,Rio,2016,23000,2,gasoline,1.4,109,automatic,181000,kia
Kia,Sportage,2018,84500,3,gasoline,2,155,automatic,140000,kia
Kia,Sportage,2021,85000,2,diesel,1.6,136,robotic,64466,kia
Kia,Picanto,2023,78000,1,gasoline,1.2,84,robotic,30000,kia
Kia,Picanto,2013,25000,3,gasoline,1.2,85,automatic,152000,kia
Kia,Sportage,2017,57000,2,gasoline,1.6,177,robotic,92000,kia
Kia,Sportage,2015,38000,2,gasoline,1.6,133,automatic,201500,kia
Kia,Sorento,2016,70000,1,gasoline,2.4,188,automatic,184000,kia
Kia,Stonic,2019,67000,2,gasoline,1,120,robotic,141000,kia
Kia,Niro,2024,165000,2,electro,,,automatic,8300,kia
Kia,Picanto,2018,55000,1,gasoline,1.2,84,automatic,127000,kia
Kia,Picanto,2017,46000,2,gasoline,1.2,84,automatic,99900,kia
Kia,Picanto,2014,22000,3,gasoline,1.2,85,automatic,119589,kia
Kia,Picanto,2019,55000,2,gasoline,1.2,84,automatic,125000,kia
Kia,Picanto,2022,75000,2,gasoline,1.2,84,robotic,35000,kia
Kia,Optima,2017,33000,3,diesel,1.7,141,robotic,250000,kia
Kia,Niro,2021,110000,2,plug-in,1.6,141,robotic,126000,kia
Kia,Picanto,2022,75000,1,gasoline,1.2,84,robotic,24000,kia
Kia,Ceed,2019,42000,3,gasoline,1.4,140,robotic,230000,kia
Kia,Sportage,2017,57000,2,gasoline,1.6,132,automatic,135000,kia
Kia,Picanto,2022,71000,1,gasoline,1.2,84,robotic,17300,kia
Kia,Rio,2012,23000,4,gasoline,1.4,109,automatic,163000,kia
Kia,Ceed,2015,19500,3,gasoline,1.6,135,robotic,256000,kia
Kia,Sportage,2009,16000,3,gasoline,2.7,175,automatic,172000,kia
Kia,Niro,2022,132000,1,electro,,,automatic,65500,kia
Kia,Sportage,2018,71000,1,gasoline,1.6,132,automatic,78000,kia
Kia,Niro,2019,92500,2,hybrid,1.6,141,robotic,117000,kia
Kia,Rio,2009,7100,2,gasoline,1.4,97,automatic,245600,kia
Kia,Sportage,2020,105000,1,gasoline,1.6,177,robotic,61000,kia
Kia,Picanto,2020,60000,1,gasoline,1.2,84,automatic,41000,kia
Kia,Picanto,2013,23999,2,gasoline,1.2,85,automatic,150000,kia
Kia,Picanto,2015,36400,3,gasoline,1.2,85,automatic,89500,kia
Kia,Stonic,2022,89990,1,gasoline,1,100,robotic,26000,kia
Kia,Stonic,2021,77000,2,gasoline,1.4,100,automatic,77000,kia
Kia,Ceed,2015,35000,2,gasoline,1.6,135,robotic,130000,kia
Kia,Sorento,2022,175000,1,gasoline,2.5,180,automatic,30000,kia
Kia,Niro,2019,60000,2,hybrid,1.6,141,robotic,175000,kia
Kia,Sportage,2018,62000,1,gasoline,1.6,132,automatic,166000,kia
Kia,Sportage,2015,44400,2,gasoline,1.6,133,automatic,222000,kia
Kia,Niro,2022,138000,1,plug-in,1.6,141,robotic,55150,kia
Kia,Niro,2020,105000,2,hybrid,1.6,141,robotic,75000,kia
Kia,Sorento,2022,148900,2,gasoline,2.5,180,automatic,69320,kia
Kia,Sportage,2021,79000,2,diesel,1.6,136,robotic,133000,kia
Kia,Sportage,2016,75000,2,gasoline,1.6,177,robotic,79000,kia
Kia,Sportage,2013,48000,4,gasoline,2,163,automatic,150000,kia
Kia,Sportage,2023,144000,2,gasoline,2,156,automatic,15000,kia
Kia,Niro,2017,58000,4,hybrid,1.6,141,robotic,144000,kia
Kia,Picanto,2021,52000,2,gasoline,1.2,84,robotic,108000,kia
Kia,Niro,2019,106000,1,hybrid,1.6,141,robotic,59400,kia
Kia,Stonic,2022,93000,1,gasoline,1.4,100,automatic,15000,kia
Kia,Stonic,2022,85000,1,gasoline,1,100,robotic,53000,kia
Kia,Rio,2014,15000,3,gasoline,1.4,109,automatic,225000,kia
Kia,Telluride,2020,275000,1,gasoline,3.8,295,automatic,32000,kia
Kia,Picanto,2017,51000,2,gasoline,1.2,84,automatic,81000,kia
Kia,Niro,2020,114500,1,hybrid,1.6,141,robotic,125000,kia
Kia,Ceed,2011,13100,3,gasoline,1.6,126,automatic,240000,kia
Kia,Sportage,2022,139000,1,gasoline,2,156,automatic,31000,kia
Kia,Rio,2018,48000,4,gasoline,1.4,100,automatic,150000,kia
Kia,Optima,2018,35000,1,diesel,1.6,136,robotic,355000,kia
Kia,Picanto,2016,26000,3,gasoline,1,65,automatic,155000,kia
Kia,Picanto,2013,29500,3,gasoline,1.2,85,automatic,165000,kia
Kia,Rio,2013,13000,2,gasoline,1.4,109,automatic,331000,kia
Kia,Niro,2018,85000,2,hybrid,1.6,141,robotic,133000,kia
Kia,Carens,2005,5500,3,gasoline,2,139,automatic,304500,kia
Kia,Stonic,2022,80000,1,gasoline,1,100,robotic,52000,kia
Kia,Niro,2017,46500,2,hybrid,1.6,141,robotic,276000,kia
Kia,Sportage,2022,145000,2,gasoline,1.6,180,robotic,33000,kia
Kia,Picanto,2020,67000,1,gasoline,1.2,84,automatic,69500,kia
Kia,Picanto,2015,33000,2,gasoline,1.2,85,automatic,91000,kia
Kia,Sportage,2018,55000,3,gasoline,1.6,132,automatic,130000,kia
Kia,Sportage,2008,17000,4,gasoline,2.7,175,automatic,175000,kia
Kia,Sportage,2021,105000,1,gasoline,2,155,automatic,52000,kia
Kia,Niro Plus,2023,145000,1,plug-in,1.6,141,robotic,79000,kia
Kia,Picanto,2018,44000,1,gasoline,1.2,84,automatic,146000,kia
Kia,Sportage,2021,95000,3,gasoline,1.6,177,robotic,78000,kia
Kia,Seltos,2022,116000,1,gasoline,2,149,variable,51000,kia
Kia,Niro,2017,70000,2,hybrid,1.6,141,robotic,160000,kia
Kia,Ceed,2017,17000,4,gasoline,1.6,135,robotic,173000,kia
Kia,Niro,2021,105000,2,plug-in,1.6,141,robotic,101800,kia
Kia,Picanto,2018,50000,2,gasoline,1.2,84,automatic,109000,kia
Kia,Picanto,2020,65000,1,gasoline,1.2,84,automatic,44300,kia
Kia,Sportage,2017,58000,3,gasoline,1.6,132,automatic,194000,kia
Kia,Ev6,2023,240000,1,electro,,,automatic,26000,kia
Kia,Niro,2020,110000,1,hybrid,1.6,141,robotic,100000,kia
Kia,Picanto,2020,62000,2,gasoline,1.2,84,automatic,33000,kia
Kia,Sportage,2020,95000,2,gasoline,1.6,177,robotic,56600,kia
Kia,Sportage,2018,90200,1,gasoline,2,155,automatic,61600,kia
Kia,Sportage,2018,75000,2,gasoline,1.6,132,automatic,85000,kia
Kia,Niro,2017,71000,3,hybrid,1.6,141,robotic,124000,kia
Kia,Picanto,2019,54000,2,gasoline,1.2,84,automatic,138000,kia
Kia,Sportage,2015,54000,2,gasoline,1.6,133,automatic,91600,kia
Kia,Sportage,2019,90000,2,gasoline,2,155,automatic,114462,kia
Kia,Sportage,2019,55000,4,gasoline,1.6,132,manual,90000,kia
Kia,Stonic,2023,115000,1,gasoline,1.4,100,automatic,9500,kia
Kia,Forte,2010,18000,4,gasoline,1.6,126,automatic,134057,kia
Kia,Rio,2014,15000,2,gasoline,1.4,90,manual,410000,kia
Kia,Niro,2018,65000,1,hybrid,1.6,141,robotic,187000,kia
Kia,Ceed,2018,38000,3,diesel,1.6,136,robotic,166000,kia
Kia,Picanto,2017,45000,1,gasoline,1.2,85,automatic,162000,kia
Kia,Sportage,2021,115000,1,gasoline,1.6,177,robotic,39000,kia
Kia,Niro,2018,80000,3,hybrid,1.6,141,robotic,161000,kia
Kia,Picanto,2019,69000,1,gasoline,1.2,84,automatic,34500,kia
Kia,Sportage,2019,86000,2,gasoline,1.6,177,robotic,104700,kia
Kia,Niro,2021,121000,1,hybrid,1.6,141,robotic,45000,kia
Kia,Sportage,2017,52000,3,gasoline,1.6,132,automatic,118200,kia
Kia,Niro,2019,109000,1,hybrid,1.6,141,robotic,52000,kia
Kia,Niro,2020,114000,1,hybrid,1.6,141,robotic,60000,kia
Kia,Stonic,2019,75000,1,gasoline,1,120,robotic,80000,kia
Kia,Picanto,2015,30000,2,gasoline,1.2,85,automatic,140000,kia
Kia,Sportage,2017,80000,1,gasoline,2,155,automatic,66000,kia
Kia,Carnival,2016,86000,2,gasoline,3.3,276,automatic,201000,kia
Kia,Sportage,2021,90000,1,diesel,1.6,136,robotic,100000,kia
Kia,Niro,2019,112000,1,hybrid,1.6,141,robotic,16000,kia
Kia,Sportage,2021,119500,1,gasoline,1.6,177,robotic,22500,kia
Kia,Sportage,2018,74000,2,gasoline,1.6,177,robotic,99200,kia
Kia,Niro,2021,107000,1,hybrid,1.6,141,robotic,104800,kia
Kia,Forte,2013,22000,2,gasoline,1.6,130,automatic,212000,kia
Kia,Forte,2017,42000,2,gasoline,1.6,130,automatic,162000,kia
Kia,Picanto,2019,67500,1,gasoline,1.2,84,automatic,69663,kia
Kia,Sportage,2019,80300,2,gasoline,2,155,automatic,119400,kia
Kia,Picanto,2013,21000,2,gasoline,1.2,85,automatic,213800,kia
Kia,Sportage,2019,97777,2,gasoline,2,155,automatic,80600,kia
Kia,Sportage,2020,93500,2,diesel,1.6,136,robotic,115000,kia
Kia,Niro,2017,61800,3,hybrid,1.6,141,robotic,167000,kia
Kia,Ceed,2013,13500,4,gasoline,1.6,135,robotic,240000,kia
Kia,Picanto,2014,26900,3,gasoline,1.2,85,automatic,153000,kia
Kia,Sportage,2024,172000,1,gasoline,1.6,160,robotic,1200,kia
Kia,Niro,2019,78000,2,hybrid,1.6,141,robotic,134000,kia
Kia,Picanto,2015,31000,3,gasoline,1.2,85,automatic,158000,kia
Kia,Carnival,2022,175800,1,gasoline,3.5,290,automatic,155000,kia
Kia,Niro,2019,90000,2,hybrid,1.6,141,robotic,122000,kia
Kia,Niro,2021,120000,2,hybrid,1.6,141,robotic,58200,kia
Kia,Picanto,2013,28000,2,gasoline,1.2,85,automatic,158000,kia
Kia,Stonic,2022,95000,1,gasoline,1,100,robotic,25000,kia
Kia,Picanto,2018,62000,2,gasoline,1.2,84,automatic,115000,kia
Kia,Niro,2022,129000,1,electro,,,automatic,95250,kia
Kia,Ceed,2018,42000,2,gasoline,1.6,135,robotic,170000,kia
Kia,Sportage,2020,82000,1,diesel,1.6,136,robotic,100046,kia
Kia,Forte,2013,25000,2,gasoline,1.6,130,automatic,188000,kia
Kia,Sportage,2014,59000,3,gasoline,2,163,automatic,122000,kia
Kia,Sportage,2023,164000,1,gasoline,2,156,automatic,20200,kia
Kia,Ceed,2018,45200,3,gasoline,1.6,135,robotic,152000,kia
Kia,Picanto,2012,20000,2,gasoline,1.2,85,automatic,216000,kia
Kia,Sportage,2017,61500,2,gasoline,1.6,132,automatic,110000,kia
Kia,Sportage,2016,58500,1,gasoline,1.6,132,automatic,111000,kia
Kia,Niro,2018,105000,1,hybrid,1.6,141,robotic,79300,kia
Kia,Picanto,2017,54000,2,gasoline,1.2,84,automatic,36000,kia
Kia,Forte,2010,15000,4,gasoline,1.6,126,automatic,240000,kia
Kia,Sportage,2016,65000,1,gasoline,2,155,automatic,122000,kia
Kia,Niro,2019,93000,2,hybrid,1.6,141,robotic,95500,kia
Kia,Forte,2012,19000,4,gasoline,1.6,126,automatic,189000,kia
Kia,Picanto,2014,26000,2,gasoline,1.2,85,automatic,150000,kia
Kia,Niro,2020,74000,2,hybrid,1.6,141,robotic,176000,kia
Kia,Niro,2017,75000,1,hybrid,1.6,141,robotic,144000,kia
Kia,Picanto,2013,18500,3,gasoline,1,69,manual,120000,kia
Kia,Picanto,2022,70000,2,gasoline,1.2,84,robotic,24500,kia
Kia,Forte,2011,21000,2,gasoline,1.6,126,automatic,164000,kia
Kia,Picanto,2014,29000,2,gasoline,1.2,85,automatic,133000,kia
Kia,Picanto,2020,69000,1,gasoline,1.2,84,automatic,32000,kia
Kia,Picanto,2020,65500,1,gasoline,1.2,84,automatic,74000,kia
Kia,Ceed,2016,32000,2,gasoline,1.6,135,robotic,149000,kia
Kia,Forte,2012,25000,3,gasoline,1.6,126,automatic,140000,kia
Kia,Niro,2020,115000,1,hybrid,1.6,141,robotic,81000,kia
Kia,Picanto,2016,35000,3,gasoline,1.2,85,manual,150000,kia
Kia,Forte,2012,25000,3,gasoline,1.6,126,automatic,153000,kia
Kia,Forte,2010,18000,3,gasoline,1.6,126,automatic,145000,kia
Kia,Picanto,2022,73000,2,gasoline,1.2,84,robotic,7500,kia
Kia,Sportage,2021,108000,1,gasoline,2,155,automatic,47000,kia
Kia,Sportage,2015,47000,3,gasoline,1.6,133,automatic,140000,kia
Kia,Sportage,2015,51000,3,gasoline,1.6,133,automatic,150000,kia
Kia,Sportage,2016,60000,3,gasoline,1.6,133,automatic,58000,kia
Kia,Carnival,2007,17000,2,gasoline,2.7,189,automatic,242000,kia
Kia,Picanto,2017,53000,2,gasoline,1.2,84,automatic,36000,kia
Kia,Niro,2018,73000,2,hybrid,1.6,141,robotic,136000,kia
Kia,Niro,2022,148000,1,plug-in,1.6,141,robotic,39000,kia
Kia,Ceed,2015,25000,2,gasoline,1.6,135,robotic,231000,kia
Kia,Niro,2017,65000,2,hybrid,1.6,141,robotic,274668,kia
Kia,Sportage,2015,55000,2,gasoline,2,166,automatic,149000,kia
Kia,Sorento,2017,75000,2,gasoline,2.4,188,automatic,150000,kia
Kia,Sportage,2015,48000,2,gasoline,1.6,133,automatic,120000,kia
Kia,Ceed,2016,25000,3,gasoline,1.6,135,robotic,207000,kia
Kia,Picanto,2012,14000,2,gasoline,1,69,manual,193000,kia
Kia,Niro,2019,115000,1,hybrid,1.6,141,robotic,42000,kia
Kia,Xceed,2021,95000,1,gasoline,1.4,140,robotic,32000,kia
Kia,Rio,2012,26000,3,gasoline,1.4,109,automatic,115000,kia
Kia,Niro,2020,98500,2,hybrid,1.6,141,robotic,119000,kia
Kia,Sportage,2020,90000,2,diesel,1.6,136,robotic,69800,kia
Kia,Sportage,2016,55000,3,gasoline,1.6,133,automatic,100000,kia
Kia,Rio,2016,23000,2,gasoline,1.4,109,automatic,181000,kia
Kia,Sportage,2018,84500,3,gasoline,2,155,automatic,140000,kia
Kia,Ceed,2015,19500,3,gasoline,1.6,135,robotic,256000,kia
Kia,Sportage,2009,16000,3,gasoline,2.7,175,automatic,172000,kia
Kia,Niro,2022,132000,1,electro,,,automatic,65500,kia
Kia,Sportage,2018,71000,1,gasoline,1.6,132,automatic,78000,kia
Kia,Niro,2019,92500,2,hybrid,1.6,141,robotic,117000,kia
Kia,Rio,2009,7100,2,gasoline,1.4,97,automatic,245600,kia
Kia,Sportage,2020,105000,1,gasoline,1.6,177,robotic,61000,kia
Kia,Picanto,2020,60000,1,gasoline,1.2,84,automatic,41000,kia
Kia,Picanto,2013,23999,2,gasoline,1.2,85,automatic,150000,kia
Kia,Picanto,2015,36400,3,gasoline,1.2,85,automatic,89500,kia
Kia,Telluride,2020,275000,1,gasoline,3.8,295,automatic,32000,kia
Kia,Picanto,2017,51000,2,gasoline,1.2,84,automatic,81000,kia
Kia,Ceed,2020,62000,2,gasoline,1.4,140,robotic,150000,kia
Kia,Sportage,2011,28900,3,gasoline,2,163,automatic,216000,kia
Kia,Sportage,2018,77000,3,gasoline,1.6,177,robotic,134000,kia
Kia,Sportage,2018,70000,2,gasoline,1.6,132,automatic,140000,kia
Kia,Niro,2020,92500,2,plug-in,1.6,141,robotic,160320,kia
Kia,Picanto,2015,30000,4,gasoline,1.2,85,automatic,133000,kia
Kia,Niro,2021,120000,1,hybrid,1.6,141,robotic,47800,kia
Kia,Picanto,2012,20000,2,gasoline,1.2,85,automatic,220000,kia
Kia,Picanto,2016,38800,3,gasoline,1.2,85,automatic,84000,kia
Kia,Rio,2012,16000,2,gasoline,1.4,97,automatic,168000,kia
Kia,Niro,2020,114500,1,hybrid,1.6,141,robotic,125000,kia
Kia,Ceed,2011,13100,3,gasoline,1.6,126,automatic,240000,kia
Kia,Sportage,2022,139000,1,gasoline,2,156,automatic,31000,kia
Kia,Rio,2018,48000,4,gasoline,1.4,100,automatic,150000,kia
Kia,Optima,2018,35000,1,diesel,1.6,136,robotic,355000,kia
Kia,Picanto,2016,26000,3,gasoline,1,65,automatic,155000,kia
Kia,Picanto,2013,29500,3,gasoline,1.2,85,automatic,165000,kia
Kia,Rio,2013,13000,2,gasoline,1.4,109,automatic,331000,kia
Kia,Ev6,2023,240000,1,electro,,,automatic,26000,kia
Kia,Niro,2020,110000,1,hybrid,1.6,141,robotic,100000,kia
Kia,Picanto,2020,62000,2,gasoline,1.2,84,automatic,33000,kia
Kia,Sportage,2020,95000,2,gasoline,1.6,177,robotic,56600,kia
Kia,Sportage,2018,90200,1,gasoline,2,155,automatic,61600,kia
Kia,Sportage,2018,75000,2,gasoline,1.6,132,automatic,85000,kia
Kia,Niro,2017,71000,3,hybrid,1.6,141,robotic,124000,kia
Kia,Picanto,2019,54000,2,gasoline,1.2,84,automatic,138000,kia
Kia,Sportage,2015,54000,2,gasoline,1.6,133,automatic,91600,kia
Kia,Sportage,2019,90000,2,gasoline,2,155,automatic,114462,kia
Kia,Niro,2019,112000,1,hybrid,1.6,141,robotic,16000,kia
Kia,Sportage,2021,119500,1,gasoline,1.6,177,robotic,22500,kia
Kia,Picanto,2015,33000,2,gasoline,1.2,85,automatic,137000,kia
Kia,Niro,2021,129000,1,plug-in,1.6,141,robotic,69000,kia
Kia,Niro,2017,78500,2,hybrid,1.6,141,robotic,161000,kia
Kia,Sportage,2016,60000,2,gasoline,1.6,177,robotic,130000,kia
Kia,Sportage,2015,57000,1,gasoline,2,166,automatic,96800,kia
Kia,Picanto,2019,65000,1,gasoline,1.2,84,automatic,85000,kia
Kia,Picanto,2020,69900,1,gasoline,1.2,84,automatic,21000,kia
Kia,Picanto,2018,59000,1,gasoline,1.2,84,automatic,90000,kia
Kia,Picanto,2015,32000,3,gasoline,1.2,85,automatic,108000,kia
Kia,Picanto,2021,62000,2,gasoline,1.2,84,robotic,54000,kia
Kia,Sportage,2018,74000,2,gasoline,1.6,177,robotic,99200,kia
Kia,Niro,2021,107000,1,hybrid,1.6,141,robotic,104800,kia
Kia,Forte,2013,22000,2,gasoline,1.6,130,automatic,212000,kia
Kia,Forte,2017,42000,2,gasoline,1.6,130,automatic,162000,kia
Kia,Picanto,2019,67500,1,gasoline,1.2,84,automatic,69663,kia
Kia,Sportage,2019,80300,2,gasoline,2,155,automatic,119400,kia
Kia,Picanto,2013,21000,2,gasoline,1.2,85,automatic,213800,kia
Kia,Sportage,2019,97777,2,gasoline,2,155,automatic,80600,kia
Kia,Picanto,2012,20000,2,gasoline,1.2,85,automatic,216000,kia
Kia,Sportage,2017,61500,2,gasoline,1.6,132,automatic,110000,kia
Kia,Sportage,2016,58500,1,gasoline,1.6,132,automatic,111000,kia
Kia,Niro,2018,105000,1,hybrid,1.6,141,robotic,79300,kia
Kia,Picanto,2017,54000,2,gasoline,1.2,84,automatic,36000,kia
Kia,Forte,2010,15000,4,gasoline,1.6,126,automatic,240000,kia
Kia,Sportage,2016,65000,1,gasoline,2,155,automatic,122000,kia
Kia,Niro,2019,93000,2,hybrid,1.6,141,robotic,95500,kia
Kia,Forte,2012,19000,4,gasoline,1.6,126,automatic,189000,kia
Kia,Picanto,2014,26000,2,gasoline,1.2,85,automatic,150000,kia
Kia,Picanto,2017,53000,2,gasoline,1.2,84,automatic,36000,kia
Kia,Niro,2018,73000,2,hybrid,1.6,141,robotic,136000,kia
Kia,Ceed,2015,28000,3,gasoline,1.6,135,robotic,210000,kia
Kia,Picanto,2022,71500,2,gasoline,1.2,84,robotic,27000,kia
Kia,Seltos,2021,106000,2,gasoline,2,149,variable,37000,kia
Kia,Sorento,2012,36000,3,gasoline,2.4,174,automatic,193000,kia
Kia,Ceed,2019,52000,2,gasoline,1.4,140,robotic,101500,kia
Kia,Ceed,2010,7300,3,gasoline,1.6,126,automatic,283000,kia
Kia,Sportage,2015,56000,2,gasoline,2,166,automatic,210000,kia
Kia,Sportage,2021,115000,1,gasoline,1.6,177,robotic,48000,kia
Kia,Sportage,2021,85000,3,gasoline,1.6,177,robotic,66400,kia
Kia,Rio,2012,17600,2,gasoline,1.4,109,automatic,200000,kia
Kia,Niro,2022,148000,1,plug-in,1.6,141,robotic,39000,kia
Kia,Ceed,2015,25000,2,gasoline,1.6,135,robotic,231000,kia
Kia,Niro,2017,65000,2,hybrid,1.6,141,robotic,274668,kia
Kia,Sportage,2015,55000,2,gasoline,2,166,automatic,149000,kia
Kia,Sorento,2017,75000,2,gasoline,2.4,188,automatic,150000,kia
Kia,Sportage,2015,48000,2,gasoline,1.6,133,automatic,120000,kia
Kia,Ceed,2016,25000,3,gasoline,1.6,135,robotic,207000,kia
Kia,Picanto,2012,14000,2,gasoline,1,69,manual,193000,kia
Kia,Ceed,2020,62000,2,gasoline,1.4,140,robotic,150000,kia
Kia,Sportage,2011,28900,3,gasoline,2,163,automatic,216000,kia
Kia,Sportage,2018,77000,3,gasoline,1.6,177,robotic,134000,kia
Kia,Sportage,2018,70000,2,gasoline,1.6,132,automatic,140000,kia
Kia,Niro,2020,92500,2,plug-in,1.6,141,robotic,160320,kia
Kia,Picanto,2015,30000,4,gasoline,1.2,85,automatic,133000,kia
Kia,Niro,2021,120000,1,hybrid,1.6,141,robotic,47800,kia
Kia,Picanto,2012,20000,2,gasoline,1.2,85,automatic,220000,kia
Kia,Picanto,2016,38800,3,gasoline,1.2,85,automatic,84000,kia
Kia,Rio,2012,16000,2,gasoline,1.4,97,automatic,168000,kia
Kia,Picanto,2015,33000,2,gasoline,1.2,85,automatic,137000,kia
Kia,Niro,2021,129000,1,plug-in,1.6,141,robotic,69000,kia
Kia,Niro,2018,86000,2,hybrid,1.6,141,robotic,127000,kia
Kia,Seltos,2021,107000,1,gasoline,2,149,variable,32000,kia
Kia,Sportage,2019,95000,2,gasoline,2,155,automatic,62000,kia
Kia,Xceed,2021,95000,2,gasoline,1.4,140,robotic,20000,kia
Kia,Sportage,2017,64000,2,gasoline,1.6,132,automatic,77000,kia
Kia,Xceed,2021,104000,1,gasoline,1.4,140,robotic,47800,kia
Kia,Picanto,2018,65000,1,gasoline,1.2,84,automatic,5900,kia
Kia,Carnival,2008,20000,2,gasoline,2.7,189,automatic,230000,kia
Kia,Stonic,2019,75000,1,gasoline,1,120,robotic,110000,kia
Kia,Sportage,2021,105000,1,gasoline,1.6,177,robotic,48000,kia
Mazda,3,2018,75000,1,gasoline,2,165,automatic,46000,mazda
Mazda,5,2009,12900,3,gasoline,2,145,automatic,258000,mazda
Mazda,Cx 30,2024,123000,1,gasoline,2,165,automatic,10900,mazda
Mazda,3,2008,13900,2,gasoline,1.6,105,automatic,168000,mazda
Mazda,3,2014,29900,1,gasoline,1.5,120,automatic,179000,mazda
Mazda,3,2021,71800,2,gasoline,2,165,automatic,118000,mazda
Mazda,Cx 3,2018,64000,2,gasoline,2,156,automatic,160000,mazda
Mazda,3,2018,74500,1,gasoline,2,165,automatic,84000,mazda
Mazda,Cx 3,2024,114900,1,gasoline,1.5,116,automatic,51000,mazda
Mazda,2,2016,45800,2,gasoline,1.5,111,automatic,141000,mazda
Mazda,Cx 5,2021,124900,2,gasoline,2,165,automatic,62000,mazda
Mazda,Cx 3,2023,111900,1,gasoline,1.5,116,automatic,41000,mazda
Mazda,3,2022,85800,1,gasoline,2,165,automatic,113000,mazda
Mazda,3,2021,84900,2,gasoline,2,165,automatic,67000,mazda
Mazda,5,2009,19500,2,gasoline,2,145,automatic,134000,mazda
Mazda,Cx 5,2013,37900,2,gasoline,2,155,automatic,178000,mazda
Mazda,2,2022,70000,1,gasoline,1.5,116,automatic,114000,mazda
Mazda,2,2008,8500,3,gasoline,1.5,103,automatic,177000,mazda
Mazda,5,2011,27900,3,gasoline,2,144,automatic,187000,mazda
Mazda,2,2021,89900,1,gasoline,1.5,116,automatic,31000,mazda
Mazda,3,2006,6000,4,gasoline,1.6,105,automatic,286000,mazda
Mazda,3,2017,39000,4,gasoline,1.5,120,automatic,187777,mazda
Mazda,3,2009,7500,4,gasoline,2,150,automatic,295000,mazda
Mazda,2,2012,18500,2,gasoline,1.5,103,automatic,153820,mazda
Mazda,2,2023,69000,1,gasoline,1.5,116,automatic,100000,mazda
Mazda,3,2014,29000,3,gasoline,1.5,120,automatic,200000,mazda
Mazda,3,2005,2900,3,gasoline,1.6,105,automatic,250000,mazda
Mazda,3,2020,90000,3,gasoline,2,165,automatic,90000,mazda
Mazda,3,2021,85000,2,gasoline,2,165,automatic,99000,mazda
Mazda,3,2010,19000,3,gasoline,1.6,105,automatic,257500,mazda
Mazda,Cx 3,2018,64000,2,gasoline,2,156,automatic,160000,mazda
Mazda,Cx 30,2022,112990,1,gasoline,2,165,automatic,49000,mazda
Mazda,3,2006,6000,4,gasoline,1.6,105,automatic,286000,mazda
Mazda,3,2017,39000,4,gasoline,1.5,120,automatic,187777,mazda
Mazda,Cx 5,2023,131045,2,gasoline,2,165,automatic,64786,mazda
Mazda,Cx 30,2022,98245,2,gasoline,2,165,automatic,101953,mazda
Mazda,Cx 30,2022,121835,1,gasoline,2,165,automatic,50711,mazda
Mazda,Cx 3,2024,110925,1,gasoline,1.5,116,automatic,72816,mazda
Mazda,Cx 3,2024,109355,1,gasoline,1.5,116,automatic,38801,mazda
Mazda,Cx 3,2023,108380,2,gasoline,1.5,116,automatic,36000,mazda
Mazda,6,2022,89770,1,gasoline,2,165,automatic,91936,mazda
Mazda,3,2014,42882,2,gasoline,1.5,120,automatic,103824,mazda
Mazda,2,2022,81662,1,gasoline,1.5,116,automatic,72000,mazda
Mazda,2,2021,79475,2,gasoline,1.5,116,automatic,114332,mazda
Mazda,Cx 5,2021,120690,1,gasoline,2,165,automatic,97426,mazda
Mazda,Cx 5,2021,131275,1,gasoline,2,165,automatic,92470,mazda
Mazda,Cx 5,2019,95085,2,gasoline,2,165,automatic,99871,mazda
Mazda,Cx 5,2017,74505,2,gasoline,2,165,automatic,143000,mazda
Mazda,Cx 3,2021,89505,3,gasoline,2,156,automatic,79500,mazda
Mazda,3,2014,43900,4,gasoline,2,165,automatic,140000,mazda
Mazda,3,2009,16000,3,gasoline,1.6,105,automatic,203000,mazda
Mazda,3,2009,7600,3,gasoline,1.6,105,automatic,220000,mazda
Mazda,6,2008,11000,4,gasoline,2.5,170,automatic,279000,mazda
Mazda,2,2010,15000,3,gasoline,1.5,103,automatic,220000,mazda
Mazda,3,2023,139000,1,gasoline,2,165,automatic,70000,mazda
Mazda,3,2014,22000,2,gasoline,1.5,120,automatic,260000,mazda
Mazda,6,2008,10499,4,gasoline,2,147,automatic,217000,mazda
Mazda,3,2007,6500,4,gasoline,1.6,105,automatic,294000,mazda
Mazda,3,2010,11500,2,gasoline,1.6,105,automatic,200000,mazda
Mazda,3,2009,16000,2,gasoline,2,150,automatic,250000,mazda
Mazda,3,2009,7500,4,gasoline,2,150,automatic,295000,mazda
Mazda,2,2012,18500,2,gasoline,1.5,103,automatic,153820,mazda
Mazda,Cx 5,2018,74999,3,gasoline,2,165,automatic,170000,mazda
Mazda,2,2023,69000,1,gasoline,1.5,116,automatic,100000,mazda
Mazda,3,2014,29000,3,gasoline,1.5,120,automatic,200000,mazda
Mazda,3,2005,2900,3,gasoline,1.6,105,automatic,250000,mazda
Mazda,3,2020,90000,3,gasoline,2,165,automatic,90000,mazda
Mazda,3,2021,85000,2,gasoline,2,165,automatic,99000,mazda
Mazda,3,2018,49999,2,gasoline,2,165,automatic,184306,mazda
Mazda,Cx 5,2013,49990,4,gasoline,2,155,automatic,155000,mazda
Mazda,3,2010,19000,3,gasoline,1.6,105,automatic,257500,mazda
Mazda,3,2009,16000,3,gasoline,1.6,105,automatic,203000,mazda
Mazda,3,2017,42500,3,gasoline,1.5,120,automatic,174000,mazda
Mazda,Cx 3,2022,94990,1,gasoline,1.5,116,automatic,57000,mazda
Mazda,3,2009,7600,3,gasoline,1.6,105,automatic,220000,mazda
Mazda,2,2010,23000,2,gasoline,1.5,103,automatic,92000,mazda
Mazda,2,2008,20000,3,gasoline,1.5,103,automatic,108000,mazda
Mazda,6,2008,11000,4,gasoline,2.5,170,automatic,279000,mazda
Mazda,Cx 5,2022,149990,1,gasoline,2.5,194,automatic,49000,mazda
Mazda,2,2010,15000,3,gasoline,1.5,103,automatic,220000,mazda
Mazda,3,2010,12000,4,gasoline,1.6,105,automatic,260000,mazda
Mazda,3,2008,9000,2,gasoline,1.6,105,automatic,250000,mazda
Mazda,2,2022,74000,2,gasoline,1.5,116,automatic,92500,mazda
Mazda,6,2009,13500,4,gasoline,2,147,automatic,279000,mazda
Mazda,6,2013,33000,3,gasoline,2.5,188,automatic,215000,mazda
Mazda,6,2009,13850,4,gasoline,2,147,automatic,210000,mazda
Mazda,Cx 5,2020,110000,3,gasoline,2,165,automatic,75000,mazda
Mazda,2,2021,60000,2,gasoline,1.5,116,automatic,64000,mazda
Mazda,3,2010,27000,1,gasoline,2,150,automatic,175000,mazda
Mazda,6,2013,22000,3,gasoline,2,155,automatic,240000,mazda
Mazda,3,2018,65000,2,gasoline,2,165,automatic,141000,mazda
Mazda,Cx 3,2023,95990,1,gasoline,1.5,116,automatic,52000,mazda
Mazda,3,2023,139000,1,gasoline,2,165,automatic,70000,mazda
Mazda,3,2022,99990,1,gasoline,2,165,automatic,97000,mazda
Mazda,3,2014,22000,2,gasoline,1.5,120,automatic,260000,mazda
Mazda,6,2008,10499,4,gasoline,2,147,automatic,217000,mazda
Mazda,2,2016,33000,2,gasoline,1.5,111,automatic,189000,mazda
Mazda,3,2007,6500,4,gasoline,1.6,105,automatic,294000,mazda
Mazda,3,2010,11500,2,gasoline,1.6,105,automatic,200000,mazda
Mazda,3,2009,16000,2,gasoline,2,150,automatic,250000,mazda
Mazda,3,2009,7500,4,gasoline,1.6,105,automatic,300000,mazda
Mazda,2,2017,73000,1,gasoline,1.5,111,automatic,64000,mazda
Mazda,Cx 5,2019,87000,1,gasoline,2,165,automatic,159000,mazda
Mazda,3,2008,11000,3,gasoline,2,150,automatic,245000,mazda
Mazda,3,2021,84900,1,gasoline,2,165,automatic,69000,mazda
Mazda,Cx 5,2023,121000,1,gasoline,2,165,automatic,89000,mazda
Mazda,3,2006,11000,2,gasoline,1.6,105,automatic,235000,mazda
Mazda,3,2007,9000,3,gasoline,2,150,automatic,213000,mazda
Mazda,3,2005,5500,3,gasoline,1.6,105,automatic,370000,mazda
Mazda,6,2021,120000,3,gasoline,2.5,195,automatic,159000,mazda
Mazda,Cx 30,2020,83000,2,gasoline,2,165,automatic,123700,mazda
Mazda,3,2009,13000,4,gasoline,1.6,105,automatic,207500,mazda
Mazda,3,2005,4200,4,gasoline,1.6,105,automatic,240000,mazda
Mazda,Cx 30,2022,85000,2,gasoline,2,165,automatic,127150,mazda
Mazda,5,2010,13000,3,gasoline,2,145,automatic,250000,mazda
Mazda,2,2010,12500,2,gasoline,1.5,103,automatic,206000,mazda
Mazda,3,2014,28000,2,gasoline,1.5,120,automatic,270000,mazda
Mazda,3,2021,77000,2,gasoline,2,165,automatic,122000,mazda
Mazda,3,2019,62300,2,gasoline,2,165,automatic,173000,mazda
Mazda,3,2013,27500,4,gasoline,2,165,automatic,137000,mazda
Mazda,3,2017,58000,2,gasoline,2,165,automatic,176000,mazda
Mazda,Cx 5,2024,127000,2,gasoline,2,165,automatic,18000,mazda
Mazda,3,2006,9000,4,gasoline,1.6,105,automatic,160000,mazda
Mazda,2,2008,9900,3,gasoline,1.5,103,automatic,284000,mazda
Mazda,3,2010,12000,4,gasoline,1.6,105,automatic,260000,mazda
Mazda,Cx 5,2020,105000,2,gasoline,2,165,automatic,108000,mazda
Mazda,3,2008,9000,2,gasoline,1.6,105,automatic,250000,mazda
Mazda,2,2022,77000,,gasoline,1.5,116,automatic,118000,mazda
Mazda,2,2022,74000,2,gasoline,1.5,116,automatic,92500,mazda
Mazda,6,2009,13500,4,gasoline,2,147,automatic,279000,mazda
Mazda,3,2023,120000,1,gasoline,2,165,automatic,50000,mazda
Mazda,6,2013,33000,3,gasoline,2.5,188,automatic,215000,mazda
Mazda,6,2009,13850,4,gasoline,2,147,automatic,210000,mazda
Mazda,Cx 5,2020,110000,3,gasoline,2,165,automatic,75000,mazda
Mazda,2,2021,60000,2,gasoline,1.5,116,automatic,64000,mazda
Mazda,Cx 5,2022,120000,1,gasoline,2,165,automatic,106260,mazda
Mazda,3,2010,27000,1,gasoline,2,150,automatic,175000,mazda
Mazda,6,2013,22000,3,gasoline,2,155,automatic,240000,mazda
Mazda,3,2011,17000,2,gasoline,1.6,105,automatic,164000,mazda
Mazda,3,2015,24000,2,gasoline,1.5,120,automatic,195000,mazda
Mazda,Cx 5,2022,147000,1,gasoline,2.5,194,automatic,56000,mazda
Mazda,Cx 3,2023,115000,1,gasoline,1.5,116,automatic,21000,mazda
Mazda,323,2002,5000,4,gasoline,1.6,105,automatic,242000,mazda
Mazda,Cx 30,2024,130000,2,gasoline,2,165,automatic,14580,mazda
Mazda,323,2003,4500,3,gasoline,1.6,105,automatic,259316,mazda
Mazda,3,2009,10000,2,gasoline,1.6,105,automatic,215000,mazda
Mazda,Cx 5,2016,65000,3,gasoline,2,165,automatic,100000,mazda
Mazda,3,2021,85000,2,gasoline,2,165,automatic,77000,mazda
Mazda,5,2014,36500,2,gasoline,2,144,automatic,196000,mazda
Mazda,323,1999,10000,3,gasoline,1.8,115,automatic,290000,mazda
Mazda,3,2021,89000,3,gasoline,2,165,automatic,85000,mazda
Mazda,2 Hybrid,2024,119990,1,hybrid,1.5,116,automatic,8500,mazda
Mazda,Cx 30,2020,83000,2,gasoline,2,165,automatic,123700,mazda
Mazda,3,2009,13000,4,gasoline,1.6,105,automatic,207500,mazda
Mazda,3,2005,4200,4,gasoline,1.6,105,automatic,240000,mazda
Mazda,Cx 30,2022,85000,2,gasoline,2,165,automatic,127150,mazda
Mazda,Cx 5,2013,39990,3,gasoline,2,155,automatic,199000,mazda
Mazda,5,2010,13000,3,gasoline,2,145,automatic,250000,mazda
Mazda,2,2010,12500,2,gasoline,1.5,103,automatic,206000,mazda
Mazda,2,2023,78900,1,gasoline,1.5,116,automatic,74000,mazda
Mazda,Cx 5,2022,134900,1,gasoline,2,165,automatic,42000,mazda
Mazda,5,2011,24900,3,gasoline,2,144,automatic,220000,mazda
Mazda,3,2014,28000,2,gasoline,1.5,120,automatic,270000,mazda
Mazda,3,2021,77000,2,gasoline,2,165,automatic,122000,mazda
Mazda,3,2019,62300,2,gasoline,2,165,automatic,173000,mazda
Mazda,3,2013,27500,4,gasoline,2,165,automatic,137000,mazda
Mazda,5,2008,15000,4,gasoline,2,145,automatic,320000,mazda
Mazda,Cx 5,2022,147000,1,gasoline,2.5,194,automatic,56000,mazda
Mazda,Cx 3,2023,115000,1,gasoline,1.5,116,automatic,21000,mazda
Mazda,323,2002,5000,4,gasoline,1.6,105,automatic,242000,mazda
Mazda,6,2004,6900,1,gasoline,2,147,automatic,289371,mazda
Mazda,3,2011,10000,4,gasoline,1.6,105,automatic,216000,mazda
Mazda,Cx 5,2020,117000,1,gasoline,2,165,automatic,54000,mazda
Mazda,Cx 30,2024,142600,1,gasoline,2,165,automatic,3800,mazda
Mazda,3,2008,9280,2,gasoline,1.6,105,automatic,220000,mazda
Mazda,3,2007,9000,3,gasoline,1.6,105,automatic,340000,mazda
Mazda,Cx 5,2022,134000,1,gasoline,2,165,automatic,38600,mazda
Mazda,5,2007,8000,3,gasoline,2,145,automatic,240000,mazda
Mazda,Cx 5,2017,81000,3,gasoline,2,165,automatic,100000,mazda
Mazda,5,2011,29000,3,gasoline,2,144,automatic,248000,mazda
Mazda,Cx 30,2024,130000,2,gasoline,2,165,automatic,14580,mazda
Mazda,323,2003,4500,3,gasoline,1.6,105,automatic,259316,mazda
Mazda,3,2009,10000,2,gasoline,1.6,105,automatic,215000,mazda
Mazda,Cx 5,2016,65000,3,gasoline,2,165,automatic,100000,mazda
Mazda,3,2021,85000,2,gasoline,2,165,automatic,77000,mazda
Mazda,5,2014,36500,2,gasoline,2,144,automatic,196000,mazda
Mazda,323,1999,10000,3,gasoline,1.8,115,automatic,290000,mazda
Mazda,6,2004,6900,1,gasoline,2,147,automatic,289371,mazda
Mazda,3,2011,10000,4,gasoline,1.6,105,automatic,216000,mazda
Mazda,Cx 5,2020,117000,1,gasoline,2,165,automatic,54000,mazda
Mazda,Cx 30,2024,142600,1,gasoline,2,165,automatic,3800,mazda
Mazda,3,2008,9280,2,gasoline,1.6,105,automatic,220000,mazda
Mazda,3,2007,9000,3,gasoline,1.6,105,automatic,340000,mazda
Mazda,Cx 5,2022,134000,1,gasoline,2,165,automatic,38600,mazda
Mazda,5,2007,8000,3,gasoline,2,145,automatic,240000,mazda
Mazda,Cx 5,2017,81000,3,gasoline,2,165,automatic,100000,mazda
Mazda,5,2011,29000,3,gasoline,2,144,automatic,248000,mazda
Mazda,Cx 5,2013,38000,2,gasoline,2,155,automatic,211000,mazda
Mazda,5,2006,8000,4,gasoline,2,145,automatic,155000,mazda
Mazda,3,2005,8500,2,gasoline,2,150,automatic,280000,mazda
Mazda,2,2009,13000,1,gasoline,1.5,103,automatic,241675,mazda
Mazda,323,2004,6000,2,gasoline,1.6,105,automatic,170000,mazda
Mazda,3,2022,134000,1,gasoline,2,165,automatic,30000,mazda
Mazda,3,2004,8000,4,gasoline,1.6,105,automatic,201000,mazda
Mazda,3,2007,6000,1,gasoline,1.6,105,automatic,260000,mazda
Mazda,5,2010,8000,3,gasoline,2,145,automatic,325000,mazda
Mazda,3,2010,13500,4,gasoline,1.6,105,automatic,250000,mazda
Mazda,6,2019,82000,2,gasoline,2.5,195,automatic,125000,mazda
Mazda,3,2017,65000,4,gasoline,2,165,automatic,230000,mazda
Mazda,Cx 5,2013,44000,2,gasoline,2,155,automatic,280000,mazda
Mazda,5,2010,23000,1,gasoline,2,145,automatic,220000,mazda
Mazda,Cx 30,2020,90000,1,gasoline,2,165,automatic,87450,mazda
Mazda,Cx 30,2021,95000,1,gasoline,2,165,automatic,100000,mazda
Mazda,2,2009,13000,1,gasoline,1.5,103,automatic,241675,mazda
Mazda,323,2004,6000,2,gasoline,1.6,105,automatic,170000,mazda
Mazda,3,2022,134000,1,gasoline,2,165,automatic,30000,mazda
Mazda,3,2004,8000,4,gasoline,1.6,105,automatic,201000,mazda
Mazda,3,2007,6000,1,gasoline,1.6,105,automatic,260000,mazda
Mazda,5,2010,8000,3,gasoline,2,145,automatic,325000,mazda
Mazda,3,2010,13500,4,gasoline,1.6,105,automatic,250000,mazda
Mazda,6,2019,82000,2,gasoline,2.5,195,automatic,125000,mazda
Mazda,3,2017,65000,4,gasoline,2,165,automatic,230000,mazda
Mazda,Cx 5,2013,44000,2,gasoline,2,155,automatic,280000,mazda
Mazda,Cx 5,2015,71000,3,gasoline,2.5,188,automatic,106000,mazda
Mazda,6,2018,74000,4,gasoline,2,165,automatic,49500,mazda
Mazda,3,2022,120000,1,gasoline,2,165,automatic,43000,mazda
Mazda,3,2019,60000,3,gasoline,2,165,automatic,137000,mazda
Mazda,2,2015,38500,3,gasoline,1.5,103,automatic,132000,mazda
Mazda,3,2005,6900,3,gasoline,1.6,105,automatic,296775,mazda
Mazda,3,2005,8500,3,gasoline,1.6,105,automatic,327000,mazda
Mazda,Cx 5,2022,134000,1,gasoline,2,165,automatic,38600,mazda
Mazda,5,2007,8000,3,gasoline,2,145,automatic,240000,mazda
Mazda,Cx 5,2017,81000,3,gasoline,2,165,automatic,100000,mazda
Mazda,5,2011,29000,3,gasoline,2,144,automatic,248000,mazda
Mazda,Cx 5,2013,38000,2,gasoline,2,155,automatic,211000,mazda
Mazda,5,2006,8000,4,gasoline,2,145,automatic,155000,mazda
Mazda,3,2005,8500,2,gasoline,2,150,automatic,280000,mazda
Mazda,3,2012,14000,3,gasoline,1.6,105,automatic,290000,mazda
Mazda,5,2007,9000,3,gasoline,2,145,automatic,300000,mazda
Mazda,3,2023,135000,1,gasoline,2,165,automatic,26000,mazda
Mazda,3,2012,14000,3,gasoline,1.6,105,automatic,290000,mazda
Mazda,5,2007,9000,3,gasoline,2,145,automatic,300000,mazda
Mazda,3,2023,135000,1,gasoline,2,165,automatic,26000,mazda
Mazda,3,2018,70000,3,gasoline,2,165,automatic,149000,mazda
Mazda,5,2007,9000,2,gasoline,2,145,automatic,267000,mazda
Mazda,Cx 5,2022,139000,1,gasoline,2,165,automatic,90000,mazda
Mazda,Cx 3,2020,84000,3,gasoline,2,156,automatic,65000,mazda
Mazda,2,2009,12000,4,gasoline,1.5,103,automatic,250300,mazda
Mazda,5,2006,11000,2,gasoline,2,145,automatic,89000,mazda
Mazda,6,2019,69900,2,gasoline,2,165,automatic,160000,mazda
Mazda,3,2008,12000,3,gasoline,1.6,105,automatic,200000,mazda
Mazda,5,2007,11900,3,gasoline,2,145,automatic,185000,mazda
Mazda,Cx 5,2013,50000,3,gasoline,2,155,automatic,161826,mazda
Mazda,5,2014,44000,4,gasoline,2,144,automatic,149000,mazda
Mazda,Cx 5,2021,120000,2,gasoline,2,165,automatic,60000,mazda
Mazda,Cx 5,2018,112000,2,gasoline,2,165,automatic,115000,mazda
Mazda,Cx 5,2020,103000,2,gasoline,2,165,automatic,81000,mazda
Mazda,3,2012,9500,4,gasoline,1.6,105,automatic,260000,mazda
Mazda,3,2023,135000,2,gasoline,2,165,automatic,31000,mazda
Mazda,5,2009,8000,3,gasoline,2,145,automatic,380000,mazda
Mazda,2,2009,13000,1,gasoline,1.5,103,automatic,241675,mazda
Mazda,323,2004,6000,2,gasoline,1.6,105,automatic,170000,mazda
Mazda,3,2022,134000,1,gasoline,2,165,automatic,30000,mazda
Mazda,3,2004,8000,4,gasoline,1.6,105,automatic,201000,mazda
Mazda,3,2007,6000,1,gasoline,1.6,105,automatic,260000,mazda
Mazda,5,2010,8000,3,gasoline,2,145,automatic,325000,mazda
Mazda,3,2010,13500,4,gasoline,1.6,105,automatic,250000,mazda
Mazda,6,2019,82000,2,gasoline,2.5,195,automatic,125000,mazda
Mazda,3,2017,65000,4,gasoline,2,165,automatic,230000,mazda
Mazda,Cx 5,2013,44000,2,gasoline,2,155,automatic,280000,mazda
Mazda,Cx 5,2022,155000,1,gasoline,2.5,194,automatic,47300,mazda
Mazda,5,2007,14000,4,gasoline,2,145,automatic,278000,mazda
Mazda,5,2008,18000,3,gasoline,2,145,automatic,184000,mazda
Mazda,Cx 5,2013,50000,2,gasoline,2,155,automatic,284000,mazda
Mazda,3,2006,7500,3,gasoline,1.6,105,automatic,229000,mazda
Mazda,Cx 5,2014,58000,3,gasoline,2,165,automatic,140000,mazda
Mazda,3,2008,11000,2,gasoline,1.6,105,automatic,203000,mazda
Mazda,3,2008,14000,2,gasoline,1.6,105,automatic,150000,mazda
Mazda,323,2003,4900,3,gasoline,1.6,105,automatic,220000,mazda
Mazda,5,2008,15900,3,gasoline,2,145,automatic,270000,mazda
Mazda,3,2019,60000,2,gasoline,2,165,automatic,99000,mazda
Mazda,6,2010,18000,4,gasoline,2,155,automatic,213000,mazda
Mazda,5,2007,12000,3,gasoline,2,145,automatic,340000,mazda
Mazda,6,2010,13000,4,gasoline,2,155,automatic,220000,mazda
Mazda,Cx 5,2022,125000,1,gasoline,2,165,automatic,53000,mazda
Mazda,3,2006,8000,4,gasoline,1.6,105,automatic,177800,mazda
Mazda,3,2009,17000,4,gasoline,1.6,105,automatic,212396,mazda
Mazda,Cx 5,2013,50000,3,gasoline,2,155,automatic,186000,mazda
Mazda,5,2006,11000,3,gasoline,2,145,automatic,295000,mazda
Mazda,6,2016,44000,3,gasoline,2,165,automatic,233500,mazda
Mazda,Cx 5,2015,71000,3,gasoline,2.5,188,automatic,106000,mazda
Mazda,6,2018,74000,4,gasoline,2,165,automatic,49500,mazda
Mazda,3,2022,120000,1,gasoline,2,165,automatic,43000,mazda
Mazda,3,2019,60000,3,gasoline,2,165,automatic,137000,mazda
Mazda,2,2015,38500,3,gasoline,1.5,103,automatic,132000,mazda
Mazda,3,2005,6900,3,gasoline,1.6,105,automatic,296775,mazda
Mazda,3,2005,8500,3,gasoline,1.6,105,automatic,327000,mazda
Mazda,3,2012,14000,3,gasoline,1.6,105,automatic,290000,mazda
Mazda,5,2007,9000,3,gasoline,2,145,automatic,300000,mazda
Mazda,3,2023,135000,1,gasoline,2,165,automatic,26000,mazda
Mazda,5,2007,18000,2,gasoline,2,145,automatic,250000,mazda
Mazda,3,2021,98000,2,gasoline,2,165,automatic,100000,mazda
Mazda,Cx 5,2015,67000,2,gasoline,2,165,automatic,120000,mazda
Mazda,3,2019,86000,1,gasoline,2,165,automatic,97000,mazda
Mazda,5,2014,47000,2,gasoline,2,144,automatic,199000,mazda
Mazda,3,2010,24000,4,gasoline,1.6,105,automatic,125000,mazda
Mazda,3,2010,16500,3,gasoline,1.6,105,automatic,200000,mazda
Mazda,2,2008,9900,3,gasoline,1.5,103,automatic,268000,mazda
Mazda,323,2003,8000,3,gasoline,1.6,105,automatic,280000,mazda
Mazda,626,1998,10000,1,gasoline,2,136,automatic,275000,mazda
Mazda,5,2013,37500,2,gasoline,2,144,automatic,205000,mazda
Mazda,3,2005,15000,1,gasoline,2,150,automatic,165000,mazda
Mazda,6,2010,18000,2,gasoline,2,155,automatic,193000,mazda
Mazda,Cx 5,2020,120000,1,gasoline,2,165,automatic,57000,mazda
Mazda,Cx 5,2018,105000,2,gasoline,2,165,automatic,53600,mazda
Mazda,3,2021,93000,2,gasoline,2,165,automatic,64000,mazda
Mazda,Cx 5,2015,63000,1,gasoline,2,165,automatic,130000,mazda
Mazda,5,2009,12000,3,gasoline,2,145,automatic,247000,mazda
Mazda,3,2007,11000,4,gasoline,1.6,105,automatic,180000,mazda
Mazda,3,2010,14000,2,gasoline,1.6,105,automatic,222000,mazda
Mazda,3,2018,70000,3,gasoline,2,165,automatic,149000,mazda
Mazda,5,2007,9000,2,gasoline,2,145,automatic,267000,mazda
Mazda,Cx 5,2022,139000,1,gasoline,2,165,automatic,90000,mazda
Mazda,Cx 3,2020,84000,3,gasoline,2,156,automatic,65000,mazda
Mazda,2,2009,12000,4,gasoline,1.5,103,automatic,250300,mazda
Mazda,5,2006,11000,2,gasoline,2,145,automatic,89000,mazda
Mazda,6,2019,69900,2,gasoline,2,165,automatic,160000,mazda
Mazda,3,2008,12000,3,gasoline,1.6,105,automatic,200000,mazda
Mazda,5,2007,11900,3,gasoline,2,145,automatic,185000,mazda
Mazda,Cx 5,2013,50000,3,gasoline,2,155,automatic,161826,mazda
Mazda,6,2010,12000,3,gasoline,2,147,automatic,280000,mazda
Mazda,5,2011,21500,4,gasoline,2,144,automatic,194000,mazda
Mazda,6,2007,10000,3,gasoline,2,147,automatic,295000,mazda
Mazda,2,2022,80000,3,gasoline,1.5,116,automatic,63600,mazda
Mazda,3,2018,63000,3,gasoline,2,165,automatic,125000,mazda
Mazda,6,2011,23000,2,gasoline,2,155,automatic,106000,mazda
Mazda,6,2015,42000,3,gasoline,2,165,automatic,205000,mazda
Mazda,3,2018,65500,2,gasoline,2,165,automatic,133600,mazda
Mazda,3,2019,70000,1,gasoline,2,165,automatic,75000,mazda
Mazda,Cx 3,2024,129900,1,gasoline,1.5,116,automatic,400,mazda
Mazda,3,2013,40000,2,gasoline,1.5,120,automatic,137000,mazda
Mazda,3,2006,8500,3,gasoline,1.6,105,automatic,238000,mazda
Mazda,3,2018,74000,2,gasoline,2,165,automatic,86000,mazda
Mazda,3,2007,11000,4,gasoline,2,150,automatic,233000,mazda
Mazda,Cx 5,2018,122000,2,gasoline,2.5,195,automatic,118000,mazda
Mazda,3,2011,15000,4,gasoline,1.6,105,automatic,270000,mazda
Mazda,6,2008,19000,3,gasoline,2,147,automatic,205000,mazda
Mazda,6,2020,94000,2,gasoline,2,165,automatic,86800,mazda
Mazda,3,2007,9500,3,gasoline,1.6,105,automatic,217450,mazda
Mazda,5,2015,57000,2,gasoline,2,144,automatic,148000,mazda
Mazda,5,2014,44000,4,gasoline,2,144,automatic,149000,mazda
Mazda,Cx 5,2021,120000,2,gasoline,2,165,automatic,60000,mazda
Mazda,Cx 5,2018,112000,2,gasoline,2,165,automatic,115000,mazda
Mazda,Cx 5,2020,103000,2,gasoline,2,165,automatic,81000,mazda
Mazda,3,2012,9500,4,gasoline,1.6,105,automatic,260000,mazda
Mazda,3,2023,135000,2,gasoline,2,165,automatic,31000,mazda
Mazda,5,2009,8000,3,gasoline,2,145,automatic,380000,mazda
Mazda,Cx 5,2022,155000,1,gasoline,2.5,194,automatic,47300,mazda
Mazda,5,2007,14000,4,gasoline,2,145,automatic,278000,mazda
Mazda,5,2008,18000,3,gasoline,2,145,automatic,184000,mazda
Mazda,3,2014,46000,4,gasoline,2,165,automatic,143000,mazda
Mazda,Cx 30,2020,98000,2,gasoline,2,165,automatic,94000,mazda
Mazda,Cx 5,2022,151000,2,gasoline,2,165,automatic,27800,mazda
Mazda,6,2010,21000,2,gasoline,2,155,automatic,130700,mazda
Mazda,Cx 5,2012,54000,3,gasoline,2,155,automatic,173000,mazda
Mazda,6,2009,17000,3,gasoline,2,147,automatic,144000,mazda
Mazda,3,2014,34000,2,gasoline,2,165,automatic,245000,mazda
Mazda,5,2008,15000,4,gasoline,2,145,automatic,300000,mazda
Mazda,3,2009,13800,2,gasoline,1.6,105,automatic,202200,mazda
Mazda,3,2008,7000,3,gasoline,1.6,105,automatic,247000,mazda
Mazda,3,2010,18000,3,gasoline,1.6,105,automatic,185000,mazda
Mazda,Premacy,2005,9000,2,gasoline,2,131,automatic,190000,mazda
Mazda,3,2010,16000,4,gasoline,1.6,105,automatic,195000,mazda
Mazda,3,2022,110000,3,gasoline,2,165,automatic,65000,mazda
Mazda,Cx 5,2016,65000,3,gasoline,2,165,automatic,123312,mazda
Mazda,3,2017,54800,2,gasoline,2,165,automatic,100000,mazda
Mazda,3,2011,11000,3,gasoline,1.6,105,automatic,245000,mazda
Mazda,3,2009,16500,2,gasoline,1.6,105,automatic,127600,mazda
Mazda,Cx 5,2016,66000,1,gasoline,2,165,automatic,184000,mazda
Mazda,3,2008,11500,1,gasoline,1.6,105,automatic,203000,mazda
Mazda,Cx 5,2013,50000,2,gasoline,2,155,automatic,284000,mazda
Mazda,3,2006,7500,3,gasoline,1.6,105,automatic,229000,mazda
Mazda,Cx 5,2014,58000,3,gasoline,2,165,automatic,140000,mazda
Mazda,3,2008,11000,2,gasoline,1.6,105,automatic,203000,mazda
Mazda,3,2008,14000,2,gasoline,1.6,105,automatic,150000,mazda
Mazda,323,2003,4900,3,gasoline,1.6,105,automatic,220000,mazda
Mazda,5,2008,15900,3,gasoline,2,145,automatic,270000,mazda
Mazda,3,2019,60000,2,gasoline,2,165,automatic,99000,mazda
Mazda,6,2010,18000,4,gasoline,2,155,automatic,213000,mazda
Mazda,5,2007,12000,3,gasoline,2,145,automatic,340000,mazda
Mazda,Cx 5,2020,115000,3,gasoline,2,165,automatic,85000,mazda
Mazda,3,2008,14000,4,gasoline,1.6,105,automatic,202112,mazda
Mazda,5,2008,13000,3,gasoline,2,145,automatic,278000,mazda
Mazda,3,2010,30000,4,gasoline,2,150,automatic,220000,mazda
Mazda,Cx 5,2016,69000,2,gasoline,2,165,automatic,215000,mazda
Mazda,Cx 5,2016,75900,4,gasoline,2,165,automatic,97000,mazda
Mazda,2,2016,50000,2,gasoline,1.5,111,automatic,114000,mazda
Mazda,3,2018,66000,2,gasoline,2,165,automatic,120000,mazda
Mazda,5,2007,15000,3,gasoline,2,145,automatic,285000,mazda
Mazda,3,2005,10000,4,gasoline,2,150,automatic,279000,mazda
Mazda,3,2011,27000,1,gasoline,2,150,automatic,200000,mazda
Mazda,2,2014,19700,3,gasoline,1.5,103,automatic,204000,mazda
Mazda,3,2011,27000,2,gasoline,2,150,automatic,129000,mazda
Mazda,Cx 5,2021,132000,1,gasoline,2,165,automatic,38500,mazda
Mazda,3,2010,13000,3,gasoline,1.6,105,automatic,235000,mazda
Mazda,3,2007,15000,2,gasoline,1.6,105,automatic,210000,mazda
Mazda,Cx 5,2019,100000,2,gasoline,2,165,automatic,140500,mazda
Mazda,Cx 5,2014,51500,4,gasoline,2,155,automatic,208000,mazda
Mazda,5,2008,4500,3,gasoline,2,145,automatic,450000,mazda
Mazda,6,2012,31000,3,gasoline,2,155,automatic,125000,mazda
Mazda,6,2010,13000,4,gasoline,2,155,automatic,220000,mazda
Mazda,Cx 5,2022,125000,1,gasoline,2,165,automatic,53000,mazda
Mazda,3,2006,8000,4,gasoline,1.6,105,automatic,177800,mazda
Mazda,3,2009,17000,4,gasoline,1.6,105,automatic,212396,mazda
Mazda,Cx 5,2013,50000,3,gasoline,2,155,automatic,186000,mazda
Mazda,5,2006,11000,3,gasoline,2,145,automatic,295000,mazda
Mazda,6,2016,44000,3,gasoline,2,165,automatic,233500,mazda
Mazda,5,2007,18000,2,gasoline,2,145,automatic,250000,mazda
Mazda,3,2021,98000,2,gasoline,2,165,automatic,100000,mazda
Mazda,Cx 5,2015,67000,2,gasoline,2,165,automatic,120000,mazda
Mazda,2,2011,18900,4,gasoline,1.5,103,automatic,183000,mazda
Mazda,5,2009,12000,2,gasoline,2,145,automatic,280000,mazda
Mazda,3,2010,21000,3,gasoline,1.6,105,automatic,144000,mazda
Mazda,3,2019,89900,2,gasoline,2,165,automatic,50000,mazda
Mazda,3,2009,18000,3,gasoline,1.6,105,automatic,172000,mazda
Mazda,3,2008,11000,4,gasoline,1.6,105,automatic,206000,mazda
Mazda,Cx 5,2016,55900,3,gasoline,2,165,automatic,122900,mazda
Mazda,Cx 5,2014,56500,2,gasoline,2,155,automatic,174000,mazda
Mazda,3,2019,73000,4,gasoline,2,165,automatic,95000,mazda
Mazda,3,2006,10000,2,gasoline,1.6,105,automatic,70000,mazda
Mazda,6,2010,32000,3,gasoline,2,147,automatic,114000,mazda
Mazda,Demio,2001,6500,3,gasoline,1.5,75,automatic,225000,mazda
Mazda,3,2021,103000,2,gasoline,2,165,automatic,58000,mazda
Mazda,3,2012,27500,2,gasoline,2,150,automatic,297000,mazda
Mazda,Cx 5,2020,144500,1,gasoline,2,165,automatic,52000,mazda
Mazda,2,2008,14900,3,gasoline,1.5,103,automatic,130000,mazda
Mazda,3,2012,17000,3,gasoline,1.6,105,automatic,220167,mazda
Mazda,Cx 30,2021,115000,1,gasoline,2,165,automatic,38000,mazda
Mazda,Cx 5,2012,49900,1,gasoline,2,155,automatic,127000,mazda
Mazda,Cx 5,2015,50000,3,gasoline,2,155,automatic,190000,mazda
Mazda,3,2019,86000,1,gasoline,2,165,automatic,97000,mazda
Mazda,5,2014,47000,2,gasoline,2,144,automatic,199000,mazda
Mazda,3,2010,24000,4,gasoline,1.6,105,automatic,125000,mazda
Mazda,3,2010,16500,3,gasoline,1.6,105,automatic,200000,mazda
Mazda,2,2008,9900,3,gasoline,1.5,103,automatic,268000,mazda
Mazda,323,2003,8000,3,gasoline,1.6,105,automatic,280000,mazda
Mazda,626,1998,10000,1,gasoline,2,136,automatic,275000,mazda
Mazda,5,2013,37500,2,gasoline,2,144,automatic,205000,mazda
Mazda,3,2005,15000,1,gasoline,2,150,automatic,165000,mazda
Mazda,6,2010,18000,2,gasoline,2,155,automatic,193000,mazda
Mazda,3,2024,146000,2,gasoline,2,165,automatic,500,mazda
Mazda,5,2008,18000,3,gasoline,2,145,automatic,255000,mazda
Mazda,Cx 5,2012,40000,3,gasoline,2,155,automatic,170550,mazda
Mazda,2,2016,49000,1,gasoline,1.5,111,automatic,130000,mazda
Mazda,6,2016,39000,4,gasoline,2,165,automatic,222000,mazda
Mazda,6,2006,22000,3,gasoline,2,147,automatic,320000,mazda
Mazda,3,2008,11500,2,gasoline,1.6,105,automatic,214000,mazda
Mazda,Cx 5,2019,111000,1,gasoline,2,165,automatic,106000,mazda
Mazda,Cx 5,2021,120000,2,gasoline,2,165,automatic,89000,mazda
Mazda,Cx 5,2014,64500,3,gasoline,2.5,188,automatic,100000,mazda
Mazda,6,2012,27000,3,gasoline,2,155,automatic,164000,mazda
Mazda,5,2014,37000,2,gasoline,2,144,automatic,200000,mazda
Mazda,Cx 5,2020,127000,1,gasoline,2,165,automatic,49000,mazda
Mazda,2,2008,17000,2,gasoline,1.5,103,automatic,201000,mazda
Mazda,5,2011,33000,2,gasoline,2,144,automatic,260000,mazda
Mazda,5,2008,15000,2,gasoline,2,145,automatic,170000,mazda
Mazda,3,2015,34000,2,gasoline,1.5,120,automatic,225000,mazda
Mazda,6,2008,10000,3,gasoline,2,147,automatic,195000,mazda
Mazda,3,2010,13500,3,gasoline,1.6,105,automatic,220000,mazda
Mazda,B Series,2004,25000,3,diesel,2.5,109,manual,30000,mazda
Mazda,Cx 5,2020,120000,1,gasoline,2,165,automatic,57000,mazda
Mazda,Cx 5,2018,105000,2,gasoline,2,165,automatic,53600,mazda
Mazda,3,2021,93000,2,gasoline,2,165,automatic,64000,mazda
Mazda,Cx 5,2015,63000,1,gasoline,2,165,automatic,130000,mazda
Mazda,5,2009,12000,3,gasoline,2,145,automatic,247000,mazda
Mazda,3,2007,11000,4,gasoline,1.6,105,automatic,180000,mazda
Mazda,3,2010,14000,2,gasoline,1.6,105,automatic,222000,mazda
Mazda,6,2010,12000,3,gasoline,2,147,automatic,280000,mazda
Mazda,5,2011,21500,4,gasoline,2,144,automatic,194000,mazda
Mazda,6,2007,10000,3,gasoline,2,147,automatic,295000,mazda
Mazda,3,2007,13900,3,gasoline,1.6,105,automatic,221000,mazda
Mazda,323,2001,5900,2,gasoline,1.8,115,automatic,418000,mazda
Mazda,Cx 5,2017,86500,2,gasoline,2,165,automatic,173000,mazda
Mazda,5,2006,19900,3,gasoline,2,145,automatic,207000,mazda
Mazda,3,2022,142000,1,gasoline,2,165,automatic,10000,mazda
Mazda,3,2009,9500,3,gasoline,1.6,105,automatic,240000,mazda
Mazda,6,2008,16500,3,gasoline,2,147,automatic,175000,mazda
Mazda,3,2017,75000,2,gasoline,2,165,automatic,87000,mazda
Mazda,6,2011,27000,4,gasoline,2,155,automatic,142000,mazda
Mazda,2,2010,12000,3,gasoline,1.5,103,automatic,145000,mazda
Mazda,3,2018,78000,2,gasoline,2,165,automatic,140000,mazda
Mazda,Cx 5,2014,52000,3,gasoline,2,155,automatic,260000,mazda
Mazda,3,2010,18000,2,gasoline,1.6,105,automatic,205000,mazda
Mazda,3,2010,13500,3,gasoline,1.6,105,automatic,230000,mazda
Mazda,3,2018,65000,3,gasoline,2,165,automatic,117000,mazda
Mazda,3,2005,6000,4,gasoline,1.6,105,automatic,198000,mazda
Mazda,Cx 30,2020,92200,3,gasoline,2,165,automatic,85000,mazda
Mazda,3,2008,11000,3,gasoline,1.6,105,automatic,260000,mazda
Mazda,Cx 5,2014,65000,1,gasoline,2,155,automatic,91000,mazda
Mazda,3,2014,48000,4,gasoline,2,165,automatic,188000,mazda
Mazda,2,2022,80000,3,gasoline,1.5,116,automatic,63600,mazda
Mazda,3,2018,63000,3,gasoline,2,165,automatic,125000,mazda
Mazda,6,2011,23000,2,gasoline,2,155,automatic,106000,mazda
Mazda,6,2015,42000,3,gasoline,2,165,automatic,205000,mazda
Mazda,3,2018,65500,2,gasoline,2,165,automatic,133600,mazda
Mazda,3,2019,70000,1,gasoline,2,165,automatic,75000,mazda
Mazda,Cx 3,2024,129900,1,gasoline,1.5,116,automatic,400,mazda
Mazda,3,2013,40000,2,gasoline,1.5,120,automatic,137000,mazda
Mazda,3,2006,8500,3,gasoline,1.6,105,automatic,238000,mazda
Mazda,3,2018,74000,2,gasoline,2,165,automatic,86000,mazda
Mazda,3,2007,8000,4,gasoline,1.6,105,automatic,260000,mazda
Mazda,Cx 5,2018,91000,2,gasoline,2,165,automatic,160000,mazda
Mazda,3,2011,17500,3,gasoline,1.6,105,automatic,142000,mazda
Mazda,3,2010,19000,4,gasoline,1.6,105,automatic,185000,mazda
Mazda,3,2009,10900,3,gasoline,1.6,105,automatic,260000,mazda
Mazda,3,2014,31000,2,gasoline,1.5,120,automatic,169000,mazda
Mazda,Cx 5,2021,145000,2,gasoline,2.5,194,automatic,24000,mazda
Mazda,6,2008,13000,4,gasoline,2.5,170,automatic,240000,mazda
Mazda,3,2014,34000,3,gasoline,1.5,120,automatic,300000,mazda
Mazda,5,2008,30000,1,gasoline,2,145,automatic,218000,mazda
Mazda,3,2017,54000,2,gasoline,2,165,automatic,142000,mazda
Mazda,Cx 5,2018,95000,4,gasoline,2,165,automatic,108000,mazda
Mazda,3,2008,12000,3,gasoline,1.6,105,automatic,184000,mazda
Mazda,3,2004,12000,3,gasoline,1.6,105,automatic,217000,mazda
Mazda,3,2021,105000,2,gasoline,2,165,automatic,71000,mazda
Mazda,3,2010,17500,3,gasoline,1.6,105,automatic,220000,mazda
Mazda,3,2009,20000,1,gasoline,1.6,105,automatic,279040,mazda
Mazda,3,2009,15000,3,gasoline,1.6,105,automatic,255000,mazda
Mazda,Cx 5,2020,120000,2,gasoline,2,165,automatic,53000,mazda
Mazda,Mpv,2006,9000,3,gasoline,3,197,automatic,193000,mazda
Mazda,3,2007,11000,4,gasoline,2,150,automatic,233000,mazda
Mazda,Cx 5,2018,122000,2,gasoline,2.5,195,automatic,118000,mazda
Mazda,3,2011,15000,4,gasoline,1.6,105,automatic,270000,mazda
Mazda,6,2008,19000,3,gasoline,2,147,automatic,205000,mazda
Mazda,6,2020,94000,2,gasoline,2,165,automatic,86800,mazda
Mazda,3,2007,9500,3,gasoline,1.6,105,automatic,217450,mazda
Mazda,5,2015,57000,2,gasoline,2,144,automatic,148000,mazda
Mazda,3,2014,46000,4,gasoline,2,165,automatic,143000,mazda
Mazda,Cx 30,2020,98000,2,gasoline,2,165,automatic,94000,mazda
Mazda,Cx 5,2022,151000,2,gasoline,2,165,automatic,27800,mazda
Mazda,Cx 5,2021,97000,2,gasoline,2,165,automatic,130000,mazda
Mazda,Cx 5,2021,115000,2,gasoline,2,165,automatic,57000,mazda
Mazda,6,2016,55000,3,gasoline,2.5,192,automatic,180000,mazda
Mazda,2,2018,57900,2,gasoline,1.5,111,automatic,124000,mazda
Mazda,2,2008,15500,3,gasoline,1.5,103,automatic,207000,mazda
Mazda,2,2022,79000,2,gasoline,1.5,116,automatic,115000,mazda
Mazda,Cx 5,2019,95000,3,gasoline,2,165,automatic,112000,mazda
Mazda,3,2012,14000,3,gasoline,1.6,105,automatic,195000,mazda
Mazda,2,2016,34999,2,gasoline,1.5,111,automatic,190000,mazda
Mazda,2,2017,56900,2,gasoline,1.5,111,automatic,166000,mazda
Mazda,Cx 30,2022,110155,2,gasoline,2,165,automatic,70500,mazda
Mazda,3,2021,89492,2,gasoline,2,165,automatic,117681,mazda
Mazda,3,2019,62250,2,gasoline,2,165,automatic,157800,mazda
Mazda,2,2021,85495,2,gasoline,1.5,116,automatic,29640,mazda
Mazda,Cx 5,2021,120345,1,gasoline,2,165,automatic,41589,mazda
Mazda,3,2017,60000,3,gasoline,2,165,automatic,176000,mazda
Mazda,6,2013,34000,2,gasoline,2,155,automatic,75000,mazda
Mazda,6,2008,8900,4,gasoline,2,147,automatic,298000,mazda
Mazda,6,2010,16500,4,gasoline,2,147,automatic,189000,mazda
Mazda,5,2011,20000,3,gasoline,2,144,automatic,350000,mazda
Mazda,6,2010,21000,2,gasoline,2,155,automatic,130700,mazda
Mazda,Cx 5,2012,54000,3,gasoline,2,155,automatic,173000,mazda
Mazda,6,2009,17000,3,gasoline,2,147,automatic,144000,mazda
Mazda,3,2014,34000,2,gasoline,2,165,automatic,245000,mazda
Mazda,5,2008,15000,4,gasoline,2,145,automatic,300000,mazda
Mazda,3,2009,13800,2,gasoline,1.6,105,automatic,202200,mazda
Mazda,3,2008,7000,3,gasoline,1.6,105,automatic,247000,mazda
Mazda,3,2010,18000,3,gasoline,1.6,105,automatic,185000,mazda
Mazda,Premacy,2005,9000,2,gasoline,2,131,automatic,190000,mazda
Mazda,3,2010,16000,4,gasoline,1.6,105,automatic,195000,mazda
Mazda,5,2011,20000,4,gasoline,2,144,automatic,236000,mazda
Mazda,5,2007,6000,4,gasoline,2,145,automatic,320000,mazda
Mazda,3,2018,80000,2,gasoline,2,165,automatic,87000,mazda
Mazda,6,2012,10000,4,gasoline,2,147,automatic,196000,mazda
Mazda,3,2017,59000,1,gasoline,2,165,automatic,84000,mazda
Mazda,5,2010,15000,3,gasoline,2,145,automatic,250000,mazda
Mazda,3,2005,9000,3,gasoline,2,150,automatic,182,mazda
Mazda,5,2012,34500,2,gasoline,2,144,automatic,207000,mazda
Mazda,3,2008,12000,3,gasoline,1.6,105,automatic,210000,mazda
Mazda,5,2006,10000,4,gasoline,2,145,automatic,250000,mazda
Mazda,5,2008,26000,4,gasoline,2,145,automatic,133000,mazda
Mazda,3,2022,110000,3,gasoline,2,165,automatic,65000,mazda
Mazda,Cx 5,2016,65000,3,gasoline,2,165,automatic,123312,mazda
Mazda,3,2017,54800,2,gasoline,2,165,automatic,100000,mazda
Mazda,3,2011,11000,3,gasoline,1.6,105,automatic,245000,mazda
Mazda,3,2009,16500,2,gasoline,1.6,105,automatic,127600,mazda
Mazda,Cx 5,2016,66000,1,gasoline,2,165,automatic,184000,mazda
Mazda,3,2008,11500,1,gasoline,1.6,105,automatic,203000,mazda
Mazda,Cx 5,2020,115000,3,gasoline,2,165,automatic,85000,mazda
Mazda,3,2008,14000,4,gasoline,1.6,105,automatic,202112,mazda
Mazda,5,2008,13000,3,gasoline,2,145,automatic,278000,mazda
Mitsubishi,Asx,2022,94900,1,gasoline,2,150,variable,94000,mitsubishi
Mitsubishi,Lancer,2008,7900,3,gasoline,1.6,98,automatic,259000,mitsubishi
Mitsubishi,Lancer,2008,8900,4,gasoline,1.6,98,automatic,214000,mitsubishi
Mitsubishi,Attrage,2016,19800,2,gasoline,1.2,80,variable,180000,mitsubishi
Mitsubishi,Space Star,2014,22800,2,gasoline,1.2,80,variable,133000,mitsubishi
Mitsubishi,Asx,2021,76900,1,gasoline,2,150,variable,,mitsubishi
Mitsubishi,Eclipse Cross,2021,76900,2,gasoline,1.5,163,variable,141000,mitsubishi
Mitsubishi,Outlander,2015,63500,1,gasoline,2,150,variable,172000,mitsubishi
Mitsubishi,Eclipse Cross,2020,72900,1,gasoline,1.5,163,variable,157000,mitsubishi
Mitsubishi,Asx,2019,53900,2,gasoline,2,150,variable,136000,mitsubishi
Mitsubishi,Outlander,2021,129900,1,gasoline,2.5,181,variable,50000,mitsubishi
Mitsubishi,Eclipse Cross,2021,93000,2,gasoline,1.5,163,variable,35000,mitsubishi
Mitsubishi,Space Star,2017,31900,1,gasoline,1.2,80,variable,98000,mitsubishi
Mitsubishi,Outlander,2017,62900,1,gasoline,2,150,variable,209000,mitsubishi
Mitsubishi,Space Star,2023,71130,2,gasoline,1.2,71,variable,35252,mitsubishi
Mitsubishi,Space Star,2023,69605,1,gasoline,1.2,71,variable,71667,mitsubishi
Mitsubishi,Space Star,2022,66415,1,gasoline,1.2,71,variable,66501,mitsubishi
Mitsubishi,Outlander,2021,119995,2,gasoline,2,150,variable,88817,mitsubishi
Mitsubishi,Outlander,2020,103740,1,gasoline,2,150,variable,138200,mitsubishi
Mitsubishi,Outlander,2020,105915,2,gasoline,2,150,variable,78834,mitsubishi
Mitsubishi,Asx,2019,48000,2,gasoline,2,150,variable,185000,mitsubishi
Mitsubishi,Space Star,2015,27500,3,gasoline,1.2,80,variable,83000,mitsubishi
Mitsubishi,Space Star,2022,65000,2,gasoline,1.2,71,variable,32000,mitsubishi
Mitsubishi,Eclipse Cross,2020,77000,2,gasoline,1.5,163,variable,114000,mitsubishi
Mitsubishi,Space Star,2022,53000,2,gasoline,1.2,71,variable,100000,mitsubishi
Mitsubishi,Outlander,2017,70800,1,gasoline,2,150,variable,170838,mitsubishi
Mitsubishi,Outlander,2016,55500,2,gasoline,2,150,variable,230000,mitsubishi
Mitsubishi,Space Star,2018,34000,3,gasoline,1.2,80,variable,99500,mitsubishi
Mitsubishi,Galant,1996,15000,3,gasoline,2,170,automatic,188000,mitsubishi
Mitsubishi,Asx,2022,92500,2,gasoline,2,150,variable,139000,mitsubishi
Mitsubishi,Eclipse Cross,2022,110825,1,gasoline,1.5,150,variable,43035,mitsubishi
Mitsubishi,Eclipse Cross,2022,115015,1,gasoline,1.5,150,variable,38536,mitsubishi
Mitsubishi,Eclipse Cross,2022,114590,1,gasoline,1.5,150,variable,20766,mitsubishi
Mitsubishi,Eclipse Cross,2020,87405,2,gasoline,1.5,163,variable,81555,mitsubishi
Mitsubishi,Asx,2023,111760,1,gasoline,2,150,variable,25492,mitsubishi
Mitsubishi,Asx,2023,111975,1,gasoline,2,150,variable,16411,mitsubishi
Mitsubishi,Asx,2022,97397,2,gasoline,2,150,variable,42491,mitsubishi
Mitsubishi,Asx,2021,91625,2,gasoline,2,150,variable,96000,mitsubishi
Mitsubishi,Asx,2020,88680,1,gasoline,2,150,variable,102240,mitsubishi
Mitsubishi,Asx,2019,48000,2,gasoline,2,150,variable,185000,mitsubishi
Mitsubishi,Space Star,2015,27500,3,gasoline,1.2,80,variable,83000,mitsubishi
Mitsubishi,Space Star,2022,65000,2,gasoline,1.2,71,variable,32000,mitsubishi
Mitsubishi,Eclipse Cross,2020,77000,2,gasoline,1.5,163,variable,114000,mitsubishi
Mitsubishi,Outlander,2017,79000,2,gasoline,2,150,variable,152000,mitsubishi
Mitsubishi,Space Star,2022,53000,2,gasoline,1.2,71,variable,100000,mitsubishi
Mitsubishi,Outlander,2017,70800,1,gasoline,2,150,variable,170838,mitsubishi
Mitsubishi,Space Star,2021,44990,3,gasoline,1.2,71,variable,44000,mitsubishi
Mitsubishi,Outlander,2009,23900,3,gasoline,2.4,170,variable,174000,mitsubishi
Mitsubishi,Outlander,2016,55500,2,gasoline,2,150,variable,230000,mitsubishi
Mitsubishi,Outlander,2021,139990,1,gasoline,2.5,181,variable,49000,mitsubishi
Mitsubishi,Outlander,2015,55000,2,gasoline,2,150,variable,235000,mitsubishi
Mitsubishi,Space Star,2018,28900,2,gasoline,1.2,80,variable,150000,mitsubishi
Mitsubishi,Outlander,2015,59000,3,gasoline,2,150,variable,278000,mitsubishi
Mitsubishi,L200,2009,45000,1,diesel,2.5,136,automatic,138000,mitsubishi
Mitsubishi,Space Star,2019,37500,4,gasoline,1.2,80,variable,98500,mitsubishi
Mitsubishi,Grandis,2010,13000,2,gasoline,2.4,165,automatic,245000,mitsubishi
Mitsubishi,Asx,2020,73000,1,gasoline,2,150,variable,115000,mitsubishi
Mitsubishi,Grandis,2007,11500,3,gasoline,2.4,165,automatic,311111,mitsubishi
Mitsubishi,L200,2017,110000,1,diesel,2.4,154,automatic,151000,mitsubishi
Mitsubishi,Outlander,2021,118000,2,gasoline,2,150,variable,64000,mitsubishi
Mitsubishi,Space Star,2018,34000,3,gasoline,1.2,80,variable,99500,mitsubishi
Mitsubishi,Galant,1996,15000,3,gasoline,2,170,automatic,188000,mitsubishi
Mitsubishi,Asx,2022,92500,2,gasoline,2,150,variable,139000,mitsubishi
Mitsubishi,Outlander,2023,135000,1,gasoline,2.5,181,variable,65000,mitsubishi
Mitsubishi,Space Star,2023,71900,1,gasoline,1.2,71,variable,21800,mitsubishi
Mitsubishi,Eclipse Cross,2018,64000,2,gasoline,1.5,163,variable,85500,mitsubishi
Mitsubishi,Outlander,2016,72000,3,gasoline,2,150,variable,136000,mitsubishi
Mitsubishi,L200,2014,43000,3,diesel,2.5,136,manual,200000,mitsubishi
Mitsubishi,Asx,2020,76500,4,gasoline,2,150,variable,84000,mitsubishi
Mitsubishi,Space Star,2013,14500,3,gasoline,1.2,80,variable,192000,mitsubishi
Mitsubishi,Lancer,2008,13000,3,gasoline,1.6,98,automatic,220000,mitsubishi
Mitsubishi,Asx,2020,93000,2,gasoline,2,150,variable,50000,mitsubishi
Mitsubishi,Lancer,2017,48000,2,gasoline,1.8,140,variable,81000,mitsubishi
Mitsubishi,Space Star,2019,58500,2,gasoline,1.2,80,variable,33000,mitsubishi
Mitsubishi,Asx,2021,68000,2,gasoline,2,150,variable,132000,mitsubishi
Mitsubishi,Outlander,2016,75000,1,gasoline,2,150,variable,180000,mitsubishi
Mitsubishi,Outlander,2015,55000,2,gasoline,2,150,variable,235000,mitsubishi
Mitsubishi,Outlander,2011,27000,2,gasoline,2,147,variable,230000,mitsubishi
Mitsubishi,Space Star,2018,28900,2,gasoline,1.2,80,variable,150000,mitsubishi
Mitsubishi,L200,2020,119990,2,diesel,2.3,150,automatic,159000,mitsubishi
Mitsubishi,Outlander,2024,210000,1,gasoline,2.5,181,variable,7500,mitsubishi
Mitsubishi,Space Star,2022,71000,1,gasoline,1.2,71,variable,37000,mitsubishi
Mitsubishi,Lancer,2007,7900,2,gasoline,1.6,98,automatic,223000,mitsubishi
Mitsubishi,Lancer,2009,8500,3,gasoline,1.6,98,automatic,189000,mitsubishi
Mitsubishi,Outlander,2016,55000,2,gasoline,2,150,variable,196000,mitsubishi
Mitsubishi,Outlander,2012,30000,2,gasoline,2,147,variable,171000,mitsubishi
Mitsubishi,L200,2010,32000,1,diesel,2.5,136,automatic,414000,mitsubishi
Mitsubishi,Lancer,1994,30000,4,gasoline,1.5,110,manual,148000,mitsubishi
Mitsubishi,Outlander,2013,52500,3,gasoline,2,150,variable,158000,mitsubishi
Mitsubishi,Outlander,2021,108000,2,gasoline,2,150,variable,125000,mitsubishi
Mitsubishi,Outlander,2015,59000,3,gasoline,2,150,variable,278000,mitsubishi
Mitsubishi,L200,2016,75000,2,diesel,2.4,154,automatic,238000,mitsubishi
Mitsubishi,Outlander,2017,79990,2,plug-in,2,121,automatic,165000,mitsubishi
Mitsubishi,L200,2009,45000,1,diesel,2.5,136,automatic,138000,mitsubishi
Mitsubishi,Outlander,2021,80000,1,gasoline,2,150,variable,153384,mitsubishi
Mitsubishi,Space Star,2019,37500,4,gasoline,1.2,80,variable,98500,mitsubishi
Mitsubishi,Grandis,2010,13000,2,gasoline,2.4,165,automatic,245000,mitsubishi
Mitsubishi,Asx,2020,73000,1,gasoline,2,150,variable,115000,mitsubishi
Mitsubishi,Grandis,2007,11500,3,gasoline,2.4,165,automatic,311111,mitsubishi
Mitsubishi,L200,2017,110000,1,diesel,2.4,154,automatic,151000,mitsubishi
Mitsubishi,Outlander,2021,118000,2,gasoline,2,150,variable,64000,mitsubishi
Mitsubishi,Lancer,2007,11000,4,gasoline,1.6,98,automatic,195000,mitsubishi
Mitsubishi,Lancer,2009,5100,4,gasoline,1.6,98,automatic,301700,mitsubishi
Mitsubishi,Space Star,2023,69000,1,gasoline,1.2,71,variable,36000,mitsubishi
Mitsubishi,Eclipse Cross,2025,117000,2,gasoline,1.5,150,variable,11000,mitsubishi
Mitsubishi,Outlander,2013,38000,3,gasoline,2,150,variable,200000,mitsubishi
Mitsubishi,Outlander,2024,210000,1,gasoline,2.5,181,variable,7500,mitsubishi
Mitsubishi,Outlander,2015,54990,3,gasoline,2,150,variable,224000,mitsubishi
Mitsubishi,L200,2015,74990,1,diesel,2.4,154,manual,119000,mitsubishi
Mitsubishi,Space Star,2022,71000,1,gasoline,1.2,71,variable,37000,mitsubishi
Mitsubishi,Outlander,2016,68000,4,gasoline,2,150,variable,185000,mitsubishi
Mitsubishi,Lancer,2007,7000,2,gasoline,1.6,98,automatic,169500,mitsubishi
Mitsubishi,Attrage,2015,15000,3,gasoline,1.2,80,variable,227963,mitsubishi
Mitsubishi,Outlander,2014,55000,3,gasoline,2,150,variable,205000,mitsubishi
Mitsubishi,Lancer,2007,9500,4,gasoline,1.6,98,automatic,230000,mitsubishi
Mitsubishi,Eclipse Cross,2019,67500,2,gasoline,1.5,163,variable,118000,mitsubishi
Mitsubishi,L200,2013,38000,4,diesel,2.5,136,manual,272000,mitsubishi
Mitsubishi,Outlander,2010,25000,2,gasoline,2,147,variable,299000,mitsubishi
Mitsubishi,Lancer,2008,8000,4,gasoline,1.6,98,automatic,218000,mitsubishi
Mitsubishi,Outlander,2012,29200,2,gasoline,2,147,variable,199000,mitsubishi
Mitsubishi,Lancer,2007,7900,2,gasoline,1.6,98,automatic,223000,mitsubishi
Mitsubishi,Asx,2021,78000,1,gasoline,2,150,variable,100881,mitsubishi
Mitsubishi,Outlander,2023,165000,1,gasoline,2.5,181,variable,63222,mitsubishi
Mitsubishi,Lancer,2009,8500,3,gasoline,1.6,98,automatic,189000,mitsubishi
Mitsubishi,Outlander,2016,55000,2,gasoline,2,150,variable,196000,mitsubishi
Mitsubishi,L200,2015,78990,2,diesel,2.5,178,automatic,195000,mitsubishi
Mitsubishi,Lancer,2016,34999,2,gasoline,1.8,140,variable,170000,mitsubishi
Mitsubishi,Outlander,2012,30000,2,gasoline,2,147,variable,171000,mitsubishi
Mitsubishi,L200,2010,32000,1,diesel,2.5,136,automatic,414000,mitsubishi
Mitsubishi,Space Star,2021,47900,1,gasoline,1.2,71,variable,97000,mitsubishi
Mitsubishi,Space Star,2022,49900,2,gasoline,1.2,71,variable,80000,mitsubishi
Mitsubishi,Lancer,1994,30000,4,gasoline,1.5,110,manual,148000,mitsubishi
Mitsubishi,Outlander,2013,52500,3,gasoline,2,150,variable,158000,mitsubishi
Mitsubishi,Outlander,2021,108000,2,gasoline,2,150,variable,125000,mitsubishi
Mitsubishi,Pajero,2017,145000,3,diesel,3.2,190,automatic,181000,mitsubishi
Mitsubishi,Outlander,2016,80000,2,gasoline,2,150,variable,170000,mitsubishi
Mitsubishi,Asx,2020,81000,2,gasoline,2,150,variable,57000,mitsubishi
Mitsubishi,Outlander,2016,68000,4,gasoline,2,150,variable,185000,mitsubishi
Mitsubishi,Lancer,2007,7000,2,gasoline,1.6,98,automatic,169500,mitsubishi
Mitsubishi,Attrage,2015,15000,3,gasoline,1.2,80,variable,227963,mitsubishi
Mitsubishi,Outlander,2012,29200,2,gasoline,2,147,variable,199000,mitsubishi
Mitsubishi,Pajero,2004,24999,4,diesel,3.2,165,automatic,338000,mitsubishi
Mitsubishi,Outlander,2016,64000,3,gasoline,2,150,variable,200000,mitsubishi
Mitsubishi,Pajero,2008,75000,3,diesel,3.2,165,automatic,260000,mitsubishi
Mitsubishi,Outlander,2008,25000,3,gasoline,2.4,170,variable,240000,mitsubishi
Mitsubishi,Outlander,2022,183000,1,gasoline,2.5,181,variable,14000,mitsubishi
Mitsubishi,Space Star,2021,53000,2,gasoline,1.2,71,variable,67000,mitsubishi
Mitsubishi,Lancer,2008,7500,2,gasoline,1.6,98,automatic,270000,mitsubishi
Mitsubishi,Outlander,2015,55000,2,gasoline,2,150,variable,190000,mitsubishi
Mitsubishi,Pajero,2011,72000,2,diesel,3.2,200,automatic,350000,mitsubishi
Mitsubishi,Outlander,2014,55000,3,gasoline,2,150,variable,205000,mitsubishi
Mitsubishi,Lancer,2007,9500,4,gasoline,1.6,98,automatic,230000,mitsubishi
Mitsubishi,Eclipse Cross,2019,67500,2,gasoline,1.5,163,variable,118000,mitsubishi
Mitsubishi,L200,2013,38000,4,diesel,2.5,136,manual,272000,mitsubishi
Mitsubishi,Outlander,2010,25000,2,gasoline,2,147,variable,299000,mitsubishi
Mitsubishi,Lancer,2008,8000,4,gasoline,1.6,98,automatic,218000,mitsubishi
Mitsubishi,Outlander,2012,29200,2,gasoline,2,147,variable,199000,mitsubishi
Mitsubishi,Pajero,2004,24999,4,diesel,3.2,165,automatic,338000,mitsubishi
Mitsubishi,Outlander,2016,64000,3,gasoline,2,150,variable,200000,mitsubishi
Mitsubishi,Pajero,2008,75000,3,diesel,3.2,165,automatic,260000,mitsubishi
Mitsubishi,Outlander,2008,25000,3,gasoline,2.4,170,variable,240000,mitsubishi
Mitsubishi,Outlander,2022,183000,1,gasoline,2.5,181,variable,14000,mitsubishi
Mitsubishi,Space Star,2021,53000,2,gasoline,1.2,71,variable,67000,mitsubishi
Mitsubishi,Lancer,2008,7500,2,gasoline,1.6,98,automatic,270000,mitsubishi
Mitsubishi,Outlander,2015,55000,2,gasoline,2,150,variable,190000,mitsubishi
Mitsubishi,Pajero,2011,72000,2,diesel,3.2,200,automatic,350000,mitsubishi
Mitsubishi,Pajero,2001,31000,3,diesel,3.2,165,automatic,415000,mitsubishi
Mitsubishi,Outlander,2016,75000,3,gasoline,2,150,variable,200000,mitsubishi
Mitsubishi,Space Star,2023,74000,2,gasoline,1.2,71,variable,12600,mitsubishi
Mitsubishi,Grandis,2009,18000,4,gasoline,2.4,165,automatic,344000,mitsubishi
Mitsubishi,Lancer,2007,5000,3,gasoline,1.6,98,automatic,220000,mitsubishi
Mitsubishi,Grandis,2005,10000,2,gasoline,2.4,165,automatic,180000,mitsubishi
Mitsubishi,Attrage,2016,13000,3,gasoline,1.2,80,variable,217000,mitsubishi
Mitsubishi,Outlander,2017,69999,2,gasoline,2,150,variable,210000,mitsubishi
Mitsubishi,Grandis,2010,18500,2,gasoline,2.4,165,automatic,245000,mitsubishi
Mitsubishi,Pajero,2009,67500,4,diesel,3.2,170,automatic,280000,mitsubishi
Mitsubishi,Lancer,2014,20000,3,gasoline,1.8,140,variable,170000,mitsubishi
Mitsubishi,L200,2010,20000,3,diesel,2.5,136,manual,460000,mitsubishi
Mitsubishi,Outlander,2021,129000,1,gasoline,2,150,variable,38000,mitsubishi
Mitsubishi,Outlander,2017,75000,1,plug-in,2,121,automatic,200000,mitsubishi
Mitsubishi,Pajero,1994,28000,2,gasoline,3,177,automatic,260000,mitsubishi
Mitsubishi,Attrage,2016,23000,3,gasoline,1.2,80,variable,231000,mitsubishi
Mitsubishi,Lancer,2007,5000,3,gasoline,1.6,98,automatic,220000,mitsubishi
Mitsubishi,Grandis,2005,10000,2,gasoline,2.4,165,automatic,180000,mitsubishi
Mitsubishi,Attrage,2016,13000,3,gasoline,1.2,80,variable,217000,mitsubishi
Mitsubishi,Outlander,2017,69999,2,gasoline,2,150,variable,210000,mitsubishi
Mitsubishi,Grandis,2010,18500,2,gasoline,2.4,165,automatic,245000,mitsubishi
Mitsubishi,Pajero,2009,67500,4,diesel,3.2,170,automatic,280000,mitsubishi
Mitsubishi,Lancer,2014,20000,3,gasoline,1.8,140,variable,170000,mitsubishi
Mitsubishi,L200,2010,20000,3,diesel,2.5,136,manual,460000,mitsubishi
Mitsubishi,Outlander,2021,129000,1,gasoline,2,150,variable,38000,mitsubishi
Mitsubishi,Outlander,2017,75000,1,plug-in,2,121,automatic,200000,mitsubishi
Mitsubishi,Pajero,2001,32000,3,diesel,3.2,165,automatic,478000,mitsubishi
Mitsubishi,Outlander,2017,90000,3,gasoline,2,150,variable,180000,mitsubishi
Mitsubishi,Asx,2022,103500,1,gasoline,2,150,variable,29500,mitsubishi
Mitsubishi,Outlander,2018,92000,1,gasoline,2,150,variable,95500,mitsubishi
Mitsubishi,Asx,2023,125000,1,gasoline,2,150,variable,6000,mitsubishi
Mitsubishi,Space Star,2018,48000,2,gasoline,1.2,80,variable,47000,mitsubishi
Mitsubishi,L200,2011,30000,3,diesel,2.5,136,manual,300000,mitsubishi
Mitsubishi,Outlander,2014,53000,3,gasoline,2,150,variable,225000,mitsubishi
Mitsubishi,Space Star,2021,53000,2,gasoline,1.2,71,variable,67000,mitsubishi
Mitsubishi,Lancer,2008,7500,2,gasoline,1.6,98,automatic,270000,mitsubishi
Mitsubishi,Outlander,2015,55000,2,gasoline,2,150,variable,190000,mitsubishi
Mitsubishi,Pajero,2011,72000,2,diesel,3.2,200,automatic,350000,mitsubishi
Mitsubishi,Pajero,2001,31000,3,diesel,3.2,165,automatic,415000,mitsubishi
Mitsubishi,Outlander,2016,75000,3,gasoline,2,150,variable,200000,mitsubishi
Mitsubishi,Space Star,2023,74000,2,gasoline,1.2,71,variable,12600,mitsubishi
Mitsubishi,Grandis,2009,18000,4,gasoline,2.4,165,automatic,344000,mitsubishi
Mitsubishi,L200,2021,165000,2,diesel,2.3,150,automatic,90000,mitsubishi
Mitsubishi,Grandis,2005,14000,4,gasoline,2.4,165,automatic,277000,mitsubishi
Mitsubishi,L200,2021,165000,2,diesel,2.3,150,automatic,90000,mitsubishi
Mitsubishi,Grandis,2005,14000,4,gasoline,2.4,165,automatic,277000,mitsubishi
Mitsubishi,Outlander,2016,80000,2,gasoline,2,150,variable,226000,mitsubishi
Mitsubishi,Outlander,2024,200000,1,gasoline,2.5,181,variable,10000,mitsubishi
Mitsubishi,Lancer,2010,12000,3,gasoline,1.5,109,automatic,200000,mitsubishi
Mitsubishi,Pajero,2001,25000,4,diesel,3.2,165,automatic,433411,mitsubishi
Mitsubishi,Outlander,2017,94800,1,gasoline,2,150,variable,114200,mitsubishi
Mitsubishi,Pajero,2001,15000,4,diesel,3.2,165,automatic,150000,mitsubishi
Mitsubishi,Outlander,2019,105000,1,gasoline,2,150,variable,59000,mitsubishi
Mitsubishi,Outlander,2013,42000,4,gasoline,2,150,variable,222000,mitsubishi
Mitsubishi,Eclipse Cross,2022,118000,1,gasoline,1.5,150,variable,49000,mitsubishi
Mitsubishi,Outlander,2017,82000,1,gasoline,2,150,variable,167000,mitsubishi
Mitsubishi,Outlander,2019,75000,2,gasoline,2,150,variable,171000,mitsubishi
Mitsubishi,Lancer,2010,20000,3,gasoline,1.8,143,variable,147000,mitsubishi
Mitsubishi,Pajero,2001,35000,4,diesel,3.2,165,automatic,444000,mitsubishi
Mitsubishi,Space Star,2014,17900,3,gasoline,1.2,80,variable,172000,mitsubishi
Mitsubishi,Attrage,2016,24000,2,gasoline,1.2,80,variable,270192,mitsubishi
Mitsubishi,Outlander,2018,109460,2,gasoline,2,150,variable,83000,mitsubishi
Mitsubishi,L200,2011,32000,4,diesel,2.5,136,manual,420000,mitsubishi
Mitsubishi,Space Star,2020,50000,3,gasoline,1.2,80,variable,35000,mitsubishi
Mitsubishi,Lancer,2007,5000,3,gasoline,1.6,98,automatic,220000,mitsubishi
Mitsubishi,Grandis,2005,10000,2,gasoline,2.4,165,automatic,180000,mitsubishi
Mitsubishi,Attrage,2016,13000,3,gasoline,1.2,80,variable,217000,mitsubishi
Mitsubishi,Outlander,2017,69999,2,gasoline,2,150,variable,210000,mitsubishi
Mitsubishi,Grandis,2010,18500,2,gasoline,2.4,165,automatic,245000,mitsubishi
Mitsubishi,Pajero,2009,67500,4,diesel,3.2,170,automatic,280000,mitsubishi
Mitsubishi,Lancer,2014,20000,3,gasoline,1.8,140,variable,170000,mitsubishi
Mitsubishi,L200,2010,20000,3,diesel,2.5,136,manual,460000,mitsubishi
Mitsubishi,Outlander,2021,129000,1,gasoline,2,150,variable,38000,mitsubishi
Mitsubishi,Outlander,2017,75000,1,plug-in,2,121,automatic,200000,mitsubishi
Mitsubishi,Asx,2019,70000,2,gasoline,2,150,variable,80000,mitsubishi
Mitsubishi,Outlander,2013,40000,4,gasoline,2,150,variable,200000,mitsubishi
Mitsubishi,Outlander,2013,52000,3,diesel,2.3,150,automatic,275000,mitsubishi
Mitsubishi,Lancer,2011,14500,3,gasoline,1.5,109,automatic,40000,mitsubishi
Mitsubishi,Outlander,2020,113000,1,plug-in,2.4,135,automatic,115800,mitsubishi
Mitsubishi,Outlander,2020,103000,2,gasoline,2,150,variable,140000,mitsubishi
Mitsubishi,Outlander,2019,103000,1,gasoline,2,150,variable,68000,mitsubishi
Mitsubishi,Outlander,2019,105000,1,gasoline,2,150,variable,112000,mitsubishi
Mitsubishi,Pajero,2009,65000,4,diesel,3.2,170,automatic,290000,mitsubishi
Mitsubishi,Outlander,2015,72000,2,gasoline,2,150,variable,165000,mitsubishi
Mitsubishi,Outlander,2016,88000,2,gasoline,2,150,variable,200000,mitsubishi
Mitsubishi,Space Star,2017,26000,3,gasoline,1,71,manual,75000,mitsubishi
Mitsubishi,Pajero,2008,80000,2,gasoline,3.8,250,automatic,277000,mitsubishi
Mitsubishi,Pajero,2009,90000,4,diesel,3.2,170,automatic,200000,mitsubishi
Mitsubishi,Lancer,2008,6800,3,gasoline,1.6,98,automatic,224000,mitsubishi
Mitsubishi,Outlander,2019,110000,2,gasoline,2,150,variable,158000,mitsubishi
Mitsubishi,Outlander,2016,66500,2,gasoline,2,150,variable,185000,mitsubishi
Mitsubishi,Lancer,2012,12500,4,gasoline,1.6,117,automatic,250000,mitsubishi
Mitsubishi,Lancer,2008,13000,4,gasoline,1.6,98,automatic,186990,mitsubishi
Mitsubishi,Outlander,2015,75000,2,gasoline,2,150,variable,250000,mitsubishi
Mitsubishi,Pajero,2001,32000,3,diesel,3.2,165,automatic,478000,mitsubishi
Mitsubishi,Outlander,2017,90000,3,gasoline,2,150,variable,180000,mitsubishi
Mitsubishi,Asx,2022,103500,1,gasoline,2,150,variable,29500,mitsubishi
Mitsubishi,Outlander,2018,92000,1,gasoline,2,150,variable,95500,mitsubishi
Mitsubishi,Asx,2023,125000,1,gasoline,2,150,variable,6000,mitsubishi
Mitsubishi,Space Star,2018,48000,2,gasoline,1.2,80,variable,47000,mitsubishi
Mitsubishi,L200,2011,30000,3,diesel,2.5,136,manual,300000,mitsubishi
Mitsubishi,Outlander,2014,53000,3,gasoline,2,150,variable,225000,mitsubishi
Mitsubishi,L200,2021,165000,2,diesel,2.3,150,automatic,90000,mitsubishi
Mitsubishi,Grandis,2005,14000,4,gasoline,2.4,165,automatic,277000,mitsubishi
Mitsubishi,Grandis,2009,20550,3,gasoline,2.4,165,automatic,317880,mitsubishi
Mitsubishi,Pajero,2002,46000,3,diesel,3.2,165,automatic,340000,mitsubishi
Mitsubishi,Outlander,2015,79000,2,gasoline,2,150,variable,150000,mitsubishi
Mitsubishi,Outlander,2019,101900,1,plug-in,2.4,135,automatic,180000,mitsubishi
Mitsubishi,Outlander,2017,93000,2,gasoline,2,150,variable,120000,mitsubishi
Mitsubishi,Asx,2021,100000,1,gasoline,2,150,variable,21000,mitsubishi
Mitsubishi,Lancer,2005,6000,4,gasoline,1.6,98,automatic,236000,mitsubishi
Mitsubishi,Outlander,2018,84000,2,gasoline,2,150,variable,147000,mitsubishi
Mitsubishi,Eclipse Cross,2020,112000,1,gasoline,1.5,163,variable,35500,mitsubishi
Mitsubishi,Outlander,2016,68000,2,gasoline,2,150,variable,205000,mitsubishi
Mitsubishi,Attrage,2015,24000,2,gasoline,1.2,80,variable,175000,mitsubishi
Mitsubishi,Outlander,2021,128000,1,gasoline,2,150,variable,83000,mitsubishi
Mitsubishi,Lancer,2008,12000,3,gasoline,1.6,98,automatic,109000,mitsubishi
Mitsubishi,L200,2021,160900,1,diesel,2.3,150,automatic,90000,mitsubishi
Mitsubishi,Outlander,2014,60000,1,gasoline,2,150,variable,167000,mitsubishi
Mitsubishi,Outlander,2022,170000,2,gasoline,2.5,181,variable,21000,mitsubishi
Mitsubishi,Space Star,2021,62500,1,gasoline,1.2,71,variable,23250,mitsubishi
Mitsubishi,Outlander,2014,62500,3,gasoline,2,150,variable,190000,mitsubishi
Mitsubishi,Outlander,2019,110000,3,gasoline,2,150,variable,93650,mitsubishi
Mitsubishi,Asx,2019,65500,1,gasoline,2,150,variable,122000,mitsubishi
Mitsubishi,Outlander,2016,80000,2,gasoline,2,150,variable,226000,mitsubishi
Mitsubishi,Outlander,2024,200000,1,gasoline,2.5,181,variable,10000,mitsubishi
Mitsubishi,Lancer,2010,12000,3,gasoline,1.5,109,automatic,200000,mitsubishi
Mitsubishi,Pajero,2001,25000,4,diesel,3.2,165,automatic,433411,mitsubishi
Mitsubishi,Outlander,2017,94800,1,gasoline,2,150,variable,114200,mitsubishi
Mitsubishi,Pajero,2001,15000,4,diesel,3.2,165,automatic,150000,mitsubishi
Mitsubishi,Outlander,2019,105000,1,gasoline,2,150,variable,59000,mitsubishi
Mitsubishi,Outlander,2013,42000,4,gasoline,2,150,variable,222000,mitsubishi
Mitsubishi,Eclipse Cross,2022,118000,1,gasoline,1.5,150,variable,49000,mitsubishi
Mitsubishi,Outlander,2017,82000,1,gasoline,2,150,variable,167000,mitsubishi
Mitsubishi,L200,2012,35000,3,diesel,2.5,136,manual,290000,mitsubishi
Mitsubishi,Lancer,2005,9900,3,gasoline,1.6,98,automatic,182000,mitsubishi
Mitsubishi,L200,2015,70000,1,diesel,2.4,181,automatic,330000,mitsubishi
Mitsubishi,L200,2017,80000,1,diesel,2.4,181,automatic,240000,mitsubishi
Mitsubishi,L200,2011,63000,4,diesel,2.5,178,automatic,171000,mitsubishi
Mitsubishi,Outlander,2015,65000,2,gasoline,2,150,variable,160000,mitsubishi
Mitsubishi,L200,2002,16000,3,diesel,2.5,115,manual,300000,mitsubishi
Mitsubishi,Eclipse Cross,2021,105000,2,gasoline,1.5,163,variable,51000,mitsubishi
Mitsubishi,Outlander,2015,123456,2,gasoline,2,150,variable,168000,mitsubishi
Mitsubishi,Outlander,2015,70000,3,gasoline,2,150,variable,178000,mitsubishi
Mitsubishi,Outlander,2018,115000,2,gasoline,2,150,variable,88000,mitsubishi
Mitsubishi,L200,2019,140000,1,diesel,2.4,181,automatic,83000,mitsubishi
Mitsubishi,Outlander,2018,93900,2,gasoline,2,150,variable,130000,mitsubishi
Mitsubishi,Pajero,2008,85000,2,gasoline,3.8,250,automatic,230000,mitsubishi
Mitsubishi,Attrage,2015,15000,3,gasoline,1.2,80,variable,297000,mitsubishi
Mitsubishi,Pajero,2000,46000,4,diesel,2.5,116,manual,218000,mitsubishi
Mitsubishi,Space Star,2019,48000,3,gasoline,1.2,80,variable,100000,mitsubishi
Mitsubishi,Outlander,2013,42000,4,gasoline,2,150,variable,178000,mitsubishi
Mitsubishi,Outlander,2007,5000,4,gasoline,2.4,160,automatic,293000,mitsubishi
Mitsubishi,Lancer,2010,20000,2,gasoline,1.8,143,variable,145000,mitsubishi
Mitsubishi,Outlander,2019,75000,2,gasoline,2,150,variable,171000,mitsubishi
Mitsubishi,Lancer,2010,20000,3,gasoline,1.8,143,variable,147000,mitsubishi
Mitsubishi,Pajero,2001,35000,4,diesel,3.2,165,automatic,444000,mitsubishi
Mitsubishi,Space Star,2014,17900,3,gasoline,1.2,80,variable,172000,mitsubishi
Mitsubishi,Attrage,2016,24000,2,gasoline,1.2,80,variable,270192,mitsubishi
Mitsubishi,Outlander,2018,109460,2,gasoline,2,150,variable,83000,mitsubishi
Mitsubishi,L200,2011,32000,4,diesel,2.5,136,manual,420000,mitsubishi
Mitsubishi,Space Star,2020,50000,3,gasoline,1.2,80,variable,35000,mitsubishi
Mitsubishi,Asx,2019,70000,2,gasoline,2,150,variable,80000,mitsubishi
Mitsubishi,Outlander,2013,40000,4,gasoline,2,150,variable,200000,mitsubishi
Mitsubishi,Outlander,2016,79000,2,gasoline,2,150,variable,189000,mitsubishi
Mitsubishi,Outlander,2018,108000,2,gasoline,2,150,variable,75000,mitsubishi
Mitsubishi,L200,2016,125000,1,diesel,2.4,154,automatic,126000,mitsubishi
Mitsubishi,Pajero,2011,130000,3,diesel,3.2,200,automatic,230000,mitsubishi
Mitsubishi,Lancer,2008,10000,2,gasoline,1.6,98,automatic,160000,mitsubishi
Mitsubishi,Outlander,2013,54000,3,gasoline,2,150,variable,168000,mitsubishi
Mitsubishi,Outlander,2018,115000,2,gasoline,2,150,variable,50000,mitsubishi
Mitsubishi,Lancer,2008,11000,2,gasoline,1.8,143,variable,330000,mitsubishi
Mitsubishi,Outlander,2019,102000,2,gasoline,2,150,variable,107000,mitsubishi
Mitsubishi,Outlander,2014,52000,2,gasoline,2,150,variable,230000,mitsubishi
Mitsubishi,Eclipse Cross,2020,102500,1,gasoline,1.5,163,variable,40000,mitsubishi
Mitsubishi,Outlander,2016,80000,2,gasoline,2,150,variable,114000,mitsubishi
Mitsubishi,Grandis,2009,24000,2,gasoline,2.4,165,automatic,196000,mitsubishi
Mitsubishi,Eclipse Cross,2018,72000,3,gasoline,1.5,163,variable,122600,mitsubishi
Mitsubishi,Outlander,2008,25000,3,gasoline,2.4,160,automatic,240000,mitsubishi
Mitsubishi,Outlander,2019,113000,3,gasoline,2,150,variable,68500,mitsubishi
Mitsubishi,Outlander,2016,87000,1,gasoline,2,150,variable,109000,mitsubishi
Mitsubishi,Grandis,2010,13000,3,gasoline,2.4,165,automatic,267826,mitsubishi
Mitsubishi,Outlander,2023,190000,1,gasoline,2.5,181,variable,15000,mitsubishi
Mitsubishi,Attrage,2016,22000,3,gasoline,1.2,80,variable,300000,mitsubishi
Mitsubishi,Outlander,2013,52000,3,diesel,2.3,150,automatic,275000,mitsubishi
Mitsubishi,Lancer,2011,14500,3,gasoline,1.5,109,automatic,40000,mitsubishi
Mitsubishi,Outlander,2020,113000,1,plug-in,2.4,135,automatic,115800,mitsubishi
Mitsubishi,Outlander,2020,103000,2,gasoline,2,150,variable,140000,mitsubishi
Mitsubishi,Outlander,2019,103000,1,gasoline,2,150,variable,68000,mitsubishi
Mitsubishi,Outlander,2019,105000,1,gasoline,2,150,variable,112000,mitsubishi
Mitsubishi,Pajero,2009,65000,4,diesel,3.2,170,automatic,290000,mitsubishi
Mitsubishi,Outlander,2015,72000,2,gasoline,2,150,variable,165000,mitsubishi
Mitsubishi,Outlander,2016,88000,2,gasoline,2,150,variable,200000,mitsubishi
Mitsubishi,Space Star,2017,26000,3,gasoline,1,71,manual,75000,mitsubishi
Mitsubishi,Outlander,2016,75500,2,gasoline,2,150,variable,165000,mitsubishi
Mitsubishi,Outlander,2015,65000,2,gasoline,2,150,variable,162000,mitsubishi
Mitsubishi,Space Star,2022,65300,1,gasoline,1.2,71,variable,43000,mitsubishi
Mitsubishi,Pajero,2016,159955,1,diesel,3.2,190,automatic,220000,mitsubishi
Mitsubishi,Lancer,2011,12500,2,gasoline,1.5,109,automatic,224000,mitsubishi
Mitsubishi,Pajero,2002,35000,4,diesel,3.2,165,automatic,383000,mitsubishi
Mitsubishi,Outlander,2014,61000,3,gasoline,2,150,variable,203546,mitsubishi
Mitsubishi,Pajero,2006,54000,1,diesel,3.2,200,automatic,195000,mitsubishi
Mitsubishi,Outlander,2016,72000,3,gasoline,2,150,variable,180000,mitsubishi
Mitsubishi,Outlander,2014,55000,3,gasoline,2,150,variable,225000,mitsubishi
Mitsubishi,Lancer,2008,5800,4,gasoline,1.6,98,automatic,273000,mitsubishi
Mitsubishi,Lancer,2004,10000,4,gasoline,1.6,98,automatic,377772,mitsubishi
Mitsubishi,Eclipse Cross,2019,80000,2,gasoline,1.5,163,variable,101000,mitsubishi
Mitsubishi,Outlander,2020,117000,1,gasoline,2,150,variable,110000,mitsubishi
Mitsubishi,Outlander,2016,68000,2,gasoline,2,150,variable,199000,mitsubishi
Mitsubishi,Lancer,2007,6000,4,gasoline,1.6,98,automatic,262000,mitsubishi
Mitsubishi,Attrage,2016,27000,2,gasoline,1.2,80,variable,153000,mitsubishi
Mitsubishi,Eclipse Cross,2019,97000,1,gasoline,1.5,163,variable,73000,mitsubishi
Mitsubishi,Lancer,2009,12500,2,gasoline,1.8,143,variable,279000,mitsubishi
Mitsubishi,Eclipse Cross,2019,85000,2,gasoline,1.5,163,variable,100000,mitsubishi
Mitsubishi,Pajero,2008,80000,2,gasoline,3.8,250,automatic,277000,mitsubishi
Mitsubishi,Pajero,2009,90000,4,diesel,3.2,170,automatic,200000,mitsubishi
Mitsubishi,Lancer,2008,6800,3,gasoline,1.6,98,automatic,224000,mitsubishi
Mitsubishi,Outlander,2019,110000,2,gasoline,2,150,variable,158000,mitsubishi
Mitsubishi,Outlander,2016,66500,2,gasoline,2,150,variable,185000,mitsubishi
Mitsubishi,Lancer,2012,12500,4,gasoline,1.6,117,automatic,250000,mitsubishi
Mitsubishi,Lancer,2008,13000,4,gasoline,1.6,98,automatic,186990,mitsubishi
Mitsubishi,Outlander,2015,75000,2,gasoline,2,150,variable,250000,mitsubishi
Mitsubishi,Grandis,2009,20550,3,gasoline,2.4,165,automatic,317880,mitsubishi
Mitsubishi,Pajero,2002,46000,3,diesel,3.2,165,automatic,340000,mitsubishi
Mitsubishi,Outlander,2015,72000,1,gasoline,2,150,variable,110000,mitsubishi
Mitsubishi,Outlander,2013,53000,3,gasoline,2,150,variable,176000,mitsubishi
Mitsubishi,Space Star,2015,25000,4,gasoline,1.2,80,variable,170000,mitsubishi
Mitsubishi,Outlander,2014,62000,2,gasoline,2,150,variable,220000,mitsubishi
Mitsubishi,Grandis,2008,25000,3,gasoline,2.4,165,automatic,198000,mitsubishi
Mitsubishi,Pajero,2003,30000,4,diesel,3.2,165,automatic,380000,mitsubishi
Mitsubishi,Eclipse Cross,2018,98000,2,gasoline,1.5,163,variable,74000,mitsubishi
Mitsubishi,Outlander,2018,90000,2,gasoline,2,150,variable,116800,mitsubishi
Mitsubishi,Lancer,2005,6800,4,gasoline,1.6,98,automatic,260000,mitsubishi
Mitsubishi,Outlander,2010,30000,4,gasoline,2,147,variable,270000,mitsubishi
Mitsubishi,Pajero,2005,39900,4,gasoline,3,180,automatic,440000,mitsubishi
Mitsubishi,Lancer,2009,10000,1,gasoline,1.5,109,automatic,339100,mitsubishi
Mitsubishi,Asx,2020,101500,1,gasoline,2,150,variable,9200,mitsubishi
Mitsubishi,Outlander,2017,79000,1,gasoline,2,150,variable,105000,mitsubishi
Mitsubishi,Attrage,2015,16900,2,gasoline,1.2,80,variable,226000,mitsubishi
Mitsubishi,Space Star,2018,40000,1,gasoline,1.2,80,variable,90000,mitsubishi
Mitsubishi,Outlander,2020,135000,1,plug-in,2.4,135,automatic,76000,mitsubishi
Mitsubishi,Outlander,2021,145000,1,plug-in,2.4,135,automatic,37500,mitsubishi
Mitsubishi,Space Star,2015,23000,2,gasoline,1.2,80,variable,170000,mitsubishi
Mitsubishi,Outlander,2019,100000,1,gasoline,2,150,variable,142000,mitsubishi
Mitsubishi,Outlander,2015,79000,2,gasoline,2,150,variable,150000,mitsubishi
Mitsubishi,Outlander,2019,101900,1,plug-in,2.4,135,automatic,180000,mitsubishi
Mitsubishi,Outlander,2017,93000,2,gasoline,2,150,variable,120000,mitsubishi
Mitsubishi,Asx,2021,100000,1,gasoline,2,150,variable,21000,mitsubishi
Mitsubishi,Lancer,2005,6000,4,gasoline,1.6,98,automatic,236000,mitsubishi
Mitsubishi,Outlander,2018,84000,2,gasoline,2,150,variable,147000,mitsubishi
Mitsubishi,Eclipse Cross,2020,112000,1,gasoline,1.5,163,variable,35500,mitsubishi
Mitsubishi,Outlander,2016,68000,2,gasoline,2,150,variable,205000,mitsubishi
Mitsubishi,Attrage,2015,24000,2,gasoline,1.2,80,variable,175000,mitsubishi
Mitsubishi,Outlander,2021,128000,1,gasoline,2,150,variable,83000,mitsubishi
Mitsubishi,Lancer,2015,32000,2,gasoline,1.8,140,variable,182000,mitsubishi
Mitsubishi,Outlander,2015,51900,3,gasoline,2,150,variable,124000,mitsubishi
Mitsubishi,Asx,2021,83900,2,gasoline,2,150,variable,89000,mitsubishi
Mitsubishi,Pajero,2016,120000,1,diesel,3.2,190,automatic,400000,mitsubishi
Mitsubishi,Eclipse Cross,2018,59900,3,gasoline,1.5,163,variable,155000,mitsubishi
Mitsubishi,Outlander,2016,63900,2,gasoline,2,150,variable,210000,mitsubishi
Mitsubishi,Outlander,2018,85000,1,gasoline,2,150,variable,125000,mitsubishi
Mitsubishi,Space Star,2014,18000,2,gasoline,1.2,80,variable,191000,mitsubishi
Mitsubishi,Outlander,2019,81900,2,gasoline,2,150,variable,200000,mitsubishi
Mitsubishi,L200,2019,119900,1,diesel,2.4,154,manual,70000,mitsubishi
Mitsubishi,Pajero,2014,107900,3,diesel,3.2,200,automatic,209000,mitsubishi
Mitsubishi,Space Star,2023,66885,2,gasoline,1.2,71,variable,35000,mitsubishi
Mitsubishi,Space Star,2021,65335,2,gasoline,1.2,71,variable,16552,mitsubishi
Mitsubishi,Outlander,2016,80655,3,gasoline,2,150,variable,130000,mitsubishi
Mitsubishi,Eclipse Cross,2022,107225,1,gasoline,1.5,150,variable,70700,mitsubishi
Mitsubishi,Eclipse Cross,2022,97995,1,gasoline,1.5,150,variable,120000,mitsubishi
Mitsubishi,Asx,2021,96155,1,gasoline,2,150,variable,43034,mitsubishi
Mitsubishi,Asx,2020,88395,1,gasoline,2,150,variable,71300,mitsubishi
Mitsubishi,Outlander,2016,60000,3,gasoline,2,150,variable,175000,mitsubishi
Mitsubishi,Asx,2022,102000,1,gasoline,2,150,variable,20000,mitsubishi
Mitsubishi,Lancer,2008,12000,3,gasoline,1.6,98,automatic,109000,mitsubishi
Mitsubishi,L200,2021,160900,1,diesel,2.3,150,automatic,90000,mitsubishi
Mitsubishi,Outlander,2014,60000,1,gasoline,2,150,variable,167000,mitsubishi
Mitsubishi,Outlander,2022,170000,2,gasoline,2.5,181,variable,21000,mitsubishi
Mitsubishi,Space Star,2021,62500,1,gasoline,1.2,71,variable,23250,mitsubishi
Mitsubishi,Outlander,2014,62500,3,gasoline,2,150,variable,190000,mitsubishi
Mitsubishi,Outlander,2019,110000,3,gasoline,2,150,variable,93650,mitsubishi
Mitsubishi,Asx,2019,65500,1,gasoline,2,150,variable,122000,mitsubishi
Mitsubishi,L200,2012,35000,3,diesel,2.5,136,manual,290000,mitsubishi
Mitsubishi,Lancer,2005,9900,3,gasoline,1.6,98,automatic,182000,mitsubishi
Mitsubishi,Pajero,2001,25000,4,diesel,3.2,165,automatic,158000,mitsubishi
Mitsubishi,Eclipse Cross,2023,175700,1,plug-in,2.4,188,automatic,18000,mitsubishi
Mitsubishi,Eclipse Cross,2021,105000,1,gasoline,1.5,163,variable,120000,mitsubishi
Mitsubishi,Outlander,2016,66000,2,gasoline,2,150,variable,186000,mitsubishi
Mitsubishi,Attrage,2014,20000,3,gasoline,1.2,80,variable,162600,mitsubishi
Mitsubishi,Outlander,2019,90000,2,gasoline,2,150,variable,195000,mitsubishi
Mitsubishi,Lancer,2006,5500,4,gasoline,1.6,98,automatic,304000,mitsubishi
Mitsubishi,Outlander,2016,63900,3,gasoline,2,150,variable,208000,mitsubishi
Mitsubishi,Outlander,2013,50000,1,gasoline,2,150,variable,193000,mitsubishi
Mitsubishi,Outlander,2017,80000,1,gasoline,2,150,variable,185000,mitsubishi
Mitsubishi,Outlander,2013,58000,2,gasoline,2,150,variable,220000,mitsubishi
Mitsubishi,Space Star,2015,55000,2,gasoline,1.2,80,variable,325500,mitsubishi
Mitsubishi,Eclipse Cross,2023,168999,2,gasoline,1.5,150,variable,3033,mitsubishi
Mitsubishi,Outlander,2019,,4,gasoline,2,150,variable,118000,mitsubishi
Mitsubishi,L200,2015,70000,1,diesel,2.4,181,automatic,330000,mitsubishi
Mitsubishi,L200,2017,80000,1,diesel,2.4,181,automatic,240000,mitsubishi
Mitsubishi,L200,2011,63000,4,diesel,2.5,178,automatic,171000,mitsubishi
Mitsubishi,Outlander,2015,65000,2,gasoline,2,150,variable,160000,mitsubishi
Mitsubishi,L200,2002,16000,3,diesel,2.5,115,manual,300000,mitsubishi
Mitsubishi,Eclipse Cross,2021,105000,2,gasoline,1.5,163,variable,51000,mitsubishi
Mitsubishi,Outlander,2015,123456,2,gasoline,2,150,variable,168000,mitsubishi
Mitsubishi,Outlander,2015,70000,3,gasoline,2,150,variable,178000,mitsubishi
Mitsubishi,Outlander,2018,115000,2,gasoline,2,150,variable,88000,mitsubishi
Mitsubishi,L200,2019,140000,1,diesel,2.4,181,automatic,83000,mitsubishi
Nissan,X Trail,2020,85000,2,gasoline,1.3,160,robotic,69000,nissan
Nissan,Tiida,2009,8900,2,gasoline,1.6,110,automatic,277000,nissan
Nissan,Note,2011,14900,2,gasoline,1.6,110,automatic,161000,nissan
Nissan,Micra,2011,13800,3,gasoline,1.2,80,automatic,143000,nissan
Nissan,Note,2008,10500,3,gasoline,1.6,110,automatic,156000,nissan
Nissan,Almera,1996,6900,2,gasoline,1.6,96,automatic,110000,nissan
Nissan,Sentra,2023,97900,1,gasoline,2,149,variable,41000,nissan
Nissan,Micra,2018,34900,2,gasoline,1.2,80,variable,121500,nissan
Nissan,Juke,2015,39900,3,gasoline,1.6,117,variable,122000,nissan
Nissan,X Trail,2019,94000,1,gasoline,1.3,160,robotic,92000,nissan
Nissan,Qashqai,2015,38800,2,gasoline,1.2,115,variable,133000,nissan
Nissan,Juke,2013,22900,2,gasoline,1.6,117,variable,156000,nissan
Nissan,Juke,2016,41900,2,gasoline,1.6,117,variable,70000,nissan
Nissan,Micra,2018,32800,2,gasoline,1.2,80,variable,139000,nissan
Nissan,Juke,2013,20800,3,gasoline,1.6,117,variable,164000,nissan
Nissan,Qashqai,2015,21800,2,gasoline,1.2,115,variable,123000,nissan
Nissan,Micra,2013,21900,2,gasoline,1.2,80,variable,133000,nissan
Nissan,Sentra,2019,52900,2,gasoline,1.8,124,variable,93684,nissan
Nissan,Sentra,2022,74800,2,gasoline,2,149,variable,93000,nissan
Nissan,X Trail,2016,55500,2,diesel,1.6,130,variable,210000,nissan
Nissan,X Trail,2019,90000,2,gasoline,1.3,160,robotic,68100,nissan
Nissan,X Trail,2023,179000,1,hybrid,1.5,213,automatic,88000,nissan
Nissan,Qashqai,2013,26500,3,gasoline,1.6,117,manual,212350,nissan
Nissan,Tiida,2011,11900,3,gasoline,1.6,110,automatic,235000,nissan
Nissan,Note,2010,7000,4,gasoline,1.6,110,automatic,314000,nissan
Nissan,Qashqai,2015,33000,4,gasoline,1.2,115,variable,167000,nissan
Nissan,Qashqai,2018,61000,1,gasoline,1.2,115,variable,97000,nissan
Nissan,X Trail,2016,55900,3,diesel,1.6,130,variable,130000,nissan
Nissan,Juke,2013,19000,3,gasoline,1.6,117,variable,212000,nissan
Nissan,Micra,2011,12500,4,gasoline,1.2,80,automatic,183000,nissan
Nissan,X Trail,2016,55500,2,diesel,1.6,130,variable,210000,nissan
Nissan,Juke,2013,22800,4,gasoline,1.6,117,variable,128000,nissan
Nissan,Sentra,2023,97900,1,gasoline,2,149,variable,41000,nissan
Nissan,Micra,2013,21900,2,gasoline,1.2,80,variable,133000,nissan
Nissan,X Trail,2016,38000,2,diesel,1.6,130,variable,260000,nissan
Nissan,Micra,2018,30800,2,gasoline,1.2,80,variable,75000,nissan
Nissan,Qashqai,2020,59999,2,gasoline,1.2,115,variable,150000,nissan
Nissan,Juke,2016,32900,3,gasoline,1.6,117,variable,94700,nissan
Nissan,Juke,2013,22900,2,gasoline,1.6,117,variable,156000,nissan
Nissan,Juke,2018,41800,2,gasoline,1.6,117,variable,105000,nissan
Nissan,Sentra,2019,42800,1,gasoline,1.8,124,variable,147000,nissan
Nissan,Sentra,2019,52900,2,gasoline,1.8,124,variable,93684,nissan
Nissan,Qashqai,2022,106900,1,gasoline,1.3,156,variable,51000,nissan
Nissan,Qashqai,2015,21800,2,gasoline,1.2,115,variable,123000,nissan
Nissan,X Trail,2017,40000,2,diesel,1.6,130,variable,313000,nissan
Nissan,X Trail,2020,79775,1,gasoline,1.3,160,robotic,114123,nissan
Nissan,Sentra,2023,76660,1,gasoline,2,149,variable,92668,nissan
Nissan,Sentra,2023,83775,1,gasoline,2,149,variable,66438,nissan
Nissan,Sentra,2021,56495,2,gasoline,2,149,variable,132000,nissan
Nissan,Sentra,2021,62605,2,gasoline,2,149,variable,113216,nissan
Nissan,Sentra,2018,50000,2,gasoline,1.8,130,variable,86000,nissan
Nissan,Juke,2013,24000,3,gasoline,1.6,117,variable,110000,nissan
Nissan,X Trail,2009,21000,3,gasoline,2.5,169,variable,210000,nissan
Nissan,Altima,2015,20500,3,gasoline,2.5,182,variable,176000,nissan
Nissan,Juke,2013,18000,2,gasoline,1.6,117,variable,195000,nissan
Nissan,Micra,2012,10000,2,gasoline,1.2,80,variable,200000,nissan
Nissan,Qashqai,2009,16000,2,gasoline,2,140,variable,327000,nissan
Nissan,Qashqai,2019,84000,1,gasoline,1.3,160,robotic,88000,nissan
Nissan,Micra,2017,21000,3,gasoline,1.2,80,variable,181500,nissan
Nissan,Qashqai,2018,62000,2,diesel,1.6,130,variable,142000,nissan
Nissan,Sentra,2019,56125,2,gasoline,1.8,124,variable,133000,nissan
Nissan,Sentra,2019,46495,2,gasoline,1.8,124,variable,127449,nissan
Nissan,Qashqai,2021,94965,2,gasoline,1.3,160,robotic,63000,nissan
Nissan,Qashqai,2021,64510,1,gasoline,1.3,160,robotic,104002,nissan
Nissan,Qashqai,2021,75380,1,gasoline,1.3,160,robotic,101420,nissan
Nissan,Qashqai,2020,65995,2,gasoline,1.2,115,variable,123055,nissan
Nissan,Qashqai,2019,84285,2,gasoline,1.3,160,robotic,77486,nissan
Nissan,Juke,2021,80590,1,gasoline,1,117,robotic,64108,nissan
Nissan,Juke,2024,123960,1,hybrid,1.6,143,automatic,28415,nissan
Nissan,Juke,2021,75615,1,gasoline,1,117,robotic,37715,nissan
Nissan,Juke,2020,71215,1,gasoline,1,117,robotic,90313,nissan
Nissan,Qashqai,2019,84000,1,gasoline,1.3,160,robotic,89327,nissan
Nissan,X Trail,2019,90000,2,gasoline,1.3,160,robotic,68100,nissan
Nissan,X Trail,2021,93000,2,gasoline,1.3,160,robotic,85000,nissan
Nissan,Qashqai,2021,82000,1,gasoline,1.3,160,robotic,87000,nissan
Nissan,X Trail,2023,179000,1,hybrid,1.5,213,automatic,88000,nissan
Nissan,Qashqai,2013,26500,3,gasoline,1.6,117,manual,212350,nissan
Nissan,Tiida,2011,11900,3,gasoline,1.6,110,automatic,235000,nissan
Nissan,Note,2010,7000,4,gasoline,1.6,110,automatic,314000,nissan
Nissan,Qashqai,2015,33000,4,gasoline,1.2,115,variable,167000,nissan
Nissan,Micra,2017,22500,1,gasoline,1.2,80,variable,215000,nissan
Nissan,Sentra,2021,62000,2,gasoline,2,149,variable,90000,nissan
Nissan,Qashqai,2016,40000,2,gasoline,1.2,115,variable,84000,nissan
Nissan,Qashqai,2017,32900,3,gasoline,1.2,115,variable,154000,nissan
Nissan,X Trail,2020,94000,1,diesel,1.7,150,variable,76000,nissan
Nissan,Qashqai,2013,18000,3,gasoline,1.6,117,manual,215000,nissan
Nissan,Micra,2016,18000,3,gasoline,1.2,80,variable,187000,nissan
Nissan,Qashqai,2015,29000,3,gasoline,1.2,115,variable,113000,nissan
Nissan,X Trail,2021,120000,1,gasoline,1.3,160,robotic,36000,nissan
Nissan,Micra,2015,18000,4,gasoline,1.2,80,variable,182000,nissan
Nissan,Qashqai,2018,61000,1,gasoline,1.2,115,variable,97000,nissan
Nissan,Juke,2014,29900,2,gasoline,1.6,117,variable,110000,nissan
Nissan,Qashqai,2017,39900,1,gasoline,1.2,115,variable,128000,nissan
Nissan,Qashqai,2019,52900,2,gasoline,1.3,160,robotic,113000,nissan
Nissan,Qashqai,2018,64900,2,gasoline,1.2,115,variable,102000,nissan
Nissan,Juke,2012,27500,3,gasoline,1.6,117,variable,109000,nissan
Nissan,X Trail,2016,55900,3,diesel,1.6,130,variable,130000,nissan
Nissan,Juke,2013,19000,3,gasoline,1.6,117,variable,212000,nissan
Nissan,Micra,2011,12500,4,gasoline,1.2,80,automatic,183000,nissan
Nissan,X Trail,2025,149990,1,gasoline,1.5,163,variable,45000,nissan
Nissan,Sentra,2018,50000,2,gasoline,1.8,130,variable,86000,nissan
Nissan,X Trail,2018,79900,3,diesel,2,177,variable,109900,nissan
Nissan,Juke,2013,24000,3,gasoline,1.6,117,variable,110000,nissan
Nissan,Qashqai,2017,44990,2,gasoline,1.2,115,variable,94000,nissan
Nissan,X Trail,2009,21000,3,gasoline,2.5,169,variable,210000,nissan
Nissan,Altima,2015,20500,3,gasoline,2.5,182,variable,176000,nissan
Nissan,Juke,2013,18000,2,gasoline,1.6,117,variable,195000,nissan
Nissan,Micra,2012,10000,2,gasoline,1.2,80,variable,200000,nissan
Nissan,Qashqai,2009,16000,2,gasoline,2,140,variable,327000,nissan
Nissan,Qashqai,2019,84000,1,gasoline,1.3,160,robotic,88000,nissan
Nissan,Qashqai,2019,70000,2,gasoline,1.3,160,robotic,80492,nissan
Nissan,Tiida,2009,9500,2,gasoline,1.6,110,automatic,146000,nissan
Nissan,X Trail,2020,100000,1,diesel,1.7,150,variable,80000,nissan
Nissan,X Trail,2017,70000,2,diesel,1.6,130,variable,215000,nissan
Nissan,Juke,2014,30000,3,gasoline,1.6,117,variable,182000,nissan
Nissan,Qashqai,2022,131000,1,gasoline,1.3,156,variable,34000,nissan
Nissan,X Trail,2021,130000,3,gasoline,1.3,160,robotic,52000,nissan
Nissan,Qashqai 2,2012,33000,3,gasoline,2,141,variable,214000,nissan
Nissan,Juke,2015,30000,3,gasoline,1.6,190,variable,139000,nissan
Nissan,X Trail,2018,75000,3,diesel,1.6,130,variable,110000,nissan
Nissan,Micra,2017,21000,3,gasoline,1.2,80,variable,181500,nissan
Nissan,Qashqai,2018,62000,2,diesel,1.6,130,variable,142000,nissan
Nissan,Sentra,2021,51000,1,gasoline,1.8,124,variable,120000,nissan
Nissan,Qashqai,2017,43000,2,gasoline,1.2,115,variable,117000,nissan
Nissan,Qashqai,2017,53000,1,gasoline,1.2,115,variable,47000,nissan
Nissan,Qashqai,2019,70000,4,gasoline,1.3,160,robotic,77000,nissan
Nissan,X Trail,2024,175000,1,hybrid,1.5,213,automatic,39000,nissan
Nissan,Micra,2012,12300,4,gasoline,1.2,80,variable,154000,nissan
Nissan,X Trail,2018,65000,2,diesel,1.6,130,variable,143000,nissan
Nissan,Juke,2011,15000,2,gasoline,1.6,117,manual,388000,nissan
Nissan,Qashqai,2020,54900,3,gasoline,1.2,115,variable,150500,nissan
Nissan,X Trail,2020,91000,2,diesel,1.7,150,variable,87000,nissan
Nissan,Micra,2015,15800,2,gasoline,1.2,80,variable,160000,nissan
Nissan,X Trail,2023,165000,1,hybrid,1.5,204,automatic,54000,nissan
Nissan,Sentra,2021,62900,1,gasoline,2,149,variable,92000,nissan
Nissan,Micra,2017,22500,1,gasoline,1.2,80,variable,215000,nissan
Nissan,Qashqai,2021,85990,3,diesel,1.5,115,robotic,99000,nissan
Nissan,Sentra,2021,62000,2,gasoline,2,149,variable,90000,nissan
Nissan,Qashqai,2016,40000,2,gasoline,1.2,115,variable,84000,nissan
Nissan,X Trail,2018,58000,2,diesel,1.6,130,variable,162000,nissan
Nissan,X Trail,2018,75000,3,diesel,1.6,130,variable,110000,nissan
Nissan,Qashqai,2011,28000,2,gasoline,2,140,variable,146000,nissan
Nissan,Qashqai,2019,75000,2,gasoline,1.3,160,robotic,91000,nissan
Nissan,Qashqai,2019,75000,1,gasoline,1.3,160,robotic,70000,nissan
Nissan,Sentra,2019,50000,2,gasoline,1.8,124,variable,140000,nissan
Nissan,Qashqai,2016,42000,3,gasoline,1.2,115,variable,98000,nissan
Nissan,Qashqai,2011,23000,3,gasoline,2,140,variable,200000,nissan
Nissan,Micra,2013,9900,3,gasoline,1.2,80,manual,187000,nissan
Nissan,Primastar,2012,60000,3,diesel,2.5,150,manual,241000,nissan
Nissan,Almera,2014,11500,2,gasoline,1.6,109,automatic,110000,nissan
Nissan,Qashqai,2017,32900,3,gasoline,1.2,115,variable,154000,nissan
Nissan,X Trail,2020,94000,1,diesel,1.7,150,variable,76000,nissan
Nissan,Qashqai,2013,18000,3,gasoline,1.6,117,manual,215000,nissan
Nissan,Micra,2016,18000,3,gasoline,1.2,80,variable,187000,nissan
Nissan,Qashqai,2015,29000,3,gasoline,1.2,115,variable,113000,nissan
Nissan,Qashqai,2018,54990,3,gasoline,1.2,115,variable,134000,nissan
Nissan,X Trail,2021,120000,1,gasoline,1.3,160,robotic,36000,nissan
Nissan,Sentra,2021,75000,2,gasoline,2,149,variable,109000,nissan
Nissan,Micra,2015,18000,4,gasoline,1.2,80,variable,182000,nissan
Nissan,Juke,2013,27999,3,gasoline,1.6,117,variable,120000,nissan
Nissan,Sentra,2016,30000,4,gasoline,1.8,130,variable,139000,nissan
Nissan,Micra,2016,23000,1,gasoline,1.2,80,variable,160000,nissan
Nissan,Micra,2015,22000,3,gasoline,1.2,80,variable,140000,nissan
Nissan,Micra,2021,65000,2,gasoline,1,100,robotic,26700,nissan
Nissan,Qashqai,2021,89990,2,diesel,1.5,115,robotic,107000,nissan
Nissan,Sentra,2021,59990,2,gasoline,2,149,variable,145689,nissan
Nissan,X Trail,2020,85000,2,gasoline,1.3,160,robotic,87000,nissan
Nissan,Qashqai,2017,47900,3,gasoline,1.2,115,variable,130000,nissan
Nissan,Sentra,2020,60000,2,gasoline,1.8,124,variable,56300,nissan
Nissan,Qashqai,2019,70000,2,gasoline,1.3,160,robotic,80492,nissan
Nissan,Qashqai,2019,71000,2,gasoline,1.2,115,variable,111000,nissan
Nissan,Qashqai,2010,25000,3,gasoline,2,140,variable,180036,nissan
Nissan,Qashqai,2013,20000,3,gasoline,1.6,117,manual,235000,nissan
Nissan,Qashqai,2018,68000,1,gasoline,1.2,115,variable,21000,nissan
Nissan,Sentra,2021,85000,1,gasoline,2,149,variable,40000,nissan
Nissan,Qashqai,2011,22000,2,gasoline,2,140,variable,190000,nissan
Nissan,X Trail,2017,70000,1,diesel,1.6,130,variable,120000,nissan
Nissan,Qashqai,2015,45999,3,gasoline,1.2,115,variable,105000,nissan
Nissan,Juke,2015,35000,2,gasoline,1.6,117,variable,118000,nissan
Nissan,Qashqai,2012,32000,2,gasoline,2,140,variable,97000,nissan
Nissan,Tiida,2009,9500,2,gasoline,1.6,110,automatic,146000,nissan
Nissan,X Trail,2020,100000,1,diesel,1.7,150,variable,80000,nissan
Nissan,X Trail,2017,70000,2,diesel,1.6,130,variable,215000,nissan
Nissan,Juke,2014,30000,3,gasoline,1.6,117,variable,182000,nissan
Nissan,Qashqai,2022,131000,1,gasoline,1.3,156,variable,34000,nissan
Nissan,X Trail,2021,130000,3,gasoline,1.3,160,robotic,52000,nissan
Nissan,Qashqai 2,2012,33000,3,gasoline,2,141,variable,214000,nissan
Nissan,Juke,2015,30000,3,gasoline,1.6,190,variable,139000,nissan
Nissan,X Trail,2018,75000,3,diesel,1.6,130,variable,110000,nissan
Nissan,Qashqai,2011,28000,2,gasoline,2,140,variable,146000,nissan
Nissan,Qashqai,2019,75000,2,gasoline,1.3,160,robotic,91000,nissan
Nissan,Qashqai,2019,75000,1,gasoline,1.3,160,robotic,70000,nissan
Nissan,Sentra,2019,50000,2,gasoline,1.8,124,variable,140000,nissan
Nissan,Qashqai,2016,42000,3,gasoline,1.2,115,variable,98000,nissan
Nissan,Qashqai,2011,23000,3,gasoline,2,140,variable,200000,nissan
Nissan,Micra,2013,9900,3,gasoline,1.2,80,manual,187000,nissan
Nissan,Primastar,2012,60000,3,diesel,2.5,150,manual,241000,nissan
Nissan,Almera,2014,11500,2,gasoline,1.6,109,automatic,110000,nissan
Nissan,Sentra,2022,93000,1,gasoline,2,149,variable,33300,nissan
Nissan,Altima,2015,20000,4,gasoline,2.5,182,variable,226805,nissan
Nissan,Qashqai,2019,80000,1,diesel,1.5,115,robotic,50000,nissan
Nissan,Almera,2004,30000,2,gasoline,1.8,114,automatic,180000,nissan
Nissan,Note,2008,8500,2,gasoline,1.6,110,automatic,161250,nissan
Nissan,Sentra,2022,99500,1,gasoline,2,149,variable,25000,nissan
Nissan,Juke,2020,72000,1,gasoline,1,117,robotic,73000,nissan
Nissan,Maxima,2015,45000,4,gasoline,3.5,290,variable,158000,nissan
Nissan,Sentra,2021,85000,3,gasoline,2,149,variable,96813,nissan
Nissan,Qashqai,2012,16000,2,gasoline,1.6,117,manual,175000,nissan
Nissan,Qashqai,2020,73000,3,gasoline,1.2,115,variable,154000,nissan
Nissan,Qashqai,2011,19500,3,gasoline,2,140,variable,174000,nissan
Nissan,Qashqai 2,2011,31000,2,gasoline,2,141,variable,170000,nissan
Nissan,Qashqai,2019,71000,2,gasoline,1.2,115,variable,111000,nissan
Nissan,Qashqai,2010,25000,3,gasoline,2,140,variable,180036,nissan
Nissan,Qashqai,2013,20000,3,gasoline,1.6,117,manual,235000,nissan
Nissan,Qashqai,2018,68000,1,gasoline,1.2,115,variable,21000,nissan
Nissan,Sentra,2021,85000,1,gasoline,2,149,variable,40000,nissan
Nissan,Qashqai,2011,22000,2,gasoline,2,140,variable,190000,nissan
Nissan,X Trail,2017,70000,1,diesel,1.6,130,variable,120000,nissan
Nissan,Qashqai,2015,45999,3,gasoline,1.2,115,variable,105000,nissan
Nissan,Juke,2015,35000,2,gasoline,1.6,117,variable,118000,nissan
Nissan,Qashqai,2012,32000,2,gasoline,2,140,variable,97000,nissan
Nissan,Altima,2017,38000,3,gasoline,2.5,182,variable,112000,nissan
Nissan,Qashqai,2020,93000,3,gasoline,1.3,160,robotic,56000,nissan
Nissan,Qashqai,2019,62000,2,gasoline,1.3,160,robotic,155000,nissan
Nissan,X Trail,2019,115000,3,diesel,2,177,variable,157000,nissan
Nissan,Sentra,2024,137000,1,gasoline,2,149,variable,16462,nissan
Nissan,Sentra,2018,51000,2,gasoline,1.8,130,variable,85500,nissan
Nissan,Qashqai,2019,80000,1,diesel,1.5,115,robotic,50000,nissan
Nissan,Almera,2004,30000,2,gasoline,1.8,114,automatic,180000,nissan
Nissan,Note,2008,8500,2,gasoline,1.6,110,automatic,161250,nissan
Nissan,Qashqai,2016,44250,1,gasoline,1.2,115,variable,179000,nissan
Nissan,X Trail,2015,75000,2,diesel,1.6,130,variable,173000,nissan
Nissan,Juke,2019,51000,2,gasoline,1.6,117,variable,101100,nissan
Nissan,X Trail,2023,180000,1,gasoline,1.5,163,variable,30500,nissan
Nissan,X Trail,2021,123000,2,gasoline,1.3,160,robotic,69000,nissan
Nissan,Juke,2016,45000,3,gasoline,1.6,117,variable,64000,nissan
Nissan,Qashqai 2,2014,40000,4,gasoline,2,141,variable,150000,nissan
Nissan,Sentra,2017,32000,2,gasoline,1.8,130,variable,170000,nissan
Nissan,Note,2012,19000,1,gasoline,1.6,110,automatic,142000,nissan
Nissan,Qashqai,2013,30200,3,gasoline,1.6,117,manual,133200,nissan
Nissan,Sentra,2022,99500,1,gasoline,2,149,variable,25000,nissan
Nissan,Juke,2020,72000,1,gasoline,1,117,robotic,73000,nissan
Nissan,Maxima,2015,45000,4,gasoline,3.5,290,variable,158000,nissan
Nissan,Sentra,2021,85000,3,gasoline,2,149,variable,96813,nissan
Nissan,Qashqai,2012,16000,2,gasoline,1.6,117,manual,175000,nissan
Nissan,Qashqai,2020,73000,3,gasoline,1.2,115,variable,154000,nissan
Nissan,Qashqai,2011,19500,3,gasoline,2,140,variable,174000,nissan
Nissan,Qashqai,2016,44250,1,gasoline,1.2,115,variable,179000,nissan
Nissan,X Trail,2015,75000,2,diesel,1.6,130,variable,173000,nissan
Nissan,Juke,2019,51000,2,gasoline,1.6,117,variable,101100,nissan
Nissan,X Trail,2023,180000,1,gasoline,1.5,163,variable,30500,nissan
Nissan,X Trail,2021,123000,2,gasoline,1.3,160,robotic,69000,nissan
Nissan,Juke,2016,45000,3,gasoline,1.6,117,variable,64000,nissan
Nissan,Qashqai 2,2014,40000,4,gasoline,2,141,variable,150000,nissan
Nissan,Sentra,2017,32000,2,gasoline,1.8,130,variable,170000,nissan
Nissan,Note,2012,19000,1,gasoline,1.6,110,automatic,142000,nissan
Nissan,Qashqai,2013,30200,3,gasoline,1.6,117,manual,133200,nissan
Nissan,Maxima,2019,63000,2,gasoline,3.5,300,variable,191000,nissan
Nissan,Np300,2011,29000,2,diesel,2.5,133,manual,298000,nissan
Nissan,Qashqai,2015,53000,3,diesel,1.6,130,variable,105000,nissan
Nissan,Qashqai,2019,80000,1,diesel,1.5,115,robotic,50000,nissan
Nissan,Almera,2004,30000,2,gasoline,1.8,114,automatic,180000,nissan
Nissan,Note,2008,8500,2,gasoline,1.6,110,automatic,161250,nissan
Nissan,Micra,2017,33000,2,gasoline,1.2,80,variable,110000,nissan
Nissan,X Trail,2018,82000,1,diesel,1.6,130,variable,72000,nissan
Nissan,X Trail,2020,127000,1,diesel,1.7,150,variable,57000,nissan
Nissan,Juke,2019,52000,2,gasoline,1.6,117,variable,70000,nissan
Nissan,Qashqai,2019,85000,1,gasoline,1.2,115,variable,137000,nissan
Nissan,Qashqai,2009,31450,3,gasoline,2,140,variable,210000,nissan
Nissan,Juke,2011,23000,2,gasoline,1.6,117,variable,165000,nissan
Nissan,Micra,2017,33000,2,gasoline,1.2,80,variable,110000,nissan
Nissan,X Trail,2018,82000,1,diesel,1.6,130,variable,72000,nissan
Nissan,X Trail,2020,127000,1,diesel,1.7,150,variable,57000,nissan
Nissan,Juke,2019,52000,2,gasoline,1.6,117,variable,70000,nissan
Nissan,Qashqai,2019,85000,1,gasoline,1.2,115,variable,137000,nissan
Nissan,Qashqai,2009,31450,3,gasoline,2,140,variable,210000,nissan
Nissan,Juke,2011,23000,2,gasoline,1.6,117,variable,165000,nissan
Nissan,X Trail,2017,75000,1,diesel,1.6,130,variable,125000,nissan
Nissan,Nv200,2013,15000,4,diesel,1.5,90,manual,478000,nissan
Nissan,Note,2007,10500,2,gasoline,1.6,110,automatic,253000,nissan
Nissan,Qashqai,2024,185000,1,gasoline,1.3,156,variable,7000,nissan
Nissan,Micra,2012,15000,4,gasoline,1.2,80,variable,152000,nissan
Nissan,Micra,2010,11400,3,gasoline,1.4,88,automatic,182000,nissan
Nissan,X Trail,2021,134000,2,gasoline,1.3,160,robotic,63000,nissan
Nissan,Note,2007,5900,2,gasoline,1.6,110,automatic,350000,nissan
Nissan,Qashqai,2020,100000,2,gasoline,1.2,115,variable,122000,nissan
Nissan,X Trail,2020,120000,1,gasoline,1.3,160,robotic,53000,nissan
Nissan,Qashqai,2008,15500,3,gasoline,2,140,variable,245000,nissan
Nissan,X Trail,2017,80000,2,diesel,1.6,130,variable,170000,nissan
Nissan,Qashqai,2017,55000,1,gasoline,1.2,115,variable,172000,nissan
Nissan,Qashqai,2016,44250,1,gasoline,1.2,115,variable,179000,nissan
Nissan,X Trail,2015,75000,2,diesel,1.6,130,variable,173000,nissan
Nissan,Juke,2019,51000,2,gasoline,1.6,117,variable,101100,nissan
Nissan,X Trail,2023,180000,1,gasoline,1.5,163,variable,30500,nissan
Nissan,X Trail,2021,123000,2,gasoline,1.3,160,robotic,69000,nissan
Nissan,Juke,2016,45000,3,gasoline,1.6,117,variable,64000,nissan
Nissan,Qashqai 2,2014,40000,4,gasoline,2,141,variable,150000,nissan
Nissan,Sentra,2017,32000,2,gasoline,1.8,130,variable,170000,nissan
Nissan,Note,2012,19000,1,gasoline,1.6,110,automatic,142000,nissan
Nissan,Qashqai,2013,30200,3,gasoline,1.6,117,manual,133200,nissan
Nissan,Qashqai,2021,119000,1,diesel,1.5,115,robotic,20000,nissan
Nissan,Juke,2012,30000,2,gasoline,1.6,117,variable,140000,nissan
Nissan,Primera,2007,11000,2,gasoline,2,140,variable,206000,nissan
Nissan,Qashqai,2023,182000,1,gasoline,1.3,156,variable,24000,nissan
Nissan,Qashqai,2014,37000,2,gasoline,1.2,115,variable,181862,nissan
Nissan,X Trail,2018,81500,2,diesel,1.6,130,variable,98000,nissan
Nissan,Qashqai,2016,55000,2,gasoline,1.2,115,variable,95000,nissan
Nissan,Qashqai,2021,115000,1,gasoline,1.3,160,robotic,44000,nissan
Nissan,Qashqai 2,2010,30000,4,gasoline,2,141,variable,177000,nissan
Nissan,Qashqai,2015,42000,3,gasoline,1.2,115,variable,155000,nissan
Nissan,Almera,2015,21900,3,gasoline,1.6,109,automatic,199000,nissan
Nissan,Navara,2015,65000,1,diesel,2.5,190,manual,288000,nissan
Nissan,Leaf,2020,81000,2,electro,,,automatic,61800,nissan
Nissan,Juke,2012,23000,2,gasoline,1.6,117,variable,150000,nissan
Nissan,Sentra,2022,110000,1,gasoline,2,149,variable,31000,nissan
Nissan,Qashqai,2018,58000,3,gasoline,1.2,115,variable,110000,nissan
Nissan,Micra,2010,13500,3,gasoline,1.4,88,automatic,200000,nissan
Nissan,Micra,2014,17500,2,gasoline,1.2,80,variable,167500,nissan
Nissan,Sentra,2017,43000,3,gasoline,1.8,130,variable,111000,nissan
Nissan,Maxima,2018,87000,2,gasoline,3.5,300,variable,126000,nissan
Nissan,Maxima,2019,63000,2,gasoline,3.5,300,variable,191000,nissan
Nissan,Np300,2011,29000,2,diesel,2.5,133,manual,298000,nissan
Nissan,Qashqai,2015,53000,3,diesel,1.6,130,variable,105000,nissan
Nissan,Micra,2017,33000,2,gasoline,1.2,80,variable,110000,nissan
Nissan,X Trail,2018,82000,1,diesel,1.6,130,variable,72000,nissan
Nissan,X Trail,2020,127000,1,diesel,1.7,150,variable,57000,nissan
Nissan,Juke,2019,52000,2,gasoline,1.6,117,variable,70000,nissan
Nissan,Qashqai,2019,85000,1,gasoline,1.2,115,variable,137000,nissan
Nissan,Qashqai,2009,31450,3,gasoline,2,140,variable,210000,nissan
Nissan,Juke,2011,23000,2,gasoline,1.6,117,variable,165000,nissan
Nissan,X Trail,2021,135000,1,gasoline,1.3,160,robotic,24301,nissan
Nissan,Micra,2012,13400,3,gasoline,1.2,80,variable,175000,nissan
Nissan,X Trail,2017,75000,2,diesel,1.6,130,variable,120000,nissan
Nissan,Qashqai,2008,25000,3,gasoline,2,140,variable,147000,nissan
Nissan,Qashqai,2013,22000,2,gasoline,1.6,117,manual,290000,nissan
Nissan,X Trail,2021,130000,2,gasoline,1.3,160,robotic,33000,nissan
Nissan,X Trail,2018,96000,1,diesel,1.6,130,variable,86000,nissan
Nissan,Tiida,2009,8500,3,gasoline,1.6,110,automatic,185000,nissan
Nissan,X Trail,2018,90000,1,diesel,1.6,130,variable,116000,nissan
Nissan,X Trail,2024,230000,2,hybrid,1.5,213,automatic,2500,nissan
Nissan,Micra,2013,11500,3,gasoline,1.2,80,variable,224000,nissan
Nissan,Qashqai,2016,38000,4,gasoline,1.2,115,variable,149000,nissan
Nissan,Navara,2009,32000,3,diesel,2.5,144,automatic,231000,nissan
Nissan,Qashqai,2018,60000,2,gasoline,1.2,115,variable,149000,nissan
Nissan,Juke,2014,40000,2,gasoline,1.6,117,variable,181000,nissan
Nissan,Maxima,2017,65000,4,gasoline,3.5,300,variable,152000,nissan
Nissan,Micra,2017,32000,3,gasoline,1.2,80,variable,140000,nissan
Nissan,X Trail,2016,72000,2,diesel,1.6,130,variable,140000,nissan
Nissan,Qashqai,2014,40000,2,gasoline,1.2,115,variable,140000,nissan
Nissan,Qashqai,2015,52000,2,gasoline,1.2,115,variable,90000,nissan
Nissan,X Trail,2017,75000,1,diesel,1.6,130,variable,125000,nissan
Nissan,Nv200,2013,15000,4,diesel,1.5,90,manual,478000,nissan
Nissan,Note,2007,10500,2,gasoline,1.6,110,automatic,253000,nissan
Nissan,Qashqai,2024,185000,1,gasoline,1.3,156,variable,7000,nissan
Nissan,Micra,2012,15000,4,gasoline,1.2,80,variable,152000,nissan
Nissan,Micra,2010,11400,3,gasoline,1.4,88,automatic,182000,nissan
Nissan,X Trail,2021,134000,2,gasoline,1.3,160,robotic,63000,nissan
Nissan,Note,2007,5900,2,gasoline,1.6,110,automatic,350000,nissan
Nissan,Qashqai,2020,100000,2,gasoline,1.2,115,variable,122000,nissan
Nissan,X Trail,2020,120000,1,gasoline,1.3,160,robotic,53000,nissan
Nissan,Qashqai,2015,56000,3,diesel,1.6,130,variable,140000,nissan
Nissan,Almera,2015,24000,1,gasoline,1.6,102,automatic,156000,nissan
Nissan,Qashqai,2016,54900,4,gasoline,1.2,115,variable,95000,nissan
Nissan,Qashqai,2019,79000,3,gasoline,1.2,115,variable,50000,nissan
Nissan,X Trail,2017,56000,2,diesel,1.6,130,variable,220000,nissan
Nissan,Qashqai,2014,21000,2,gasoline,1.6,117,manual,229000,nissan
Nissan,Micra,2017,33000,2,gasoline,1.2,80,variable,60000,nissan
Nissan,Micra,2014,11000,3,gasoline,1.2,80,manual,199000,nissan
Nissan,Note,2010,14000,3,gasoline,1.6,110,automatic,209000,nissan
Nissan,Sentra,2017,35000,3,gasoline,1.8,130,variable,175000,nissan
Nissan,X Trail,2017,83000,1,diesel,1.6,130,variable,90000,nissan
Nissan,Qashqai,2019,76000,2,gasoline,1.2,115,variable,100000,nissan
Nissan,Juke,2020,82000,2,gasoline,1,117,robotic,23000,nissan
Nissan,Qashqai,2013,38500,2,gasoline,2,140,variable,142000,nissan
Nissan,Qashqai,2014,48000,3,gasoline,2,144,variable,117000,nissan
Nissan,Qashqai,2016,53000,1,gasoline,1.2,115,variable,143000,nissan
Nissan,Qashqai,2018,88000,1,gasoline,1.2,115,variable,18000,nissan
Nissan,X Trail,2018,75000,2,diesel,1.6,130,variable,160000,nissan
Nissan,Juke,2011,21000,4,gasoline,1.6,117,manual,158000,nissan
Nissan,Micra,2015,22000,2,gasoline,1.2,80,variable,165000,nissan
Nissan,Qashqai,2008,15500,3,gasoline,2,140,variable,245000,nissan
Nissan,X Trail,2017,80000,2,diesel,1.6,130,variable,170000,nissan
Nissan,Qashqai,2017,55000,1,gasoline,1.2,115,variable,172000,nissan
Nissan,Qashqai,2021,119000,1,diesel,1.5,115,robotic,20000,nissan
Nissan,Juke,2012,30000,2,gasoline,1.6,117,variable,140000,nissan
Nissan,Primera,2007,11000,2,gasoline,2,140,variable,206000,nissan
Nissan,Qashqai,2023,182000,1,gasoline,1.3,156,variable,24000,nissan
Nissan,Qashqai,2014,37000,2,gasoline,1.2,115,variable,181862,nissan
Nissan,X Trail,2018,81500,2,diesel,1.6,130,variable,98000,nissan
Nissan,Qashqai,2016,55000,2,gasoline,1.2,115,variable,95000,nissan
Nissan,Juke,2010,19000,4,gasoline,1.6,117,variable,126000,nissan
Nissan,Micra,2017,25000,3,gasoline,1.2,80,manual,107000,nissan
Nissan,X Trail,2017,82000,2,diesel,1.6,130,variable,91000,nissan
Nissan,Sentra,2018,55000,2,gasoline,1.8,130,variable,106000,nissan
Nissan,Qashqai,2017,55000,2,diesel,1.6,130,variable,88300,nissan
Nissan,Juke,2022,105000,1,gasoline,1,114,robotic,33700,nissan
Nissan,Qashqai,2018,65000,1,gasoline,1.2,115,variable,125000,nissan
Nissan,X Trail,2019,85000,3,diesel,1.6,130,variable,130000,nissan
Nissan,X Trail,2017,88000,2,diesel,1.6,130,variable,124000,nissan
Nissan,Qashqai,2021,117500,1,gasoline,1.3,160,robotic,55600,nissan
Nissan,X Trail,2020,105000,2,gasoline,1.3,160,robotic,80000,nissan
Nissan,Qashqai,2017,60000,1,gasoline,1.2,115,variable,70000,nissan
Nissan,Qashqai,2018,69000,1,gasoline,1.2,115,variable,125000,nissan
Nissan,X Trail,2017,80000,1,diesel,1.6,130,variable,124000,nissan
Nissan,Qashqai,2009,14000,2,gasoline,2,140,variable,225000,nissan
Nissan,Qashqai,2019,92000,3,gasoline,1.2,115,variable,62000,nissan
Nissan,X Trail,2018,95000,2,diesel,1.6,130,variable,83900,nissan
Nissan,Juke,2017,49960,3,gasoline,1.6,117,variable,127000,nissan
Nissan,Qashqai,2008,17999,1,gasoline,2,140,variable,180000,nissan
Nissan,X Trail,2017,62000,3,diesel,1.6,130,variable,129000,nissan
Nissan,Qashqai,2021,115000,1,gasoline,1.3,160,robotic,44000,nissan
Nissan,Qashqai 2,2010,30000,4,gasoline,2,141,variable,177000,nissan
Nissan,Qashqai,2015,42000,3,gasoline,1.2,115,variable,155000,nissan
Nissan,Almera,2015,21900,3,gasoline,1.6,109,automatic,199000,nissan
Nissan,Navara,2015,65000,1,diesel,2.5,190,manual,288000,nissan
Nissan,Leaf,2020,81000,2,electro,,,automatic,61800,nissan
Nissan,Juke,2012,23000,2,gasoline,1.6,117,variable,150000,nissan
Nissan,Sentra,2022,110000,1,gasoline,2,149,variable,31000,nissan
Nissan,Qashqai,2018,58000,3,gasoline,1.2,115,variable,110000,nissan
Nissan,Micra,2010,13500,3,gasoline,1.4,88,automatic,200000,nissan
Nissan,Qashqai,2017,61000,2,gasoline,1.2,115,variable,151000,nissan
Nissan,Qashqai,2018,81000,1,diesel,1.6,130,variable,145000,nissan
Nissan,Nv200,2017,42000,3,diesel,1.5,90,manual,202000,nissan
Nissan,Micra,2019,55000,2,gasoline,1.2,80,variable,72000,nissan
Nissan,Juke,2011,23000,2,gasoline,1.6,117,variable,224000,nissan
Nissan,Micra,2016,18500,2,gasoline,1.2,80,manual,145000,nissan
Nissan,Qashqai 2,2014,56500,2,gasoline,2,141,variable,127000,nissan
Nissan,X Trail,2017,85000,2,diesel,1.6,130,variable,160000,nissan
Nissan,Pathfinder,2006,45000,2,diesel,2.5,174,automatic,340000,nissan
Nissan,Juke,2012,32000,3,gasoline,1.6,117,variable,86000,nissan
Nissan,Micra,2009,8000,3,gasoline,1.4,88,automatic,156000,nissan
Nissan,Micra,2019,49000,3,gasoline,1.2,80,variable,87654,nissan
Nissan,Nv200,2019,75000,1,diesel,1.5,90,manual,150000,nissan
Nissan,Juke,2013,28000,2,gasoline,1.6,117,variable,179000,nissan
Nissan,X Trail,2022,147000,1,gasoline,1.3,160,robotic,14000,nissan
Nissan,Juke,2017,45000,3,gasoline,1.6,117,variable,123000,nissan
Nissan,Micra,2011,14000,3,gasoline,1.2,80,variable,168000,nissan
Nissan,Altima,2015,39000,2,gasoline,2.5,182,variable,200000,nissan
Nissan,Sentra,2020,56000,2,gasoline,1.8,124,variable,111000,nissan
Nissan,Sentra,2019,59000,3,gasoline,1.8,124,variable,57710,nissan
Nissan,Micra,2014,17500,2,gasoline,1.2,80,variable,167500,nissan
Nissan,Sentra,2017,43000,3,gasoline,1.8,130,variable,111000,nissan
Nissan,Maxima,2018,87000,2,gasoline,3.5,300,variable,126000,nissan
Nissan,X Trail,2021,135000,1,gasoline,1.3,160,robotic,24301,nissan
Nissan,Micra,2012,13400,3,gasoline,1.2,80,variable,175000,nissan
Nissan,X Trail,2017,75000,2,diesel,1.6,130,variable,120000,nissan
Nissan,Qashqai,2008,25000,3,gasoline,2,140,variable,147000,nissan
Nissan,Qashqai,2013,22000,2,gasoline,1.6,117,manual,290000,nissan
Nissan,X Trail,2021,130000,2,gasoline,1.3,160,robotic,33000,nissan
Nissan,X Trail,2018,96000,1,diesel,1.6,130,variable,86000,nissan
Nissan,Juke,2018,59000,1,gasoline,1.6,117,variable,53450,nissan
Nissan,Terrano,2005,40000,3,diesel,3,154,automatic,300000,nissan
Nissan,X Trail,2020,117000,1,diesel,1.7,150,variable,85000,nissan
Nissan,Micra,2018,23000,2,gasoline,1.2,80,manual,148000,nissan
Nissan,Qashqai,2010,29000,4,gasoline,2,140,variable,179000,nissan
Nissan,Juke,2016,41000,2,gasoline,1.6,117,variable,166000,nissan
Nissan,Qashqai,2014,38000,3,gasoline,2,144,variable,179000,nissan
Nissan,Juke,2013,26000,2,gasoline,1.6,117,variable,144000,nissan
Nissan,Qashqai,2013,26500,2,gasoline,1.6,117,manual,125000,nissan
Nissan,Micra,2014,17000,3,gasoline,1.2,80,variable,228000,nissan
Nissan,Micra,2018,48000,2,gasoline,1.2,80,variable,63000,nissan
Nissan,Qashqai,2012,33000,3,gasoline,2,140,variable,163000,nissan
Nissan,Almera,2016,20000,2,gasoline,1.6,102,automatic,160000,nissan
Nissan,X Trail,2017,91000,2,diesel,1.6,130,variable,97200,nissan
Nissan,X Trail,2018,90000,2,diesel,1.6,130,variable,193000,nissan
Nissan,Micra,2019,26000,4,gasoline,1.2,80,manual,108000,nissan
Nissan,Pathfinder,2008,75000,4,diesel,2.5,174,automatic,362000,nissan
Nissan,Qashqai,2019,84000,2,gasoline,1.3,160,robotic,95000,nissan
Nissan,Qashqai,2015,50000,2,gasoline,1.2,115,variable,99000,nissan
Nissan,Qashqai,2020,99000,1,gasoline,1.3,160,robotic,51000,nissan
Nissan,Tiida,2009,8500,3,gasoline,1.6,110,automatic,185000,nissan
Nissan,X Trail,2018,90000,1,diesel,1.6,130,variable,116000,nissan
Nissan,X Trail,2024,230000,2,hybrid,1.5,213,automatic,2500,nissan
Nissan,Micra,2013,11500,3,gasoline,1.2,80,variable,224000,nissan
Nissan,Qashqai,2016,38000,4,gasoline,1.2,115,variable,149000,nissan
Nissan,Navara,2009,32000,3,diesel,2.5,144,automatic,231000,nissan
Nissan,Qashqai,2018,60000,2,gasoline,1.2,115,variable,149000,nissan
Nissan,Juke,2014,40000,2,gasoline,1.6,117,variable,181000,nissan
Nissan,Maxima,2017,65000,4,gasoline,3.5,300,variable,152000,nissan
Nissan,Micra,2017,32000,3,gasoline,1.2,80,variable,140000,nissan
Nissan,Qashqai,2011,31000,3,gasoline,2,140,variable,165000,nissan
Nissan,Qashqai 2,2012,30000,3,gasoline,2,141,variable,197000,nissan
Nissan,Qashqai,2015,62000,3,gasoline,1.2,115,variable,131000,nissan
Nissan,Navara,2009,15500,4,diesel,2.5,174,manual,308000,nissan
Nissan,Pathfinder,2006,37200,3,diesel,2.5,174,automatic,248000,nissan
Nissan,Micra,2012,14900,1,gasoline,1.2,80,variable,206000,nissan
Nissan,Qashqai,2019,95500,1,gasoline,1.2,115,variable,25000,nissan
Nissan,Micra,2020,53000,2,gasoline,1,100,manual,30000,nissan
Nissan,X Trail,2016,66000,3,diesel,1.6,130,variable,198500,nissan
Nissan,Juke,2013,31000,3,gasoline,1.6,117,variable,130000,nissan
Nissan,Qashqai,2020,110000,1,gasoline,1.3,160,robotic,83000,nissan
Nissan,Qashqai,2019,85000,2,gasoline,1.3,160,robotic,52000,nissan
Nissan,Qashqai,2015,36000,2,diesel,1.6,130,variable,222000,nissan
Nissan,Juke,2013,28500,2,gasoline,1.6,117,variable,132000,nissan
Nissan,Qashqai,2016,57000,2,gasoline,1.2,115,variable,100000,nissan
Nissan,X Trail,2018,105000,2,diesel,2,177,variable,126500,nissan
Nissan,X Trail,2018,82300,2,diesel,1.6,130,variable,160000,nissan
Nissan,Qashqai,2018,83000,1,diesel,1.6,130,variable,40000,nissan
Nissan,Micra,2010,15500,4,gasoline,1.4,88,automatic,109000,nissan
Nissan,Micra,2013,14000,3,gasoline,1.2,80,variable,189000,nissan
Nissan,X Trail,2016,72000,2,diesel,1.6,130,variable,140000,nissan
Nissan,Qashqai,2014,40000,2,gasoline,1.2,115,variable,140000,nissan
Nissan,Qashqai,2015,52000,2,gasoline,1.2,115,variable,90000,nissan
Nissan,Qashqai,2015,56000,3,diesel,1.6,130,variable,140000,nissan
Nissan,Almera,2015,24000,1,gasoline,1.6,102,automatic,156000,nissan
Nissan,Qashqai,2016,54900,4,gasoline,1.2,115,variable,95000,nissan
Nissan,Qashqai,2019,79000,3,gasoline,1.2,115,variable,50000,nissan
Nissan,X Trail,2017,56000,2,diesel,1.6,130,variable,220000,nissan
Nissan,Qashqai,2014,21000,2,gasoline,1.6,117,manual,229000,nissan
Nissan,Micra,2017,33000,2,gasoline,1.2,80,variable,60000,nissan
Nissan,Terrano,2002,16000,3,diesel,2.7,125,automatic,330000,nissan
Nissan,Qashqai 2,2009,28000,3,gasoline,2,141,variable,225000,nissan
Nissan,Qashqai,2018,77000,1,gasoline,1.2,115,variable,100000,nissan
Nissan,Micra,2012,15400,2,gasoline,1.2,80,variable,159000,nissan
Nissan,Qashqai,2012,32000,3,gasoline,2,140,variable,221000,nissan
Nissan,Qashqai,2022,146000,1,gasoline,1.3,156,variable,46000,nissan
Nissan,Qashqai,2017,60000,3,diesel,1.6,130,variable,135000,nissan
Nissan,Micra,2018,36000,2,gasoline,1.2,80,variable,140000,nissan
Nissan,Qashqai,2012,33000,3,gasoline,2,140,variable,130000,nissan
Nissan,Micra,2014,16000,2,gasoline,1.2,80,variable,163000,nissan
Nissan,Juke,2011,23000,3,gasoline,1.6,117,variable,129000,nissan
Nissan,X Trail,2018,95000,3,diesel,2,177,variable,120000,nissan
Nissan,Qashqai,2017,63000,2,diesel,1.6,130,variable,125000,nissan
Nissan,Qashqai,2010,33000,4,gasoline,2,140,variable,211000,nissan
Nissan,X Trail,2017,94000,1,diesel,1.6,130,variable,126325,nissan
Nissan,Qashqai,2019,63000,3,gasoline,1.2,115,variable,182000,nissan
Nissan,Qashqai,2018,90000,1,diesel,1.6,130,variable,68000,nissan
Nissan,X Trail,2023,192000,1,gasoline,1.5,163,variable,16000,nissan
Nissan,Juke,2012,27800,4,gasoline,1.6,117,variable,120000,nissan
Nissan,Micra,2013,16000,2,gasoline,1.2,80,variable,140000,nissan
Nissan,Micra,2014,11000,3,gasoline,1.2,80,manual,199000,nissan
Nissan,Note,2010,14000,3,gasoline,1.6,110,automatic,209000,nissan
Nissan,Sentra,2017,35000,3,gasoline,1.8,130,variable,175000,nissan
Nissan,X Trail,2017,83000,1,diesel,1.6,130,variable,90000,nissan
Nissan,Qashqai,2019,76000,2,gasoline,1.2,115,variable,100000,nissan
Nissan,Juke,2020,82000,2,gasoline,1,117,robotic,23000,nissan
Nissan,Qashqai,2013,38500,2,gasoline,2,140,variable,142000,nissan
Nissan,Qashqai,2014,48000,3,gasoline,2,144,variable,117000,nissan
Nissan,Qashqai,2016,53000,1,gasoline,1.2,115,variable,143000,nissan
Nissan,Qashqai,2018,88000,1,gasoline,1.2,115,variable,18000,nissan
Nissan,X Trail,2019,114500,2,diesel,1.7,150,variable,92500,nissan
Nissan,Qashqai,2017,58000,2,gasoline,1.2,115,variable,73000,nissan
Nissan,Terrano,2000,25000,4,diesel,2.7,125,manual,400032,nissan
Nissan,X Trail,2019,103000,2,gasoline,1.3,160,robotic,130000,nissan
Nissan,Juke,2011,23500,3,gasoline,1.6,117,variable,165000,nissan
Nissan,Juke,2011,20900,3,gasoline,1.6,117,variable,129000,nissan
Nissan,Qashqai,2015,38500,1,gasoline,1.2,115,variable,104000,nissan
Nissan,Sentra,2021,88000,2,gasoline,2,149,variable,87000,nissan
Nissan,X Trail,2016,54999,2,diesel,1.6,130,variable,110000,nissan
Nissan,Sentra,2021,76000,1,gasoline,2,149,variable,109000,nissan
Nissan,X Trail,2017,64990,2,diesel,1.6,130,variable,159000,nissan
Nissan,X Trail,2019,59990,1,diesel,1.6,130,variable,197000,nissan
Nissan,Qashqai,2010,18500,2,gasoline,2,140,variable,211000,nissan
Nissan,Qashqai,2017,39999,2,gasoline,1.2,115,variable,160000,nissan
Nissan,Sentra,2019,54995,3,gasoline,1.8,124,variable,73000,nissan
Nissan,Qashqai,2019,67155,2,gasoline,1.3,160,robotic,106545,nissan
Nissan,Juke,2024,122365,1,hybrid,1.6,143,automatic,28703,nissan
Nissan,Juke,2017,45045,2,gasoline,1.6,117,variable,104200,nissan
Nissan,Sentra,2019,45000,2,gasoline,1.8,124,variable,155000,nissan
Nissan,Micra,2012,12000,3,gasoline,1.2,80,variable,140000,nissan
Nissan,X Trail,2018,75000,2,diesel,1.6,130,variable,160000,nissan
Nissan,Juke,2011,21000,4,gasoline,1.6,117,manual,158000,nissan
Nissan,Micra,2015,22000,2,gasoline,1.2,80,variable,165000,nissan
Nissan,Juke,2010,19000,4,gasoline,1.6,117,variable,126000,nissan
Nissan,Micra,2017,25000,3,gasoline,1.2,80,manual,107000,nissan
Nissan,X Trail,2017,82000,2,diesel,1.6,130,variable,91000,nissan
Nissan,Sentra,2018,55000,2,gasoline,1.8,130,variable,106000,nissan
Nissan,Qashqai,2017,55000,2,diesel,1.6,130,variable,88300,nissan
Nissan,Juke,2022,105000,1,gasoline,1,114,robotic,33700,nissan
Nissan,Qashqai,2018,65000,1,gasoline,1.2,115,variable,125000,nissan
Nissan,Qashqai,2016,49000,1,gasoline,1.2,115,variable,88000,nissan
Nissan,Almera,2006,4500,3,gasoline,1.8,116,automatic,238000,nissan
Nissan,X Trail,2017,60000,2,diesel,1.6,130,variable,185000,nissan
Nissan,Qashqai 2,2010,16000,4,gasoline,2,141,variable,210000,nissan
Nissan,Qashqai,2020,90000,2,gasoline,1.3,160,robotic,102000,nissan
Nissan,X Trail,2018,85000,2,diesel,2,177,variable,127000,nissan
Nissan,Juke,2011,15000,2,gasoline,1.6,117,variable,220000,nissan
Nissan,Note,2009,16000,2,gasoline,1.6,110,automatic,102000,nissan
Nissan,Micra,2007,5500,3,gasoline,1.4,88,automatic,220000,nissan
Nissan,Qashqai,2021,115000,1,diesel,1.5,115,robotic,82000,nissan
Nissan,Sentra,2019,60000,1,gasoline,1.8,124,variable,111000,nissan
Nissan,X Trail,2020,90000,2,diesel,1.7,150,variable,89020,nissan
Nissan,Juke,2011,29500,1,gasoline,1.6,117,variable,52577,nissan
Nissan,Micra,2013,14900,2,gasoline,1.2,80,manual,160000,nissan
Nissan,X Trail,2018,97000,2,diesel,1.6,130,variable,70000,nissan
Nissan,X Trail,2017,91000,2,diesel,1.6,130,variable,85000,nissan
Nissan,Sentra,2021,75000,1,gasoline,2,149,variable,128000,nissan
Nissan,X Trail,2019,85000,3,diesel,1.6,130,variable,130000,nissan
Nissan,X Trail,2017,88000,2,diesel,1.6,130,variable,124000,nissan
Nissan,Qashqai,2021,117500,1,gasoline,1.3,160,robotic,55600,nissan
Nissan,X Trail,2020,105000,2,gasoline,1.3,160,robotic,80000,nissan
Nissan,Qashqai,2017,60000,1,gasoline,1.2,115,variable,70000,nissan
Nissan,Qashqai,2018,69000,1,gasoline,1.2,115,variable,125000,nissan
Nissan,X Trail,2017,80000,1,diesel,1.6,130,variable,124000,nissan
Nissan,Qashqai,2009,14000,2,gasoline,2,140,variable,225000,nissan
Nissan,Qashqai,2019,92000,3,gasoline,1.2,115,variable,62000,nissan
Nissan,X Trail,2018,95000,2,diesel,1.6,130,variable,83900,nissan
Peugeot,308,2018,35000,2,gasoline,1.2,130,automatic,98000,peugeot
Peugeot,308,2014,9900,4,gasoline,1.6,120,automatic,142000,peugeot
Peugeot,407,2006,7900,2,gasoline,2,140,automatic,129000,peugeot
Peugeot,207,2011,10900,3,gasoline,1.6,120,automatic,157000,peugeot
Peugeot,107,2012,11900,3,gasoline,1,68,robotic,171000,peugeot
Peugeot,3008,2022,89999,1,diesel,1.5,130,automatic,85000,peugeot
Peugeot,3008,2023,115000,1,gasoline,1.2,130,automatic,37000,peugeot
Peugeot,2008,2020,64900,2,diesel,1.5,130,automatic,75000,peugeot
Peugeot,3008,2022,78900,1,diesel,1.5,130,automatic,165000,peugeot
Peugeot,5008,2021,78000,1,gasoline,1.2,130,automatic,105000,peugeot
Peugeot,208,2022,79900,3,gasoline,1.2,130,automatic,27000,peugeot
Peugeot,3008,2020,84500,1,gasoline,1.6,180,automatic,77000,peugeot
Peugeot,2008,2022,62000,1,diesel,1.5,130,automatic,150000,peugeot
Peugeot,2008,2020,44800,2,gasoline,1.2,110,automatic,67000,peugeot
Peugeot,2008,2022,69999,1,diesel,1.5,130,automatic,128000,peugeot
Peugeot,2008,2021,74900,1,gasoline,1.2,130,automatic,57000,peugeot
Peugeot,208,2024,99000,1,gasoline,1.2,130,automatic,10000,peugeot
Peugeot,2008,2021,75000,1,gasoline,1.2,130,automatic,95000,peugeot
Peugeot,3008,2022,73900,1,diesel,1.5,130,automatic,180000,peugeot
Peugeot,2008,2023,83000,1,diesel,1.5,130,automatic,107365,peugeot
Peugeot,207,2012,8000,4,gasoline,1.6,120,automatic,180000,peugeot
Peugeot,208,2021,55000,1,gasoline,1.2,130,automatic,86568,peugeot
Peugeot,3008,2020,79000,1,gasoline,1.2,130,automatic,32000,peugeot
Peugeot,3008,2025,149999,1,gasoline,1.2,136,robotic,14500,peugeot
Peugeot,308,2015,16000,3,gasoline,1.2,130,automatic,120000,peugeot
Peugeot,3008,2017,55200,3,diesel,1.6,120,automatic,95000,peugeot
Peugeot,5008,2021,77000,2,gasoline,1.6,180,automatic,120000,peugeot
Peugeot,2008,2021,78000,1,gasoline,1.2,130,automatic,80000,peugeot
Peugeot,3008,2021,89800,1,gasoline,1.6,180,automatic,103500,peugeot
Peugeot,Boxer,2018,79900,2,diesel,2.2,140,manual,85000,peugeot
Peugeot,2008,2019,38800,2,gasoline,1.2,110,automatic,100000,peugeot
Peugeot,5008,2020,57800,2,gasoline,1.2,130,automatic,96000,peugeot
Peugeot,3008,2020,67900,2,gasoline,1.2,130,automatic,77000,peugeot
Peugeot,3008,2022,87999,1,diesel,1.5,130,automatic,109000,peugeot
Peugeot,2008,2023,82900,1,diesel,1.5,130,automatic,72000,peugeot
Peugeot,2008,2016,19999,3,gasoline,1.2,110,automatic,115000,peugeot
Peugeot,5008,2013,5900,3,gasoline,1.6,156,automatic,155000,peugeot
Peugeot,107,2013,13900,3,gasoline,1,68,robotic,132000,peugeot
Peugeot,3008,2021,79000,1,gasoline,1.2,130,automatic,65000,peugeot
Peugeot,2008,2020,62000,2,diesel,1.5,130,automatic,113000,peugeot
Peugeot,2008,2025,95770,1,gasoline,1.2,130,automatic,45843,peugeot
Peugeot,3008,2019,57900,1,diesel,1.5,130,automatic,122000,peugeot
Peugeot,3008,2019,67900,1,diesel,1.5,130,automatic,98490,peugeot
Peugeot,5008,2024,131255,1,gasoline,1.2,130,automatic,58855,peugeot
Peugeot,5008,2024,140995,1,gasoline,1.2,130,automatic,28680,peugeot
Peugeot,5008,2023,125415,1,gasoline,1.2,130,automatic,31125,peugeot
Peugeot,5008,2023,108995,1,gasoline,1.2,130,automatic,40264,peugeot
Peugeot,5008,2023,87295,1,gasoline,1.2,130,automatic,117081,peugeot
Peugeot,5008,2022,100955,1,diesel,1.5,130,automatic,73620,peugeot
Peugeot,5008,2021,101530,1,gasoline,1.6,180,automatic,87519,peugeot
Peugeot,2008,2021,80000,1,gasoline,1.2,130,automatic,55000,peugeot
Peugeot,3008,2019,65000,2,gasoline,1.2,130,automatic,67000,peugeot
Peugeot,2008,2018,38000,3,gasoline,1.2,110,automatic,95000,peugeot
Peugeot,5008,2024,124000,1,gasoline,1.2,130,automatic,26000,peugeot
Peugeot,308,2009,9500,4,gasoline,1.6,120,automatic,177000,peugeot
Peugeot,308,2012,6000,2,gasoline,1.6,120,automatic,84000,peugeot
Peugeot,301,2016,17999,2,gasoline,1.2,82,robotic,180000,peugeot
Peugeot,5008,2018,59000,2,gasoline,1.6,165,automatic,123000,peugeot
Peugeot,3008,2023,75000,2,gasoline,1.2,130,automatic,97700,peugeot
Peugeot,3008,2021,94500,1,diesel,1.5,130,automatic,37400,peugeot
Peugeot,5008,2020,70155,2,gasoline,1.2,130,automatic,103000,peugeot
Peugeot,5008,2021,101845,1,gasoline,1.6,180,automatic,74053,peugeot
Peugeot,408,2023,111515,1,gasoline,1.2,130,automatic,45432,peugeot
Peugeot,408,2023,112515,1,gasoline,1.2,130,automatic,35854,peugeot
Peugeot,408,2023,112995,1,gasoline,1.2,130,automatic,30138,peugeot
Peugeot,308,2019,51005,1,gasoline,1.2,130,automatic,105190,peugeot
Peugeot,3008,2024,127245,1,diesel,1.5,130,automatic,70764,peugeot
Peugeot,3008,2024,121225,1,gasoline,1.2,130,automatic,44108,peugeot
Peugeot,3008,2024,133995,1,diesel,1.5,130,automatic,38892,peugeot
Peugeot,3008,2024,124940,1,gasoline,1.2,130,automatic,37968,peugeot
Peugeot,3008,2024,121385,1,gasoline,1.2,130,automatic,29665,peugeot
Peugeot,3008,2023,87415,2,gasoline,1.2,130,automatic,43708,peugeot
Peugeot,3008,2023,105540,1,diesel,1.5,130,automatic,93240,peugeot
Peugeot,3008,2023,96995,1,gasoline,1.2,130,automatic,88405,peugeot
Peugeot,3008,2023,113380,1,diesel,1.5,130,automatic,86629,peugeot
Peugeot,3008,2023,109805,1,diesel,1.5,130,automatic,85943,peugeot
Peugeot,3008,2023,98495,1,gasoline,1.2,130,automatic,65614,peugeot
Peugeot,3008,2023,99960,1,gasoline,1.2,130,automatic,51040,peugeot
Peugeot,3008,2023,123045,1,diesel,1.5,130,automatic,50423,peugeot
Peugeot,3008,2023,109245,1,gasoline,1.2,130,automatic,44466,peugeot
Peugeot,3008,2018,58000,4,diesel,1.6,120,automatic,114200,peugeot
Peugeot,508,2015,17000,3,gasoline,1.6,156,automatic,135000,peugeot
Peugeot,2008,2017,20000,3,gasoline,1.2,110,automatic,90000,peugeot
Peugeot,206,2002,16000,3,gasoline,1.6,110,manual,260000,peugeot
Peugeot,2008,2023,100000,1,gasoline,1.2,130,automatic,39000,peugeot
Peugeot,208,2017,27000,4,gasoline,1.2,110,automatic,126340,peugeot
Peugeot,2008,2018,38000,2,gasoline,1.2,110,automatic,124000,peugeot
Peugeot,207,2012,11000,2,gasoline,1.6,120,automatic,88000,peugeot
Peugeot,208,2014,14500,2,gasoline,1.6,120,automatic,130000,peugeot
Peugeot,3008,2020,89000,2,diesel,1.5,130,automatic,58000,peugeot
Peugeot,3008,2023,127560,1,diesel,1.5,130,automatic,37569,peugeot
Peugeot,3008,2023,110335,1,gasoline,1.2,130,automatic,35770,peugeot
Peugeot,3008,2023,102605,1,gasoline,1.2,130,automatic,33853,peugeot
Peugeot,3008,2022,96355,1,gasoline,1.6,180,automatic,92837,peugeot
Peugeot,3008,2023,125710,1,diesel,1.5,130,automatic,27696,peugeot
Peugeot,3008,2022,92475,1,diesel,1.5,130,automatic,88307,peugeot
Peugeot,3008,2022,93182,1,diesel,1.5,130,automatic,79471,peugeot
Peugeot,3008,2022,110430,1,diesel,1.5,130,automatic,78705,peugeot
Peugeot,3008,2022,97325,1,gasoline,1.2,130,automatic,74187,peugeot
Peugeot,3008,2022,101740,1,gasoline,1.6,180,automatic,67978,peugeot
Peugeot,3008,2022,105375,1,diesel,1.5,130,automatic,65372,peugeot
Peugeot,3008,2022,89915,1,gasoline,1.2,130,automatic,51625,peugeot
Peugeot,3008,2022,105475,1,gasoline,1.2,130,automatic,39000,peugeot
Peugeot,3008,2022,112495,1,diesel,1.5,130,automatic,35566,peugeot
Peugeot,3008,2022,89995,1,diesel,1.5,130,automatic,127210,peugeot
Peugeot,3008,2021,88125,2,diesel,1.5,130,automatic,88000,peugeot
Peugeot,3008,2021,63995,2,gasoline,1.2,130,automatic,82547,peugeot
Peugeot,3008,2021,86695,2,diesel,1.5,130,automatic,76714,peugeot
Peugeot,3008,2021,88125,2,diesel,1.5,130,automatic,70114,peugeot
Peugeot,3008,2021,87177,1,diesel,1.5,130,automatic,96653,peugeot
Peugeot,308,2015,22000,2,gasoline,1.2,130,automatic,105000,peugeot
Peugeot,5008,2021,100000,1,diesel,1.5,130,automatic,74000,peugeot
Peugeot,3008,2022,105700,1,gasoline,1.2,130,automatic,61000,peugeot
Peugeot,3008,2020,90000,1,gasoline,1.2,130,automatic,125000,peugeot
Peugeot,308,2016,19000,4,gasoline,1.2,130,automatic,90000,peugeot
Peugeot,2008,2020,45000,2,gasoline,1.2,110,automatic,56000,peugeot
Peugeot,108,2017,24000,1,gasoline,1,69,robotic,134000,peugeot
Peugeot,3008,2019,65000,2,gasoline,1.2,130,automatic,85000,peugeot
Peugeot,208,2021,60000,1,gasoline,1.2,130,automatic,60300,peugeot
Peugeot,3008,2021,117000,1,diesel,1.5,130,automatic,90000,peugeot
Peugeot,3008,2021,87137,1,diesel,1.5,130,automatic,95343,peugeot
Peugeot,3008,2021,92610,1,diesel,1.5,130,automatic,93423,peugeot
Peugeot,3008,2021,73610,1,gasoline,1.2,130,automatic,92874,peugeot
Peugeot,3008,2021,88617,1,diesel,1.5,130,automatic,89485,peugeot
Peugeot,3008,2021,80175,1,gasoline,1.6,180,automatic,83454,peugeot
Peugeot,3008,2021,95672,1,diesel,1.5,130,automatic,67603,peugeot
Peugeot,3008,2021,95285,1,diesel,1.5,130,automatic,64967,peugeot
Peugeot,3008,2021,95445,1,diesel,1.5,130,automatic,59244,peugeot
Peugeot,3008,2021,92315,1,gasoline,1.2,130,automatic,58919,peugeot
Peugeot,3008,2021,87560,1,diesel,1.5,130,automatic,123426,peugeot
Peugeot,3008,2021,87995,1,diesel,1.5,130,automatic,120018,peugeot
Peugeot,3008,2021,84575,1,diesel,1.5,130,automatic,105860,peugeot
Peugeot,3008,2021,72815,1,gasoline,1.2,130,automatic,105306,peugeot
Peugeot,3008,2020,70692,2,gasoline,1.2,130,automatic,88328,peugeot
Peugeot,3008,2020,81985,2,gasoline,1.6,180,automatic,82595,peugeot
Peugeot,3008,2020,63992,1,gasoline,1.2,130,automatic,99200,peugeot
Peugeot,3008,2020,70922,1,gasoline,1.2,130,automatic,93518,peugeot
Peugeot,3008,2020,71707,1,gasoline,1.2,130,automatic,82159,peugeot
Peugeot,3008,2020,71650,1,gasoline,1.2,130,automatic,79191,peugeot
Peugeot,3008,2020,73925,1,gasoline,1.2,130,automatic,74340,peugeot
Peugeot,308,2017,22990,2,gasoline,1.2,130,automatic,123000,peugeot
Peugeot,407,2007,5500,2,gasoline,2,140,automatic,213000,peugeot
Peugeot,508,2012,7800,3,gasoline,1.6,156,automatic,145000,peugeot
Peugeot,301,2017,15000,2,gasoline,1.6,115,automatic,157000,peugeot
Peugeot,3008,2017,57000,3,diesel,1.6,120,automatic,120000,peugeot
Peugeot,208,2017,24000,2,gasoline,1.2,110,automatic,109000,peugeot
Peugeot,3008,2021,100000,1,gasoline,1.2,130,automatic,48000,peugeot
Peugeot,3008,2022,124000,2,diesel,1.5,130,automatic,64500,peugeot
Peugeot,2008,2023,110000,1,gasoline,1.2,130,automatic,22000,peugeot
Peugeot,3008,2021,129000,1,gasoline,1.2,130,automatic,27000,peugeot
Peugeot,3008,2020,81695,1,gasoline,1.2,130,automatic,57847,peugeot
Peugeot,3008,2020,78445,1,diesel,1.5,130,automatic,115000,peugeot
Peugeot,3008,2020,83870,1,gasoline,1.2,130,automatic,100497,peugeot
Peugeot,3008,2019,66192,2,diesel,1.5,130,automatic,97000,peugeot
Peugeot,3008,2019,65215,2,gasoline,1.2,130,automatic,55637,peugeot
Peugeot,3008,2019,61770,2,gasoline,1.2,130,automatic,127500,peugeot
Peugeot,3008,2019,78785,1,diesel,1.5,130,automatic,68636,peugeot
Peugeot,3008,2017,62505,2,gasoline,1.6,165,automatic,124000,peugeot
Peugeot,3008,2017,62905,1,diesel,1.6,120,automatic,132642,peugeot
Peugeot,208,2024,93722,1,gasoline,1.2,130,automatic,40510,peugeot
Peugeot,208,2024,101045,1,gasoline,1.2,130,automatic,26712,peugeot
Peugeot,208,2023,77645,1,gasoline,1.2,130,automatic,77818,peugeot
Peugeot,208,2023,95265,1,gasoline,1.2,130,automatic,6930,peugeot
Peugeot,208,2023,86645,1,gasoline,1.2,130,automatic,57721,peugeot
Peugeot,208,2023,81725,1,gasoline,1.2,130,automatic,46098,peugeot
Peugeot,208,2023,86645,1,gasoline,1.2,130,automatic,45039,peugeot
Peugeot,208,2023,89025,1,gasoline,1.2,130,automatic,34899,peugeot
Peugeot,208,2023,91515,1,gasoline,1.2,130,automatic,16721,peugeot
Peugeot,208,2022,75920,1,electro,,,automatic,75521,peugeot
Peugeot,208,2022,82055,1,gasoline,1.2,130,automatic,42624,peugeot
Peugeot,2008,2015,10000,3,gasoline,1.2,82,robotic,150000,peugeot
Peugeot,Boxer,2019,70000,2,diesel,2.2,140,manual,171000,peugeot
Peugeot,301,2013,9000,4,gasoline,1.6,115,automatic,187000,peugeot
Peugeot,508,2020,99000,3,gasoline,1.6,225,automatic,87000,peugeot
Peugeot,3008,2021,109000,2,diesel,1.5,130,automatic,90000,peugeot
Peugeot,3008,2019,65000,4,diesel,1.5,130,automatic,97000,peugeot
Peugeot,107,2013,4500,3,gasoline,1,68,robotic,170000,peugeot
Peugeot,2008,2016,32000,1,gasoline,1.6,120,automatic,29890,peugeot
Peugeot,Rcz,2011,30000,4,gasoline,1.6,156,automatic,350000,peugeot
Peugeot,3008,2020,110000,2,gasoline,1.2,130,automatic,80000,peugeot
Peugeot,208,2021,67375,1,gasoline,1.2,130,automatic,91840,peugeot
Peugeot,208,2021,69285,1,electro,,,automatic,82000,peugeot
Peugeot,208,2020,48880,2,gasoline,1.2,110,automatic,80246,peugeot
Peugeot,208,2020,45352,2,gasoline,1.2,110,automatic,75795,peugeot
Peugeot,208,2020,52615,2,gasoline,1.2,110,automatic,61321,peugeot
Peugeot,208,2020,55640,1,gasoline,1.2,110,automatic,59900,peugeot
Peugeot,2008,2024,115955,1,gasoline,1.2,130,automatic,28874,peugeot
Peugeot,2008,2023,89830,1,gasoline,1.2,130,automatic,78858,peugeot
Peugeot,2008,2023,99925,1,gasoline,1.2,130,automatic,61731,peugeot
Peugeot,2008,2023,97855,1,gasoline,1.2,130,automatic,60344,peugeot
Peugeot,2008,2023,103690,1,gasoline,1.2,130,automatic,35401,peugeot
Peugeot,2008,2023,97935,1,gasoline,1.2,130,automatic,59017,peugeot
Peugeot,2008,2023,100810,1,gasoline,1.2,130,automatic,33717,peugeot
Peugeot,2008,2023,101715,1,gasoline,1.2,130,automatic,33157,peugeot
Peugeot,2008,2023,100592,1,gasoline,1.2,130,automatic,30817,peugeot
Peugeot,2008,2023,100830,1,gasoline,1.2,130,automatic,29449,peugeot
Peugeot,2008,2023,103717,1,gasoline,1.2,130,automatic,29021,peugeot
Peugeot,2008,2023,95655,1,gasoline,1.2,130,automatic,27128,peugeot
Peugeot,2008,2023,110145,1,gasoline,1.2,130,automatic,22655,peugeot
Peugeot,2008,2023,102485,1,gasoline,1.2,130,automatic,21075,peugeot
Peugeot,3008,2017,74000,3,gasoline,1.6,165,automatic,94000,peugeot
Peugeot,308,2011,9500,3,gasoline,1.6,120,automatic,104321,peugeot
Peugeot,208,2018,32000,3,gasoline,1.2,110,automatic,115000,peugeot
Peugeot,208,2016,20000,2,gasoline,1.2,110,automatic,163000,peugeot
Peugeot,3008,2020,95000,2,gasoline,1.6,180,automatic,31000,peugeot
Peugeot,108,2017,24000,2,gasoline,1,69,robotic,86000,peugeot
Peugeot,3008,2018,79000,2,diesel,1.6,120,automatic,65000,peugeot
Peugeot,2008,2020,72000,1,diesel,1.5,130,automatic,70000,peugeot
Peugeot,3008,2013,14000,4,gasoline,1.6,156,automatic,162000,peugeot
Peugeot,3008,2022,120000,1,gasoline,1.2,130,automatic,19200,peugeot
Peugeot,2008,2023,110115,1,gasoline,1.2,130,automatic,18779,peugeot
Peugeot,2008,2023,102650,1,gasoline,1.2,130,automatic,16611,peugeot
Peugeot,2008,2023,106445,1,gasoline,1.2,130,automatic,12496,peugeot
Peugeot,2008,2022,83960,1,gasoline,1.2,130,automatic,77067,peugeot
Peugeot,2008,2022,81995,1,diesel,1.5,130,automatic,71698,peugeot
Peugeot,2008,2022,81415,1,diesel,1.5,130,automatic,68700,peugeot
Peugeot,2008,2022,89995,1,gasoline,1.2,130,automatic,49071,peugeot
Peugeot,2008,2022,91705,1,diesel,1.5,130,automatic,46163,peugeot
Peugeot,2008,2022,89555,1,gasoline,1.2,130,automatic,45080,peugeot
Peugeot,2008,2022,91675,1,gasoline,1.2,130,automatic,37162,peugeot
Peugeot,2008,2022,92460,1,gasoline,1.2,130,automatic,37148,peugeot
Peugeot,2008,2022,95985,1,gasoline,1.2,130,automatic,30700,peugeot
Peugeot,2008,2022,91705,1,gasoline,1.2,130,automatic,29892,peugeot
Peugeot,2008,2022,97675,1,gasoline,1.2,130,automatic,29885,peugeot
Peugeot,2008,2022,91682,1,gasoline,1.2,130,automatic,29480,peugeot
Peugeot,2008,2022,65345,1,diesel,1.5,130,automatic,118253,peugeot
Peugeot,2008,2021,79682,2,gasoline,1.2,130,automatic,71028,peugeot
Peugeot,2008,2021,77915,2,gasoline,1.2,130,automatic,46438,peugeot
Peugeot,2008,2021,81995,2,gasoline,1.2,130,automatic,27837,peugeot
Peugeot,2008,2021,74215,1,gasoline,1.2,130,automatic,98558,peugeot
Peugeot,3008,2023,140000,1,diesel,1.5,130,automatic,15500,peugeot
Peugeot,108,2015,19900,2,gasoline,1,69,robotic,170000,peugeot
Peugeot,3008,2020,110000,1,diesel,1.5,130,automatic,85000,peugeot
Peugeot,5008,2020,108000,2,gasoline,1.6,180,automatic,95000,peugeot
Peugeot,3008,2019,95000,3,diesel,1.5,130,automatic,91000,peugeot
Peugeot,3008,2021,107000,1,gasoline,1.2,130,automatic,59000,peugeot
Peugeot,208,2016,25000,1,gasoline,1.2,110,automatic,135000,peugeot
Peugeot,208,2016,32000,2,gasoline,1.2,110,automatic,69000,peugeot
Peugeot,5008,2018,68000,2,gasoline,1.6,165,automatic,125000,peugeot
Peugeot,107,2011,6000,3,gasoline,1,68,robotic,264000,peugeot
Peugeot,2008,2021,88790,1,gasoline,1.2,130,automatic,3614,peugeot
Peugeot,2008,2021,89455,1,gasoline,1.2,130,automatic,33776,peugeot
Peugeot,2008,2021,80840,1,gasoline,1.2,130,automatic,31279,peugeot
Peugeot,2008,2021,73575,1,gasoline,1.2,130,automatic,103181,peugeot
Peugeot,2008,2020,63472,3,diesel,1.5,130,automatic,101786,peugeot
Peugeot,2008,2020,75872,1,gasoline,1.2,130,automatic,83075,peugeot
Peugeot,2008,2020,73995,1,gasoline,1.2,130,automatic,74134,peugeot
Peugeot,2008,2020,73685,1,gasoline,1.2,130,automatic,33040,peugeot
Peugeot,2008,2017,45752,1,gasoline,1.2,110,automatic,42155,peugeot
Peugeot,108,2015,27995,1,gasoline,1,69,robotic,82389,peugeot
Peugeot,207,2012,8000,4,gasoline,1.6,120,automatic,180000,peugeot
Peugeot,208,2021,55000,1,gasoline,1.2,130,automatic,86568,peugeot
Peugeot,3008,2020,79000,1,gasoline,1.2,130,automatic,32000,peugeot
Peugeot,3008,2025,149999,1,gasoline,1.2,136,robotic,14500,peugeot
Peugeot,2008,2022,69999,1,diesel,1.5,130,automatic,128000,peugeot
Peugeot,3008,2022,73900,1,diesel,1.5,130,automatic,180000,peugeot
Peugeot,3008,2022,89999,1,diesel,1.5,130,automatic,85000,peugeot
Peugeot,3008,2023,115000,1,gasoline,1.2,130,automatic,37000,peugeot
Peugeot,Boxer,2022,109900,1,diesel,2.2,140,manual,64000,peugeot
Peugeot,3008,2018,54900,2,gasoline,1.6,165,automatic,115000,peugeot
Peugeot,3008,2019,90000,1,gasoline,1.2,130,automatic,103000,peugeot
Peugeot,301,2014,15000,3,gasoline,1.2,72,manual,130000,peugeot
Peugeot,508,2017,40000,3,gasoline,1.6,165,automatic,120000,peugeot
Peugeot,208,2014,17500,3,gasoline,1.6,120,automatic,105750,peugeot
Peugeot,2008,2018,37000,2,gasoline,1.2,110,automatic,141000,peugeot
Peugeot,5008,2012,15500,4,gasoline,1.6,156,automatic,77000,peugeot
Peugeot,3008,2019,94000,3,gasoline,1.2,130,automatic,67500,peugeot
Peugeot,3008,2018,71000,2,gasoline,1.6,165,automatic,130000,peugeot
Peugeot,208,2015,19500,3,gasoline,1.2,82,manual,71000,peugeot
Peugeot,Boxer,2013,44000,3,diesel,2.2,120,manual,255000,peugeot
Peugeot,3008,2020,76900,1,gasoline,1.2,130,automatic,106000,peugeot
Peugeot,3008,2014,8900,3,gasoline,1.6,156,automatic,179000,peugeot
Peugeot,3008,2020,69900,1,gasoline,1.2,130,automatic,90000,peugeot
Peugeot,Boxer,2023,129900,2,diesel,2.2,140,manual,102000,peugeot
Peugeot,2008,2017,29900,4,gasoline,1.2,110,automatic,94000,peugeot
Peugeot,308,2015,16000,3,gasoline,1.2,130,automatic,120000,peugeot
Peugeot,3008,2017,55200,3,diesel,1.6,120,automatic,95000,peugeot
Peugeot,5008,2021,77000,2,gasoline,1.6,180,automatic,120000,peugeot
Peugeot,2008,2021,78000,1,gasoline,1.2,130,automatic,80000,peugeot
Peugeot,3008,2021,89800,1,gasoline,1.6,180,automatic,103500,peugeot
Peugeot,Boxer,2018,79900,2,diesel,2.2,140,manual,85000,peugeot
Peugeot,2008,2021,80000,1,gasoline,1.2,130,automatic,55000,peugeot
Peugeot,3008,2019,65000,2,gasoline,1.2,130,automatic,67000,peugeot
Peugeot,3008,2020,59990,2,gasoline,1.2,130,automatic,86000,peugeot
Peugeot,208,2023,89990,1,gasoline,1.2,130,automatic,39000,peugeot
Peugeot,2008,2016,12990,3,gasoline,1.2,110,automatic,169000,peugeot
Peugeot,2008,2018,38000,3,gasoline,1.2,110,automatic,95000,peugeot
Peugeot,5008,2024,124000,1,gasoline,1.2,130,automatic,26000,peugeot
Peugeot,308,2009,9500,4,gasoline,1.6,120,automatic,177000,peugeot
Peugeot,3008,2021,109990,1,diesel,1.5,130,automatic,32000,peugeot
Peugeot,3008,2012,15000,2,gasoline,1.6,156,automatic,102000,peugeot
Peugeot,3008,2018,77000,2,diesel,1.6,120,automatic,160000,peugeot
Peugeot,Rcz,2012,42000,4,gasoline,1.6,156,automatic,155000,peugeot
Peugeot,2008,2020,75000,2,gasoline,1.2,130,automatic,23000,peugeot
Peugeot,301,2013,10000,2,gasoline,1.6,115,automatic,192000,peugeot
Peugeot,3008,2021,115500,2,diesel,1.5,130,automatic,64000,peugeot
Peugeot,208,2015,27000,3,gasoline,1.6,120,automatic,126000,peugeot
Peugeot,207,2012,14000,4,gasoline,1.6,120,automatic,94000,peugeot
Peugeot,308,2010,7500,2,gasoline,1.6,120,automatic,101300,peugeot
Peugeot,301,2016,21600,2,gasoline,1.2,82,robotic,60000,peugeot
Peugeot,208,2017,16490,3,gasoline,1.2,110,automatic,109000,peugeot
Peugeot,308,2012,6000,2,gasoline,1.6,120,automatic,84000,peugeot
Peugeot,301,2016,17999,2,gasoline,1.2,82,robotic,180000,peugeot
Peugeot,5008,2018,59000,2,gasoline,1.6,165,automatic,123000,peugeot
Peugeot,3008,2017,38990,2,diesel,1.6,120,automatic,179000,peugeot
Peugeot,3008,2023,75000,2,gasoline,1.2,130,automatic,97700,peugeot
Peugeot,3008,2021,94500,1,diesel,1.5,130,automatic,37400,peugeot
Peugeot,3008,2018,58000,4,diesel,1.6,120,automatic,114200,peugeot
Peugeot,508,2015,17000,3,gasoline,1.6,156,automatic,135000,peugeot
Peugeot,2008,2017,20000,3,gasoline,1.2,110,automatic,90000,peugeot
Peugeot,206,2002,16000,3,gasoline,1.6,110,manual,260000,peugeot
Peugeot,2008,2023,100000,1,gasoline,1.2,130,automatic,39000,peugeot
Peugeot,208,2017,27000,4,gasoline,1.2,110,automatic,126340,peugeot
Peugeot,3008,2021,159990,1,plug-in,1.6,300,automatic,39000,peugeot
Peugeot,2008,2018,38000,2,gasoline,1.2,110,automatic,124000,peugeot
Peugeot,3008,2022,84990,1,gasoline,1.6,180,automatic,109000,peugeot
Peugeot,2008,2021,77900,1,electro,,,automatic,80640,peugeot
Peugeot,208,2017,18500,2,gasoline,1.2,110,automatic,147000,peugeot
Peugeot,207,2012,11000,2,gasoline,1.6,120,automatic,88000,peugeot
Peugeot,208,2014,14500,2,gasoline,1.6,120,automatic,130000,peugeot
Peugeot,3008,2021,122000,1,gasoline,1.2,130,automatic,38500,peugeot
Peugeot,3008,2018,80000,3,diesel,1.6,120,automatic,118000,peugeot
Peugeot,207,2011,12500,2,gasoline,1.6,120,automatic,130000,peugeot
Peugeot,208,2015,29000,3,gasoline,1.2,110,automatic,45000,peugeot
Peugeot,307,2005,28000,4,gasoline,2,136,automatic,330000,peugeot
Peugeot,207,2009,6900,2,gasoline,1.6,120,automatic,142675,peugeot
Peugeot,208,2018,32000,2,gasoline,1.2,110,automatic,113000,peugeot
Peugeot,208,2014,15000,2,gasoline,1.6,120,automatic,193000,peugeot
Peugeot,2008,2016,43000,2,gasoline,1.6,120,automatic,75000,peugeot
Peugeot,3008,2024,175000,2,diesel,1.5,130,automatic,3000,peugeot
Peugeot,3008,2020,89000,2,diesel,1.5,130,automatic,58000,peugeot
Peugeot,308,2015,22000,2,gasoline,1.2,130,automatic,105000,peugeot
Peugeot,5008,2021,100000,1,diesel,1.5,130,automatic,74000,peugeot
Peugeot,3008,2022,105700,1,gasoline,1.2,130,automatic,61000,peugeot
Peugeot,3008,2020,90000,1,gasoline,1.2,130,automatic,125000,peugeot
Peugeot,308,2016,19000,4,gasoline,1.2,130,automatic,90000,peugeot
Peugeot,2008,2020,45000,2,gasoline,1.2,110,automatic,56000,peugeot
Peugeot,108,2017,24000,1,gasoline,1,69,robotic,134000,peugeot
Peugeot,3008,2019,65000,2,gasoline,1.2,130,automatic,85000,peugeot
Peugeot,208,2021,60000,1,gasoline,1.2,130,automatic,60300,peugeot
Peugeot,3008,2021,117000,1,diesel,1.5,130,automatic,90000,peugeot
Peugeot,308,2017,22990,2,gasoline,1.2,130,automatic,123000,peugeot
Peugeot,407,2007,5500,2,gasoline,2,140,automatic,213000,peugeot
Peugeot,508,2012,7800,3,gasoline,1.6,156,automatic,145000,peugeot
Peugeot,301,2017,15000,2,gasoline,1.6,115,automatic,157000,peugeot
Peugeot,3008,2017,57000,3,diesel,1.6,120,automatic,120000,peugeot
Peugeot,208,2017,24000,2,gasoline,1.2,110,automatic,109000,peugeot
Peugeot,3008,2021,100000,1,gasoline,1.2,130,automatic,48000,peugeot
Peugeot,3008,2022,124000,2,diesel,1.5,130,automatic,64500,peugeot
Peugeot,2008,2023,110000,1,gasoline,1.2,130,automatic,22000,peugeot
Peugeot,301,2017,25000,2,gasoline,1.6,115,automatic,90000,peugeot
Peugeot,3008,2019,74000,3,gasoline,1.2,130,automatic,67000,peugeot
Peugeot,308,2015,19000,3,gasoline,1.2,130,automatic,180000,peugeot
Peugeot,3008,2020,104000,1,gasoline,1.2,130,automatic,64800,peugeot
Peugeot,208,2023,105000,1,gasoline,1.2,130,automatic,10000,peugeot
Peugeot,2008,2021,93000,1,diesel,1.5,130,automatic,47000,peugeot
Peugeot,2008,2017,53000,2,gasoline,1.2,110,automatic,70000,peugeot
Peugeot,508,2014,23000,3,gasoline,1.6,156,automatic,100000,peugeot
Peugeot,3008,2018,90000,2,gasoline,1.6,165,automatic,90000,peugeot
Peugeot,301,2015,11000,4,gasoline,1.2,82,robotic,170000,peugeot
Peugeot,3008,2021,129000,1,gasoline,1.2,130,automatic,27000,peugeot
Peugeot,2008,2015,10000,3,gasoline,1.2,82,robotic,150000,peugeot
Peugeot,Boxer,2019,70000,2,diesel,2.2,140,manual,171000,peugeot
Peugeot,301,2013,9000,4,gasoline,1.6,115,automatic,187000,peugeot
Peugeot,508,2020,99000,3,gasoline,1.6,225,automatic,87000,peugeot
Peugeot,3008,2021,109000,2,diesel,1.5,130,automatic,90000,peugeot
Peugeot,3008,2019,65000,4,diesel,1.5,130,automatic,97000,peugeot
Peugeot,107,2013,4500,3,gasoline,1,68,robotic,170000,peugeot
Peugeot,2008,2016,32000,1,gasoline,1.6,120,automatic,29890,peugeot
Peugeot,Rcz,2011,30000,4,gasoline,1.6,156,automatic,350000,peugeot
Peugeot,3008,2020,110000,2,gasoline,1.2,130,automatic,80000,peugeot
Peugeot,3008,2017,74000,3,gasoline,1.6,165,automatic,94000,peugeot
Peugeot,308,2011,9500,3,gasoline,1.6,120,automatic,104321,peugeot
Peugeot,208,2018,32000,3,gasoline,1.2,110,automatic,115000,peugeot
Peugeot,208,2016,20000,2,gasoline,1.2,110,automatic,163000,peugeot
Peugeot,3008,2020,95000,2,gasoline,1.6,180,automatic,31000,peugeot
Peugeot,108,2017,24000,2,gasoline,1,69,robotic,86000,peugeot
Peugeot,3008,2018,79000,2,diesel,1.6,120,automatic,65000,peugeot
Peugeot,2008,2020,72000,1,diesel,1.5,130,automatic,70000,peugeot
Peugeot,3008,2013,14000,4,gasoline,1.6,156,automatic,162000,peugeot
Peugeot,208,2023,119000,1,gasoline,1.2,130,automatic,9100,peugeot
Peugeot,508,2013,8000,3,gasoline,1.6,156,automatic,200000,peugeot
Peugeot,307,2005,3600,3,gasoline,1.6,109,automatic,190000,peugeot
Peugeot,3008,2020,112000,1,diesel,1.5,130,automatic,37500,peugeot
Peugeot,206,2002,25000,4,gasoline,1.6,109,automatic,166000,peugeot
Peugeot,3008,2017,60000,4,diesel,1.6,120,automatic,190000,peugeot
Peugeot,3008,2020,120000,1,diesel,1.5,130,automatic,24000,peugeot
Peugeot,208,2014,6000,3,gasoline,1.2,82,robotic,220000,peugeot
Peugeot,3008,2019,100000,3,gasoline,1.6,180,automatic,48000,peugeot
Peugeot,3008,2019,101000,2,diesel,1.5,130,automatic,130000,peugeot
Peugeot,3008,2022,120000,1,gasoline,1.2,130,automatic,19200,peugeot
Peugeot,3008,2023,140000,1,diesel,1.5,130,automatic,15500,peugeot
Peugeot,108,2015,19900,2,gasoline,1,69,robotic,170000,peugeot
Peugeot,3008,2020,110000,1,diesel,1.5,130,automatic,85000,peugeot
Peugeot,5008,2020,108000,2,gasoline,1.6,180,automatic,95000,peugeot
Peugeot,3008,2019,95000,3,diesel,1.5,130,automatic,91000,peugeot
Peugeot,3008,2021,107000,1,gasoline,1.2,130,automatic,59000,peugeot
Peugeot,208,2016,25000,1,gasoline,1.2,110,automatic,135000,peugeot
Peugeot,208,2016,32000,2,gasoline,1.2,110,automatic,69000,peugeot
Peugeot,5008,2018,68000,2,gasoline,1.6,165,automatic,125000,peugeot
Peugeot,107,2011,6000,3,gasoline,1,68,robotic,264000,peugeot
Peugeot,207,2011,12900,1,gasoline,1.6,120,automatic,36800,peugeot
Peugeot,208,2015,23000,2,gasoline,1.6,120,automatic,150000,peugeot
Peugeot,5008,2018,56000,2,gasoline,1.6,165,automatic,148500,peugeot
Peugeot,208,2016,24000,2,gasoline,1.2,110,automatic,150759,peugeot
Peugeot,3008,2019,90000,1,gasoline,1.2,130,automatic,103000,peugeot
Peugeot,301,2014,15000,3,gasoline,1.2,72,manual,130000,peugeot
Peugeot,508,2017,40000,3,gasoline,1.6,165,automatic,120000,peugeot
Peugeot,208,2014,17500,3,gasoline,1.6,120,automatic,105750,peugeot
Peugeot,2008,2018,37000,2,gasoline,1.2,110,automatic,141000,peugeot
Peugeot,2008,2016,35000,4,gasoline,1.2,110,automatic,107000,peugeot
Peugeot,3008,2019,81000,3,diesel,1.5,130,automatic,135000,peugeot
Peugeot,3008,2017,81000,1,diesel,1.6,120,automatic,55300,peugeot
Peugeot,2008,2015,22000,3,gasoline,1.2,82,robotic,165000,peugeot
Peugeot,3008,2017,88000,1,diesel,1.6,120,automatic,57000,peugeot
Peugeot,208,2016,27000,2,gasoline,1.2,110,automatic,122000,peugeot
Peugeot,2008,2020,92000,1,diesel,1.5,130,automatic,54000,peugeot
Peugeot,5008,2019,95000,1,diesel,1.5,130,automatic,88000,peugeot
Peugeot,3008,2019,77000,1,gasoline,1.6,180,automatic,92000,peugeot
Peugeot,2008,2015,18400,2,gasoline,1.6,120,automatic,158000,peugeot
Peugeot,5008,2012,15500,4,gasoline,1.6,156,automatic,77000,peugeot
Peugeot,3008,2019,94000,3,gasoline,1.2,130,automatic,67500,peugeot
Peugeot,3008,2018,71000,2,gasoline,1.6,165,automatic,130000,peugeot
Peugeot,208,2015,19500,3,gasoline,1.2,82,manual,71000,peugeot
Peugeot,Boxer,2013,44000,3,diesel,2.2,120,manual,255000,peugeot
Peugeot,208,2015,22000,3,gasoline,1.6,120,automatic,101000,peugeot
Peugeot,3008,2020,89000,2,gasoline,1.2,130,automatic,69000,peugeot
Peugeot,3008,2021,120000,1,gasoline,1.6,180,automatic,71100,peugeot
Peugeot,3008,2018,94000,2,diesel,1.6,120,automatic,88000,peugeot
Peugeot,3008,2018,82000,1,gasoline,1.6,165,automatic,132000,peugeot
Peugeot,208,2013,19500,3,gasoline,1.6,120,automatic,124000,peugeot
Peugeot,3008,2022,125000,1,gasoline,1.2,130,automatic,26000,peugeot
Peugeot,3008,2012,15000,2,gasoline,1.6,156,automatic,102000,peugeot
Peugeot,3008,2018,77000,2,diesel,1.6,120,automatic,160000,peugeot
Peugeot,Rcz,2012,42000,4,gasoline,1.6,156,automatic,155000,peugeot
Peugeot,2008,2020,75000,2,gasoline,1.2,130,automatic,23000,peugeot
Peugeot,301,2013,10000,2,gasoline,1.6,115,automatic,192000,peugeot
Peugeot,3008,2021,115500,2,diesel,1.5,130,automatic,64000,peugeot
Peugeot,208,2015,27000,3,gasoline,1.6,120,automatic,126000,peugeot
Peugeot,207,2012,14000,4,gasoline,1.6,120,automatic,94000,peugeot
Peugeot,5008,2020,90000,2,gasoline,1.6,180,automatic,115000,peugeot
Peugeot,3008,2021,130000,1,gasoline,1.6,180,automatic,42000,peugeot
Peugeot,3008,2019,69000,2,gasoline,1.2,130,automatic,101000,peugeot
Peugeot,3008,2021,114000,1,diesel,1.5,130,automatic,64000,peugeot
Peugeot,Boxer,2016,35000,2,diesel,2.2,155,manual,222000,peugeot
Peugeot,Boxer,2019,67000,1,diesel,2.2,130,manual,172000,peugeot
Peugeot,3008,2019,75000,2,gasoline,1.2,130,automatic,131000,peugeot
Peugeot,308,2010,7500,2,gasoline,1.6,120,automatic,101300,peugeot
Peugeot,301,2016,21600,2,gasoline,1.2,82,robotic,60000,peugeot
Peugeot,3008,2020,114000,2,gasoline,1.2,130,automatic,40600,peugeot
Peugeot,208,2015,20000,3,gasoline,1.2,110,automatic,180000,peugeot
Peugeot,107,2012,11500,3,gasoline,1,68,robotic,96480,peugeot
Peugeot,3008,2021,122000,1,gasoline,1.2,130,automatic,38500,peugeot
Peugeot,3008,2018,80000,3,diesel,1.6,120,automatic,118000,peugeot
Peugeot,207,2011,12500,2,gasoline,1.6,120,automatic,130000,peugeot
Peugeot,208,2015,29000,3,gasoline,1.2,110,automatic,45000,peugeot
Peugeot,307,2005,28000,4,gasoline,2,136,automatic,330000,peugeot
Peugeot,207,2009,6900,2,gasoline,1.6,120,automatic,142675,peugeot
Peugeot,208,2018,32000,2,gasoline,1.2,110,automatic,113000,peugeot
Peugeot,208,2014,15000,2,gasoline,1.6,120,automatic,193000,peugeot
Peugeot,2008,2016,43000,2,gasoline,1.6,120,automatic,75000,peugeot
Peugeot,3008,2024,175000,2,diesel,1.5,130,automatic,3000,peugeot
Peugeot,3008,2017,95000,2,gasoline,1.6,165,automatic,52000,peugeot
Peugeot,3008,2017,55000,2,diesel,1.6,120,automatic,182000,peugeot
Peugeot,2008,2017,43000,2,gasoline,1.2,110,automatic,69000,peugeot
Peugeot,3008,2017,65500,2,diesel,1.6,120,automatic,129000,peugeot
Peugeot,5008,2020,100000,3,diesel,1.5,130,automatic,120000,peugeot
Peugeot,508,2012,5000,3,gasoline,1.6,156,automatic,170000,peugeot
Peugeot,301,2017,25000,2,gasoline,1.6,115,automatic,90000,peugeot
Peugeot,3008,2019,74000,3,gasoline,1.2,130,automatic,67000,peugeot
Peugeot,308,2015,19000,3,gasoline,1.2,130,automatic,180000,peugeot
Peugeot,3008,2020,104000,1,gasoline,1.2,130,automatic,64800,peugeot
Peugeot,208,2023,105000,1,gasoline,1.2,130,automatic,10000,peugeot
Peugeot,2008,2021,93000,1,diesel,1.5,130,automatic,47000,peugeot
Peugeot,2008,2017,53000,2,gasoline,1.2,110,automatic,70000,peugeot
Peugeot,508,2014,23000,3,gasoline,1.6,156,automatic,100000,peugeot
Peugeot,3008,2018,90000,2,gasoline,1.6,165,automatic,90000,peugeot
Peugeot,301,2015,11000,4,gasoline,1.2,82,robotic,170000,peugeot
Peugeot,208,2023,119000,1,gasoline,1.2,130,automatic,9100,peugeot
Peugeot,508,2013,8000,3,gasoline,1.6,156,automatic,200000,peugeot
Peugeot,307,2005,3600,3,gasoline,1.6,109,automatic,190000,peugeot
Peugeot,3008,2020,112000,1,diesel,1.5,130,automatic,37500,peugeot
Peugeot,206,2002,25000,4,gasoline,1.6,109,automatic,166000,peugeot
Peugeot,3008,2017,60000,4,diesel,1.6,120,automatic,190000,peugeot
Peugeot,3008,2020,120000,1,diesel,1.5,130,automatic,24000,peugeot
Peugeot,208,2014,6000,3,gasoline,1.2,82,robotic,220000,peugeot
Peugeot,3008,2019,100000,3,gasoline,1.6,180,automatic,48000,peugeot
Peugeot,3008,2019,101000,2,diesel,1.5,130,automatic,130000,peugeot
Peugeot,2008,2016,35000,4,gasoline,1.2,110,automatic,107000,peugeot
Peugeot,3008,2019,81000,3,diesel,1.5,130,automatic,135000,peugeot
Peugeot,3008,2017,81000,1,diesel,1.6,120,automatic,55300,peugeot
Peugeot,2008,2015,22000,3,gasoline,1.2,82,robotic,165000,peugeot
Peugeot,3008,2017,88000,1,diesel,1.6,120,automatic,57000,peugeot
Peugeot,208,2016,27000,2,gasoline,1.2,110,automatic,122000,peugeot
Peugeot,2008,2020,92000,1,diesel,1.5,130,automatic,54000,peugeot
Peugeot,5008,2019,95000,1,diesel,1.5,130,automatic,88000,peugeot
Peugeot,208,2014,15900,3,gasoline,1.6,120,automatic,140000,peugeot
Peugeot,208,2014,14500,1,gasoline,1.2,82,manual,133000,peugeot
Peugeot,208,2025,118000,1,gasoline,1.2,130,automatic,4000,peugeot
Peugeot,208,2018,29999,2,gasoline,1.2,110,automatic,155000,peugeot
Peugeot,3008,2019,68000,2,diesel,1.5,130,automatic,149000,peugeot
Peugeot,3008,2020,64990,1,gasoline,1.2,130,automatic,89000,peugeot
Peugeot,3008,2021,104990,2,diesel,1.5,130,automatic,54000,peugeot
Peugeot,2008,2019,36500,2,gasoline,1.2,110,automatic,128000,peugeot
Peugeot,Boxer,2020,69990,2,diesel,2.2,130,manual,189000,peugeot
Peugeot,3008,2019,72900,2,diesel,1.5,130,automatic,110000,peugeot
Peugeot,5008,2018,69132,2,gasoline,1.6,165,automatic,112048,peugeot
Peugeot,3008,2025,151995,1,gasoline,1.2,136,robotic,6107,peugeot
Peugeot,3008,2023,121280,1,diesel,1.5,130,automatic,49184,peugeot
Peugeot,3008,2022,106560,1,diesel,1.5,130,automatic,61753,peugeot
Peugeot,3008,2022,101165,1,gasoline,1.2,130,automatic,54026,peugeot
Peugeot,3008,2022,113175,1,diesel,1.5,130,automatic,40946,peugeot
Peugeot,3008,2022,93885,1,gasoline,1.6,180,automatic,101590,peugeot
Peugeot,208,2023,90645,1,gasoline,1.2,130,automatic,19819,peugeot
Peugeot,2008,2024,115855,1,gasoline,1.2,130,automatic,35000,peugeot
Peugeot,2008,2024,110525,1,gasoline,1.2,130,automatic,14068,peugeot
Peugeot,2008,2023,111325,1,gasoline,1.2,130,automatic,28086,peugeot
Peugeot,2008,2022,81125,1,diesel,1.5,130,automatic,82928,peugeot
Peugeot,2008,2022,74505,1,electro,,,automatic,75960,peugeot
Peugeot,2008,2021,72985,2,gasoline,1.2,130,automatic,58119,peugeot
Peugeot,2008,2021,86435,1,gasoline,1.2,130,automatic,21190,peugeot
Peugeot,2008,2016,19999,3,gasoline,1.2,110,automatic,115000,peugeot
Peugeot,5008,2021,78000,1,gasoline,1.2,130,automatic,105000,peugeot
Peugeot,3008,2022,78900,1,diesel,1.5,130,automatic,165000,peugeot
Peugeot,2008,2022,62000,1,diesel,1.5,130,automatic,150000,peugeot
Peugeot,3008,2019,77000,1,gasoline,1.6,180,automatic,92000,peugeot
Peugeot,2008,2015,18400,2,gasoline,1.6,120,automatic,158000,peugeot
Peugeot,5008,2020,90000,2,gasoline,1.6,180,automatic,115000,peugeot
Peugeot,3008,2021,130000,1,gasoline,1.6,180,automatic,42000,peugeot
Peugeot,3008,2019,69000,2,gasoline,1.2,130,automatic,101000,peugeot
Peugeot,3008,2021,114000,1,diesel,1.5,130,automatic,64000,peugeot
Peugeot,Boxer,2016,35000,2,diesel,2.2,155,manual,222000,peugeot
Peugeot,Boxer,2019,67000,1,diesel,2.2,130,manual,172000,peugeot
Peugeot,3008,2019,75000,2,gasoline,1.2,130,automatic,131000,peugeot
Skoda,Superb,2017,80000,3,gasoline,2,220,robotic,183000,skoda
Skoda,Rapid,2018,32800,2,gasoline,1,95,robotic,186244,skoda
Skoda,Octavia,2015,29000,3,gasoline,1.2,110,robotic,180000,skoda
Skoda,Fabia,2009,17800,4,gasoline,1.6,105,automatic,167000,skoda
Skoda,Kodiaq,2018,84900,3,gasoline,2,180,robotic,165742,skoda
Skoda,Karoq,2019,78900,1,gasoline,1.5,150,robotic,111000,skoda
Skoda,Kodiaq,2021,117900,2,gasoline,1.5,150,robotic,96000,skoda
Skoda,Enyaq Iv,2024,157900,1,electro,,,automatic,49000,skoda
Skoda,Roomster,2014,17800,4,gasoline,1.2,105,robotic,135000,skoda
Skoda,Octavia,2018,45900,2,gasoline,1,115,robotic,156940,skoda
Skoda,Octavia,2019,72900,1,gasoline,1.5,150,robotic,131329,skoda
Skoda,Superb,2021,97000,1,gasoline,1.5,150,robotic,104000,skoda
Skoda,Karoq,2019,81900,1,gasoline,1.5,150,robotic,73000,skoda
Skoda,Octavia,2022,89900,1,gasoline,1,110,robotic,100000,skoda
Skoda,Octavia,2015,22800,2,gasoline,1.4,150,robotic,185000,skoda
Skoda,Scala,2023,74800,1,gasoline,1,110,robotic,129000,skoda
Skoda,Enyaq Iv,2023,156770,1,electro,,,automatic,57600,skoda
Skoda,Octavia,2022,126995,1,plug-in,1.4,204,robotic,59803,skoda
Skoda,Superb,2019,87755,1,gasoline,1.5,150,robotic,111383,skoda
Skoda,Octavia,2019,85480,2,gasoline,1.5,150,robotic,115100,skoda
Skoda,Octavia,2018,38500,4,gasoline,1,116,robotic,182780,skoda
Skoda,Kodiaq,2020,89900,2,diesel,2,150,robotic,169500,skoda
Skoda,Octavia,2020,65000,3,gasoline,1.5,150,robotic,151000,skoda
Skoda,Rapid,2018,34000,4,gasoline,1,95,robotic,263340,skoda
Skoda,Kamiq,2025,97000,1,gasoline,1,115,robotic,30000,skoda
Skoda,Octavia,2021,79000,2,gasoline,1,110,robotic,79000,skoda
Skoda,Kodiaq,2020,116000,2,gasoline,1.5,150,robotic,126000,skoda
Skoda,Kodiaq,2020,96000,2,gasoline,1.5,150,robotic,120000,skoda
Skoda,Scala,2020,32000,1,gasoline,1,115,robotic,310000,skoda
Skoda,Kodiaq,2019,114000,1,gasoline,1.4,150,robotic,85461,skoda
Skoda,Yeti,2017,47900,3,gasoline,1.2,110,robotic,137000,skoda
Skoda,Kodiaq,2020,119795,2,gasoline,1.5,150,robotic,98000,skoda
Skoda,Kodiaq,2019,93995,2,gasoline,1.5,150,robotic,119870,skoda
Skoda,Karoq,2021,104365,1,gasoline,1.5,150,robotic,100000,skoda
Skoda,Karoq,2021,99740,2,gasoline,1.5,150,robotic,125128,skoda
Skoda,Karoq,2020,98665,1,gasoline,1.5,150,robotic,61173,skoda
Skoda,Kamiq,2023,110550,1,gasoline,1,110,robotic,58200,skoda
Skoda,Kamiq,2022,120210,1,gasoline,1.5,150,robotic,65000,skoda
Skoda,Fabia,2017,46095,2,gasoline,1,110,robotic,136258,skoda
Skoda,Enyaq Iv,2023,136759,1,electro,,,automatic,96818,skoda
Skoda,Octavia,2018,38500,4,gasoline,1,116,robotic,182780,skoda
Skoda,Superb,2021,93000,1,gasoline,1.5,150,robotic,104000,skoda
Skoda,Octavia,2022,84500,1,gasoline,1,110,robotic,103000,skoda
Skoda,Kodiaq,2022,154990,1,gasoline,2,190,robotic,44000,skoda
Skoda,Kodiaq,2020,89900,2,diesel,2,150,robotic,169500,skoda
Skoda,Octavia,2020,65000,3,gasoline,1.5,150,robotic,151000,skoda
Skoda,Kodiaq,2022,112900,1,gasoline,1.5,150,robotic,118000,skoda
Skoda,Octavia,2019,54900,2,gasoline,1,115,robotic,91000,skoda
Skoda,Rapid,2018,34000,4,gasoline,1,95,robotic,263340,skoda
Skoda,Scala,2020,54990,2,gasoline,1,115,robotic,159000,skoda
Skoda,Kodiaq,2021,115000,1,gasoline,1.5,150,robotic,113000,skoda
Skoda,Octavia,2017,45000,2,gasoline,1,115,robotic,182000,skoda
Skoda,Fabia,2017,32500,3,gasoline,1.2,110,robotic,157614,skoda
Skoda,Octavia,2017,50000,2,gasoline,1,115,robotic,170000,skoda
Skoda,Kamiq,2021,77777,2,gasoline,1.5,150,robotic,91000,skoda
Skoda,Fabia,2021,70000,1,gasoline,1,95,robotic,28000,skoda
Skoda,Kodiaq,2021,80000,2,gasoline,1.5,150,robotic,135000,skoda
Skoda,Octavia,2017,44999,3,gasoline,1.2,110,robotic,185000,skoda
Skoda,Octavia,2020,70000,2,gasoline,1.5,150,robotic,95000,skoda
Skoda,Octavia,2016,23000,2,gasoline,1.2,110,robotic,150000,skoda
Skoda,Kamiq,2025,97000,1,gasoline,1,115,robotic,30000,skoda
Skoda,Octavia,2021,79000,2,gasoline,1,110,robotic,79000,skoda
Skoda,Kodiaq,2020,116000,2,gasoline,1.5,150,robotic,126000,skoda
Skoda,Kodiaq,2020,96000,2,gasoline,1.5,150,robotic,120000,skoda
Skoda,Octavia,2023,127999,1,gasoline,1.5,150,robotic,98600,skoda
Skoda,Scala,2020,32000,1,gasoline,1,115,robotic,310000,skoda
Skoda,Kamiq,2020,83990,2,gasoline,1.5,150,robotic,94000,skoda
Skoda,Kodiaq,2019,114000,1,gasoline,1.4,150,robotic,85461,skoda
Skoda,Fabia,2018,49990,2,gasoline,1,110,robotic,170115,skoda
Skoda,Octavia,2011,12500,4,gasoline,1.4,122,manual,330000,skoda
Skoda,Fabia,2013,10700,1,gasoline,1.4,86,manual,190000,skoda
Skoda,Octavia,2017,43000,3,gasoline,1.4,150,robotic,179000,skoda
Skoda,Superb,2021,92999,1,gasoline,1.5,150,robotic,119000,skoda
Skoda,Karoq,2020,83000,2,gasoline,1.5,150,robotic,105000,skoda
Skoda,Kodiaq,2020,109990,2,gasoline,1.5,150,robotic,114000,skoda
Skoda,Octavia,2014,31000,4,gasoline,1.2,105,robotic,170000,skoda
Skoda,Superb,2019,84990,1,gasoline,1.8,180,robotic,119000,skoda
Skoda,Octavia,2018,50000,2,gasoline,1,115,robotic,122000,skoda
Skoda,Kodiaq,2021,115000,1,gasoline,1.5,150,robotic,113000,skoda
Skoda,Octavia,2017,45000,2,gasoline,1,115,robotic,182000,skoda
Skoda,Octavia,2015,27000,3,diesel,2,150,robotic,300000,skoda
Skoda,Octavia,2019,62000,3,gasoline,1.5,150,robotic,155000,skoda
Skoda,Octavia,2022,104000,2,gasoline,1.5,150,robotic,99000,skoda
Skoda,Octavia,2018,33000,2,diesel,2,150,robotic,276000,skoda
Skoda,Yeti,2016,32000,2,gasoline,1.2,110,robotic,220000,skoda
Skoda,Octavia,2019,55000,1,diesel,2,150,robotic,250000,skoda
Skoda,Fabia,2024,95000,1,gasoline,1,110,robotic,34900,skoda
Skoda,Octavia,2019,66000,2,gasoline,1.5,150,robotic,150000,skoda
Skoda,Octavia,2021,105000,1,gasoline,1.5,150,robotic,80000,skoda
Skoda,Kamiq,2020,80000,1,gasoline,1,110,robotic,50000,skoda
Skoda,Fabia,2017,32500,3,gasoline,1.2,110,robotic,157614,skoda
Skoda,Kamiq,2023,83000,1,gasoline,1,110,robotic,104000,skoda
Skoda,Karoq,2020,74990,2,gasoline,1.5,150,robotic,165000,skoda
Skoda,Octavia,2017,50000,2,gasoline,1,115,robotic,170000,skoda
Skoda,Kamiq,2021,77777,2,gasoline,1.5,150,robotic,91000,skoda
Skoda,Fabia,2021,70000,1,gasoline,1,95,robotic,28000,skoda
Skoda,Kodiaq,2021,80000,2,gasoline,1.5,150,robotic,135000,skoda
Skoda,Octavia,2016,24900,3,gasoline,1.2,110,robotic,259999,skoda
Skoda,Octavia,2017,44999,3,gasoline,1.2,110,robotic,185000,skoda
Skoda,Octavia,2020,70000,2,gasoline,1.5,150,robotic,95000,skoda
Skoda,Octavia,2016,23000,2,gasoline,1.2,110,robotic,150000,skoda
Skoda,Octavia,2017,35000,2,gasoline,1,116,robotic,175000,skoda
Skoda,Octavia,2016,35000,2,gasoline,1.4,150,robotic,170000,skoda
Skoda,Octavia,2018,43000,3,diesel,2,150,robotic,247000,skoda
Skoda,Kodiaq,2024,185000,1,gasoline,1.5,150,automatic,44860,skoda
Skoda,Kodiaq,2019,82000,2,gasoline,1.5,150,robotic,137000,skoda
Skoda,Superb,2020,75000,2,gasoline,1.5,150,robotic,68500,skoda
Skoda,Rapid,2015,25000,1,diesel,1.6,90,manual,220000,skoda
Skoda,Kodiaq,2020,95000,1,gasoline,1.5,150,robotic,108000,skoda
Skoda,Yeti,2018,35000,1,gasoline,1.2,110,robotic,317864,skoda
Skoda,Superb,2019,109000,2,gasoline,1.5,150,robotic,65500,skoda
Skoda,Octavia,2019,80000,1,gasoline,1.5,150,robotic,95900,skoda
Skoda,Octavia,2019,94000,1,gasoline,1.5,150,robotic,59000,skoda
Skoda,Kodiaq,2019,78000,1,diesel,2,150,robotic,241000,skoda
Skoda,Octavia Rs,2025,225000,1,gasoline,2,265,automatic,8700,skoda
Skoda,Rapid,2017,27000,3,gasoline,1.2,90,robotic,177000,skoda
Skoda,Octavia,2020,65000,1,gasoline,1.5,150,robotic,110000,skoda
Skoda,Superb,2018,68000,1,gasoline,1.8,180,robotic,205000,skoda
Skoda,Octavia,2015,43000,2,gasoline,1.4,140,robotic,240000,skoda
Skoda,Octavia,2018,55000,2,gasoline,1.8,180,robotic,170000,skoda
Skoda,Rapid,2013,29990,2,gasoline,1.4,122,robotic,136000,skoda
Skoda,Fabia,2016,40000,2,gasoline,1.2,110,robotic,108000,skoda
Skoda,Octavia,2020,65000,2,diesel,2,150,robotic,200000,skoda
Skoda,Kodiaq,2018,150000,1,gasoline,2,180,robotic,71000,skoda
Skoda,Octavia,2015,27000,3,diesel,2,150,robotic,300000,skoda
Skoda,Kodiaq,2019,78000,1,gasoline,1.5,150,robotic,238000,skoda
Skoda,Octavia,2019,62000,3,gasoline,1.5,150,robotic,155000,skoda
Skoda,Superb,2021,179999,2,gasoline,2,280,robotic,105000,skoda
Skoda,Octavia,2022,104000,2,gasoline,1.5,150,robotic,99000,skoda
Skoda,Octavia,2016,36000,4,gasoline,1.8,180,robotic,197000,skoda
Skoda,Kodiaq,2017,60000,2,gasoline,2,180,robotic,276000,skoda
Skoda,Octavia,2018,33000,2,diesel,2,150,robotic,276000,skoda
Skoda,Yeti,2016,32000,2,gasoline,1.2,110,robotic,220000,skoda
Skoda,Fabia,2015,22900,4,gasoline,1,110,robotic,180000,skoda
Skoda,Octavia,2019,55000,1,diesel,2,150,robotic,250000,skoda
Skoda,Fabia,2024,95000,1,gasoline,1,110,robotic,34900,skoda
Skoda,Octavia,2019,66000,2,gasoline,1.5,150,robotic,150000,skoda
Skoda,Octavia,2021,105000,1,gasoline,1.5,150,robotic,80000,skoda
Skoda,Superb,2012,19500,3,gasoline,1.8,160,robotic,270000,skoda
Skoda,Rapid,2013,19500,4,gasoline,1.4,122,robotic,240000,skoda
Skoda,Octavia,2015,43000,2,gasoline,1.4,140,robotic,240000,skoda
Skoda,Octavia,2018,55000,2,gasoline,1.8,180,robotic,170000,skoda
Skoda,Octavia,2016,29000,4,gasoline,1.2,110,robotic,210000,skoda
Skoda,Octavia,2014,21000,4,gasoline,1.2,105,robotic,210000,skoda
Skoda,Octavia,2013,13000,3,gasoline,1.2,105,robotic,213000,skoda
Skoda,Octavia,2014,25000,1,gasoline,1.2,105,robotic,260000,skoda
Skoda,Octavia,2017,35000,3,diesel,2,150,robotic,280000,skoda
Skoda,Rapid,2016,20000,3,gasoline,1.2,90,robotic,200000,skoda
Skoda,Yeti,2015,46000,2,gasoline,1.2,105,robotic,130000,skoda
Skoda,Fabia,2012,9000,4,gasoline,1.4,86,manual,223000,skoda
Skoda,Octavia,2016,41500,2,gasoline,1.2,110,robotic,135000,skoda
Skoda,Kamiq,2020,80000,1,gasoline,1,110,robotic,50000,skoda
Skoda,Kamiq,2020,94000,2,gasoline,1.5,150,robotic,14000,skoda
Skoda,Superb,2017,95000,1,gasoline,2,280,robotic,115000,skoda
Skoda,Superb,2021,169999,3,plug-in,1.4,218,robotic,49400,skoda
Skoda,Superb,2019,109000,2,gasoline,1.5,150,robotic,65500,skoda
Skoda,Octavia,2019,80000,1,gasoline,1.5,150,robotic,95900,skoda
Skoda,Octavia,2019,94000,1,gasoline,1.5,150,robotic,59000,skoda
Skoda,Kodiaq,2019,78000,1,diesel,2,150,robotic,241000,skoda
Skoda,Octavia Rs,2025,225000,1,gasoline,2,265,automatic,8700,skoda
Skoda,Rapid,2017,27000,3,gasoline,1.2,90,robotic,177000,skoda
Skoda,Octavia,2020,65000,1,gasoline,1.5,150,robotic,110000,skoda
Skoda,Superb,2018,68000,1,gasoline,1.8,180,robotic,205000,skoda
Skoda,Octavia,2015,43000,2,gasoline,1.4,140,robotic,240000,skoda
Skoda,Octavia,2018,55000,2,gasoline,1.8,180,robotic,170000,skoda
Skoda,Octavia,2016,29000,4,gasoline,1.2,110,robotic,210000,skoda
Skoda,Octavia,2014,21000,4,gasoline,1.2,105,robotic,210000,skoda
Skoda,Octavia,2013,13000,3,gasoline,1.2,105,robotic,213000,skoda
Skoda,Octavia,2014,25000,1,gasoline,1.2,105,robotic,260000,skoda
Skoda,Octavia,2017,35000,3,diesel,2,150,robotic,280000,skoda
Skoda,Octavia,2014,31000,3,gasoline,1.2,105,robotic,200000,skoda
Skoda,Octavia,2017,55000,1,gasoline,1.5,150,robotic,156000,skoda
Skoda,Octavia Rs,2022,178000,1,gasoline,2,245,robotic,30000,skoda
Skoda,Enyaq Iv,2023,170000,1,electro,,,automatic,70000,skoda
Skoda,Superb,2015,50000,3,gasoline,1.8,160,robotic,142000,skoda
Skoda,Octavia,2019,50000,4,diesel,2,150,robotic,270000,skoda
Skoda,Kodiaq,2019,90000,3,diesel,2,150,robotic,155000,skoda
Skoda,Octavia,2015,48000,4,gasoline,1.8,180,robotic,198000,skoda
Skoda,Superb,2014,28000,3,gasoline,1.8,160,robotic,145000,skoda
Skoda,Octavia,2012,16000,3,gasoline,1.2,105,robotic,200000,skoda
Skoda,Rapid,2016,20000,3,gasoline,1.2,90,robotic,200000,skoda
Skoda,Yeti,2015,46000,2,gasoline,1.2,105,robotic,130000,skoda
Skoda,Fabia,2012,9000,4,gasoline,1.4,86,manual,223000,skoda
Skoda,Octavia,2016,26000,3,gasoline,1.2,110,robotic,200000,skoda
Skoda,Superb,2013,18000,3,gasoline,1.8,152,automatic,163000,skoda
Skoda,Octavia,2017,35000,2,gasoline,1.2,110,robotic,215000,skoda
Skoda,Octavia,2016,37000,3,gasoline,1.2,110,robotic,172000,skoda
Skoda,Octavia,2021,70000,2,gasoline,1,110,robotic,135000,skoda
Skoda,Octavia,2011,12500,4,gasoline,1.2,105,robotic,238000,skoda
Skoda,Scala,2021,58000,2,gasoline,1,110,robotic,99500,skoda
Skoda,Octavia,2014,31000,3,gasoline,1.2,105,robotic,200000,skoda
Skoda,Octavia,2017,55000,1,gasoline,1.5,150,robotic,156000,skoda
Skoda,Octavia Rs,2022,178000,1,gasoline,2,245,robotic,30000,skoda
Skoda,Enyaq Iv,2023,170000,1,electro,,,automatic,70000,skoda
Skoda,Superb,2015,50000,3,gasoline,1.8,160,robotic,142000,skoda
Skoda,Octavia,2019,50000,4,diesel,2,150,robotic,270000,skoda
Skoda,Kodiaq,2019,90000,3,diesel,2,150,robotic,155000,skoda
Skoda,Octavia,2015,48000,4,gasoline,1.8,180,robotic,198000,skoda
Skoda,Superb,2014,28000,3,gasoline,1.8,160,robotic,145000,skoda
Skoda,Octavia,2012,16000,3,gasoline,1.2,105,robotic,200000,skoda
Skoda,Octavia,2010,13000,3,gasoline,1.2,105,robotic,200000,skoda
Skoda,Superb,2020,95500,1,gasoline,1.5,150,robotic,119000,skoda
Skoda,Octavia,2021,60800,3,diesel,2,150,robotic,278000,skoda
Skoda,Octavia,2015,34000,4,gasoline,1.2,105,robotic,188000,skoda
Skoda,Octavia,2021,93000,2,gasoline,1,110,robotic,66000,skoda
Skoda,Rapid,2015,20000,2,diesel,1.6,90,manual,620000,skoda
Skoda,Superb,2021,110000,4,gasoline,1.5,150,robotic,91000,skoda
Skoda,Rapid,2014,21000,3,gasoline,1.4,122,robotic,189000,skoda
Skoda,Rapid,2015,25000,2,diesel,1.6,90,automatic,218000,skoda
Skoda,Octavia,2017,40000,2,gasoline,1.2,110,robotic,180000,skoda
Skoda,Kodiaq,2021,155000,1,gasoline,2,190,robotic,71000,skoda
Skoda,Octavia,2012,19000,3,gasoline,1.4,122,robotic,124000,skoda
Skoda,Octavia,2010,13000,3,gasoline,1.2,105,robotic,200000,skoda
Skoda,Superb,2020,95500,1,gasoline,1.5,150,robotic,119000,skoda
Skoda,Octavia,2021,60800,3,diesel,2,150,robotic,278000,skoda
Skoda,Octavia,2015,34000,4,gasoline,1.2,105,robotic,188000,skoda
Skoda,Octavia,2021,93000,2,gasoline,1,110,robotic,66000,skoda
Skoda,Rapid,2015,20000,2,diesel,1.6,90,manual,620000,skoda
Skoda,Superb,2021,110000,4,gasoline,1.5,150,robotic,91000,skoda
Skoda,Rapid,2014,21000,3,gasoline,1.4,122,robotic,189000,skoda
Skoda,Rapid,2015,25000,2,diesel,1.6,90,automatic,218000,skoda
Skoda,Octavia,2017,40000,2,gasoline,1.2,110,robotic,180000,skoda
Skoda,Octavia,2017,39000,1,gasoline,1,116,robotic,175000,skoda
Skoda,Octavia,2015,34000,3,gasoline,1.4,140,robotic,216000,skoda
Skoda,Octavia,2015,35000,3,gasoline,1.2,105,robotic,200000,skoda
Skoda,Karoq,2018,80000,3,gasoline,1,115,robotic,85000,skoda
Skoda,Octavia,2016,35000,1,gasoline,1.4,150,robotic,270000,skoda
Skoda,Octavia,2019,78000,1,gasoline,1.5,150,robotic,160000,skoda
Skoda,Kodiaq,2020,106000,1,gasoline,1.5,150,robotic,74000,skoda
Skoda,Kodiaq,2020,120000,2,gasoline,1.5,150,robotic,97200,skoda
Skoda,Octavia Rs,2022,178000,1,gasoline,2,245,robotic,30000,skoda
Skoda,Enyaq Iv,2023,170000,1,electro,,,automatic,70000,skoda
Skoda,Superb,2015,50000,3,gasoline,1.8,160,robotic,142000,skoda
Skoda,Octavia,2019,50000,4,diesel,2,150,robotic,270000,skoda
Skoda,Kodiaq,2019,90000,3,diesel,2,150,robotic,155000,skoda
Skoda,Octavia,2015,48000,4,gasoline,1.8,180,robotic,198000,skoda
Skoda,Superb,2014,28000,3,gasoline,1.8,160,robotic,145000,skoda
Skoda,Octavia,2012,16000,3,gasoline,1.2,105,robotic,200000,skoda
Skoda,Octavia,2019,95000,3,gasoline,2,190,robotic,99500,skoda
Skoda,Superb,2019,49000,2,diesel,2,150,robotic,438000,skoda
Skoda,Octavia,2019,95000,3,gasoline,2,190,robotic,99500,skoda
Skoda,Superb,2019,49000,2,diesel,2,150,robotic,438000,skoda
Skoda,Octavia,2016,40000,3,gasoline,1.8,180,robotic,226484,skoda
Skoda,Kodiaq,2018,90000,2,gasoline,1.4,150,robotic,166000,skoda
Skoda,Octavia,2017,54000,3,gasoline,1,115,robotic,197000,skoda
Skoda,Octavia,2014,34000,1,gasoline,1.4,140,robotic,222000,skoda
Skoda,Rapid,2015,22000,4,gasoline,1.4,125,robotic,220000,skoda
Skoda,Kodiaq,2017,70000,2,gasoline,1.5,150,robotic,325000,skoda
Skoda,Octavia,2015,32000,2,gasoline,1.2,105,robotic,243000,skoda
Skoda,Octavia,2016,33000,3,gasoline,1.2,110,robotic,278000,skoda
Skoda,Superb,2012,25000,3,gasoline,2,200,robotic,190000,skoda
Skoda,Scala,2021,68000,2,gasoline,1,115,robotic,68000,skoda
Skoda,Fabia,2018,34000,4,gasoline,1,95,manual,149000,skoda
Skoda,Octavia,2016,43000,3,gasoline,1.8,180,robotic,160000,skoda
Skoda,Octavia,2017,49000,2,gasoline,1.2,110,robotic,116000,skoda
Skoda,Kodiaq,2020,98500,2,gasoline,1.5,150,robotic,144000,skoda
Skoda,Octavia,2019,79000,2,gasoline,1.5,150,robotic,127000,skoda
Skoda,Octavia,2016,35000,4,gasoline,1.8,180,robotic,206000,skoda
Skoda,Kodiaq,2018,99999,1,diesel,2,150,robotic,155000,skoda
Skoda,Octavia,2019,100000,1,gasoline,1.5,150,robotic,123000,skoda
Skoda,Octavia,2010,13000,3,gasoline,1.2,105,robotic,200000,skoda
Skoda,Superb,2020,95500,1,gasoline,1.5,150,robotic,119000,skoda
Skoda,Octavia,2021,60800,3,diesel,2,150,robotic,278000,skoda
Skoda,Octavia,2015,34000,4,gasoline,1.2,105,robotic,188000,skoda
Skoda,Octavia,2021,93000,2,gasoline,1,110,robotic,66000,skoda
Skoda,Rapid,2015,20000,2,diesel,1.6,90,manual,620000,skoda
Skoda,Superb,2021,110000,4,gasoline,1.5,150,robotic,91000,skoda
Skoda,Rapid,2014,21000,3,gasoline,1.4,122,robotic,189000,skoda
Skoda,Rapid,2015,25000,2,diesel,1.6,90,automatic,218000,skoda
Skoda,Octavia,2017,40000,2,gasoline,1.2,110,robotic,180000,skoda
Skoda,Octavia,2016,55000,1,gasoline,1.4,150,robotic,160000,skoda
Skoda,Superb,2019,120000,2,diesel,2,190,robotic,175000,skoda
Skoda,Octavia,2016,45000,3,gasoline,1.2,110,robotic,156000,skoda
Skoda,Octavia,2011,14000,4,gasoline,1.2,105,robotic,335888,skoda
Skoda,Octavia,2016,49000,1,gasoline,1.2,110,robotic,127000,skoda
Skoda,Octavia,2023,175000,1,plug-in,1.4,204,robotic,11500,skoda
Skoda,Octavia Rs,2014,75000,2,gasoline,2,220,robotic,150000,skoda
Skoda,Octavia Rs,2017,83500,2,gasoline,2,220,robotic,120950,skoda
Skoda,Fabia,2013,22000,4,gasoline,1.4,86,manual,156000,skoda
Skoda,Roomster,2013,15000,2,gasoline,1.2,105,robotic,253000,skoda
Skoda,Octavia,2018,74000,2,gasoline,1.5,150,robotic,170000,skoda
Skoda,Octavia,2020,80000,2,gasoline,1.5,150,robotic,111640,skoda
Skoda,Enyaq Iv,2023,195000,1,electro,,,automatic,26000,skoda
Skoda,Kodiaq,2018,110000,1,gasoline,1.4,150,robotic,98000,skoda
Skoda,Octavia,2021,85000,2,gasoline,1,110,robotic,132000,skoda
Skoda,Octavia,2017,33000,3,diesel,2,150,robotic,390000,skoda
Skoda,Octavia,2011,19000,3,gasoline,1.2,105,robotic,262100,skoda
Skoda,Octavia,2016,48000,4,gasoline,1.2,110,robotic,159000,skoda
Skoda,Fabia,2010,17000,2,gasoline,1.6,105,automatic,284748,skoda
Skoda,Octavia,2019,95000,2,gasoline,1.5,150,robotic,84000,skoda
Skoda,Octavia,2017,39000,1,gasoline,1,116,robotic,175000,skoda
Skoda,Octavia,2015,34000,3,gasoline,1.4,140,robotic,216000,skoda
Skoda,Octavia,2015,35000,3,gasoline,1.2,105,robotic,200000,skoda
Skoda,Karoq,2018,80000,3,gasoline,1,115,robotic,85000,skoda
Skoda,Octavia,2016,35000,1,gasoline,1.4,150,robotic,270000,skoda
Skoda,Octavia,2019,78000,1,gasoline,1.5,150,robotic,160000,skoda
Skoda,Kodiaq,2020,106000,1,gasoline,1.5,150,robotic,74000,skoda
Skoda,Kodiaq,2020,120000,2,gasoline,1.5,150,robotic,97200,skoda
Skoda,Octavia,2019,95000,3,gasoline,2,190,robotic,99500,skoda
Skoda,Superb,2019,49000,2,diesel,2,150,robotic,438000,skoda
Skoda,Karoq,2021,110000,1,gasoline,1.5,150,robotic,78000,skoda
Skoda,Fabia,2008,9900,4,gasoline,1.6,105,automatic,255101,skoda
Skoda,Kodiaq,2019,116000,3,diesel,2,150,robotic,127000,skoda
Skoda,Octavia,2012,28000,4,gasoline,1.4,122,robotic,185000,skoda
Skoda,Octavia,2020,87000,2,gasoline,1.5,150,manual,135000,skoda
Skoda,Superb,2022,219000,1,plug-in,1.4,218,robotic,63000,skoda
Skoda,Octavia,2014,38000,2,gasoline,1.4,140,robotic,180000,skoda
Skoda,Superb,2009,16000,1,gasoline,1.8,160,robotic,250000,skoda
Skoda,Octavia,2014,40000,2,gasoline,1.2,105,robotic,170000,skoda
Skoda,Rapid,2014,27000,1,gasoline,1.4,122,robotic,180000,skoda
Skoda,Superb,2023,265000,1,gasoline,2,280,robotic,19000,skoda
Skoda,Kodiaq,2019,110000,2,gasoline,1.4,150,robotic,94000,skoda
Skoda,Superb,2018,120000,4,gasoline,2,280,robotic,100000,skoda
Skoda,Octavia,2017,55000,1,diesel,2,150,robotic,199883,skoda
Skoda,Kodiaq,2019,79555,2,gasoline,1.5,150,robotic,180000,skoda
Skoda,Fabia,2012,16500,4,gasoline,1.4,86,manual,211000,skoda
Skoda,Octavia,2018,56000,4,gasoline,1.4,150,robotic,140000,skoda
Skoda,Superb,2012,33375,2,gasoline,1.8,160,robotic,113000,skoda
Skoda,Octavia,2013,32000,4,gasoline,1.4,140,robotic,178000,skoda
Skoda,Superb,2016,73900,4,gasoline,2,220,robotic,196000,skoda
Skoda,Octavia,2016,40000,3,gasoline,1.8,180,robotic,226484,skoda
Skoda,Kodiaq,2018,90000,2,gasoline,1.4,150,robotic,166000,skoda
Skoda,Octavia,2017,54000,3,gasoline,1,115,robotic,197000,skoda
Skoda,Octavia,2014,34000,1,gasoline,1.4,140,robotic,222000,skoda
Skoda,Rapid,2015,22000,4,gasoline,1.4,125,robotic,220000,skoda
Skoda,Kodiaq,2017,70000,2,gasoline,1.5,150,robotic,325000,skoda
Skoda,Octavia,2015,32000,2,gasoline,1.2,105,robotic,243000,skoda
Skoda,Octavia,2016,33000,3,gasoline,1.2,110,robotic,278000,skoda
Skoda,Superb,2012,25000,3,gasoline,2,200,robotic,190000,skoda
Skoda,Scala,2021,68000,2,gasoline,1,115,robotic,68000,skoda
Skoda,Octavia,2018,51000,2,diesel,2,150,robotic,337000,skoda
Skoda,Kodiaq,2022,145000,1,gasoline,1.5,150,robotic,75000,skoda
Skoda,Octavia,2012,25500,2,gasoline,1.4,122,robotic,135000,skoda
Skoda,Kodiaq,2019,93200,3,diesel,2,150,robotic,180000,skoda
Skoda,Kodiaq,2017,102000,1,gasoline,2,180,robotic,112100,skoda
Skoda,Octavia,2011,20000,2,gasoline,1.2,105,robotic,189400,skoda
Skoda,Superb,2020,113000,2,gasoline,1.5,150,robotic,90000,skoda
Skoda,Karoq,2019,92000,1,gasoline,1.5,150,robotic,140000,skoda
Skoda,Rapid,2015,35000,2,gasoline,1.4,122,robotic,150000,skoda
Skoda,Superb,2019,116000,1,gasoline,1.5,150,robotic,117500,skoda
Skoda,Octavia,2017,53000,3,gasoline,1.4,150,robotic,112000,skoda
Skoda,Kodiaq,2020,134000,1,diesel,2,150,robotic,94000,skoda
Skoda,Kamiq,2020,94000,1,gasoline,1.5,150,robotic,60000,skoda
Skoda,Rapid,2013,22000,2,gasoline,1.4,122,robotic,220000,skoda
Skoda,Octavia,2015,41000,3,gasoline,1.2,105,robotic,174000,skoda
Skoda,Octavia,2011,22000,2,gasoline,1.2,105,robotic,159000,skoda
Skoda,Octavia,2016,30000,2,gasoline,1.2,110,robotic,130000,skoda
Skoda,Kodiaq,2022,187000,2,diesel,2,200,robotic,66000,skoda
Skoda,Octavia,2011,20000,3,gasoline,1.2,105,robotic,280000,skoda
Skoda,Octavia,2017,57000,3,gasoline,1,115,robotic,131000,skoda
Skoda,Fabia,2018,34000,4,gasoline,1,95,manual,149000,skoda
Skoda,Octavia,2016,43000,3,gasoline,1.8,180,robotic,160000,skoda
Skoda,Octavia,2017,49000,2,gasoline,1.2,110,robotic,116000,skoda
Skoda,Kodiaq,2020,98500,2,gasoline,1.5,150,robotic,144000,skoda
Skoda,Octavia,2019,79000,2,gasoline,1.5,150,robotic,127000,skoda
Skoda,Octavia,2016,35000,4,gasoline,1.8,180,robotic,206000,skoda
Skoda,Kodiaq,2018,99999,1,diesel,2,150,robotic,155000,skoda
Skoda,Octavia,2019,100000,1,gasoline,1.5,150,robotic,123000,skoda
Skoda,Octavia,2016,55000,1,gasoline,1.4,150,robotic,160000,skoda
Skoda,Superb,2019,120000,2,diesel,2,190,robotic,175000,skoda
Skoda,Superb,2020,105500,2,gasoline,1.5,150,robotic,84000,skoda
Skoda,Octavia,2020,105000,2,gasoline,1.5,150,robotic,101000,skoda
Skoda,Karoq,2019,93500,2,gasoline,1.5,150,robotic,115000,skoda
Skoda,Kodiaq,2020,160000,1,gasoline,1.5,150,robotic,41000,skoda
Skoda,Superb,2012,35000,2,gasoline,2,200,robotic,159000,skoda
Skoda,Octavia,2015,41000,3,gasoline,1.2,110,robotic,149000,skoda
Skoda,Octavia,2011,20000,3,gasoline,1.2,105,robotic,260000,skoda
Skoda,Karoq,2018,93000,2,gasoline,1.5,150,robotic,88000,skoda
Skoda,Kodiaq,2018,95000,1,gasoline,1.4,150,robotic,107000,skoda
Skoda,Superb,2016,90000,3,gasoline,2,280,robotic,155000,skoda
Skoda,Rapid,2017,27000,3,gasoline,1.2,90,robotic,160000,skoda
Skoda,Fabia,2012,11000,3,gasoline,1.4,86,manual,260000,skoda
Skoda,Superb,2010,19900,4,gasoline,1.8,160,robotic,230000,skoda
Skoda,Octavia,2015,40000,3,gasoline,1.2,105,robotic,144200,skoda
Skoda,Superb,2019,98000,2,gasoline,1.4,150,robotic,170000,skoda
Skoda,Octavia,2016,46000,2,gasoline,1.2,110,robotic,161000,skoda
Skoda,Octavia,2022,125000,2,gasoline,1.5,150,robotic,48000,skoda
Skoda,Roomster,2008,8300,4,gasoline,1.6,105,automatic,177417,skoda
Skoda,Octavia,2015,42000,4,gasoline,1.2,110,robotic,190000,skoda
Skoda,Octavia,2019,55000,1,gasoline,1.5,150,robotic,180000,skoda
Skoda,Octavia,2016,45000,3,gasoline,1.2,110,robotic,156000,skoda
Skoda,Octavia,2011,14000,4,gasoline,1.2,105,robotic,335888,skoda
Skoda,Octavia,2016,49000,1,gasoline,1.2,110,robotic,127000,skoda
Skoda,Octavia,2023,175000,1,plug-in,1.4,204,robotic,11500,skoda
Skoda,Octavia Rs,2014,75000,2,gasoline,2,220,robotic,150000,skoda
Skoda,Octavia Rs,2017,83500,2,gasoline,2,220,robotic,120950,skoda
Skoda,Fabia,2013,22000,4,gasoline,1.4,86,manual,156000,skoda
Skoda,Roomster,2013,15000,2,gasoline,1.2,105,robotic,253000,skoda
Skoda,Octavia,2018,74000,2,gasoline,1.5,150,robotic,170000,skoda
Skoda,Octavia,2020,80000,2,gasoline,1.5,150,robotic,111640,skoda
Skoda,Kodiaq,2019,123000,1,diesel,2,150,robotic,87500,skoda
Skoda,Octavia,2022,157000,1,gasoline,1.5,150,robotic,5000,skoda
Skoda,Kodiaq,2020,168000,1,diesel,2,190,robotic,50000,skoda
Skoda,Octavia,2021,110000,1,gasoline,1.5,150,robotic,113000,skoda
Skoda,Rapid,2016,42000,2,gasoline,1.4,125,robotic,153000,skoda
Skoda,Kodiaq,2020,128000,2,gasoline,1.5,150,robotic,70000,skoda
Skoda,Superb,2021,150000,1,gasoline,1.5,150,robotic,150000,skoda
Skoda,Yeti,2012,25000,2,gasoline,1.2,105,robotic,162000,skoda
Skoda,Superb,2017,62000,3,gasoline,1.4,150,robotic,250000,skoda
Skoda,Karoq,2018,76000,2,gasoline,1.5,150,robotic,128000,skoda
Skoda,Fabia,2023,110000,1,gasoline,1,110,robotic,35000,skoda
Skoda,Rapid,2015,30000,2,gasoline,1.4,122,robotic,180000,skoda
Skoda,Kodiaq,2020,129000,1,diesel,2,150,robotic,56900,skoda
Skoda,Octavia,2015,37000,2,gasoline,1.8,180,robotic,172000,skoda
Skoda,Karoq,2018,75000,2,gasoline,1.5,150,robotic,155000,skoda
Skoda,Rapid,2018,38000,1,gasoline,1,95,robotic,185000,skoda
Skoda,Octavia,2017,52000,2,gasoline,1,115,robotic,99000,skoda
Skoda,Superb,2022,200000,3,plug-in,1.4,218,robotic,42000,skoda
Skoda,Superb,2020,105000,2,gasoline,1.5,150,robotic,65000,skoda
Skoda,Octavia,2015,35000,2,gasoline,1.2,105,robotic,198000,skoda
Skoda,Enyaq Iv,2023,195000,1,electro,,,automatic,26000,skoda
Skoda,Kodiaq,2018,110000,1,gasoline,1.4,150,robotic,98000,skoda
Skoda,Octavia,2021,85000,2,gasoline,1,110,robotic,132000,skoda
Skoda,Octavia,2017,33000,3,diesel,2,150,robotic,390000,skoda
Skoda,Octavia,2011,19000,3,gasoline,1.2,105,robotic,262100,skoda
Skoda,Octavia,2016,48000,4,gasoline,1.2,110,robotic,159000,skoda
Skoda,Fabia,2010,17000,2,gasoline,1.6,105,automatic,284748,skoda
Skoda,Octavia,2019,95000,2,gasoline,1.5,150,robotic,84000,skoda
Skoda,Karoq,2021,110000,1,gasoline,1.5,150,robotic,78000,skoda
Skoda,Fabia,2008,9900,4,gasoline,1.6,105,automatic,255101,skoda
Skoda,Octavia,2016,48000,2,gasoline,1.4,150,robotic,188000,skoda
Skoda,Superb,2019,80000,2,gasoline,1.5,150,robotic,182000,skoda
Skoda,Superb,2020,112000,2,gasoline,1.5,150,robotic,69000,skoda
Skoda,Octavia,2013,36000,1,gasoline,1.2,105,robotic,230000,skoda
Skoda,Octavia,2019,74000,2,gasoline,1.5,150,robotic,178000,skoda
Skoda,Octavia,2012,20000,3,gasoline,1.2,105,manual,223000,skoda
Skoda,Octavia,2019,66000,2,gasoline,1.5,150,robotic,190000,skoda
Skoda,Octavia,2019,31000,1,diesel,2,150,manual,339000,skoda
Skoda,Octavia,2019,20000,1,diesel,2,150,robotic,355000,skoda
Skoda,Rapid,2016,30000,4,gasoline,1.2,90,robotic,214000,skoda
Skoda,Octavia,2012,21000,2,gasoline,1.2,105,robotic,230000,skoda
Skoda,Rapid,2014,25000,3,gasoline,1.4,122,robotic,229000,skoda
Skoda,Octavia,2019,69000,2,gasoline,1,115,robotic,157000,skoda
Skoda,Octavia,2016,35000,2,gasoline,1.4,150,robotic,430000,skoda
Skoda,Superb,2022,122000,3,gasoline,1.5,150,robotic,61500,skoda
Skoda,Octavia,2021,124000,1,gasoline,1.5,150,robotic,47500,skoda
Skoda,Octavia,2015,45000,2,gasoline,1.2,105,robotic,188500,skoda
Skoda,Fabia,2009,15500,4,gasoline,1.6,105,automatic,167000,skoda
Skoda,Scala,2020,58500,3,gasoline,1,115,robotic,132000,skoda
Skoda,Rapid,2017,40000,2,gasoline,1.2,90,robotic,180000,skoda
Skoda,Kodiaq,2019,116000,3,diesel,2,150,robotic,127000,skoda
Skoda,Octavia,2012,28000,4,gasoline,1.4,122,robotic,185000,skoda
Skoda,Octavia,2020,87000,2,gasoline,1.5,150,manual,135000,skoda
Skoda,Superb,2022,219000,1,plug-in,1.4,218,robotic,63000,skoda
Skoda,Octavia,2014,38000,2,gasoline,1.4,140,robotic,180000,skoda
Skoda,Superb,2009,16000,1,gasoline,1.8,160,robotic,250000,skoda
Skoda,Octavia,2014,40000,2,gasoline,1.2,105,robotic,170000,skoda
Skoda,Rapid,2014,27000,1,gasoline,1.4,122,robotic,180000,skoda
Skoda,Superb,2023,265000,1,gasoline,2,280,robotic,19000,skoda
Skoda,Kodiaq,2019,110000,2,gasoline,1.4,150,robotic,94000,skoda
Skoda,Enyaq Iv,2022,200000,2,electro,,,automatic,35000,skoda
Skoda,Kodiaq,2021,120000,3,gasoline,1.5,150,robotic,131000,skoda
Skoda,Octavia,2013,29000,4,gasoline,1.2,105,robotic,167000,skoda
Skoda,Superb,2020,135000,1,gasoline,1.5,150,robotic,72000,skoda
Skoda,Rapid,2016,27000,1,gasoline,1.2,90,robotic,189000,skoda
Skoda,Kodiaq,2017,111000,2,diesel,2,150,robotic,158000,skoda
Skoda,Superb,2019,92000,4,gasoline,1.5,150,robotic,167000,skoda
Skoda,Octavia,2019,76000,2,gasoline,1,115,robotic,74800,skoda
Skoda,Kodiaq,2020,149000,1,gasoline,2,190,robotic,75000,skoda
Skoda,Kodiaq,2020,155000,1,diesel,2,190,robotic,63000,skoda
Skoda,Kodiaq,2021,170000,1,gasoline,2,190,robotic,60000,skoda
Skoda,Octavia,2017,51000,2,gasoline,1.2,110,robotic,200000,skoda
Skoda,Superb,2020,150000,1,gasoline,1.5,150,robotic,26000,skoda
Skoda,Superb,2013,29000,3,gasoline,1.8,160,robotic,215000,skoda
Skoda,Kodiaq,2019,103000,1,diesel,2,150,robotic,187000,skoda
Skoda,Rapid,2013,20000,2,gasoline,1.4,122,robotic,168000,skoda
Skoda,Kodiaq,2020,135000,2,gasoline,1.5,150,robotic,100000,skoda
Skoda,Kodiaq,2018,120000,1,gasoline,1.4,150,robotic,30000,skoda
Skoda,Superb,2019,140000,1,gasoline,2,272,robotic,155000,skoda
Skoda,Kodiaq,2018,99000,2,gasoline,1.4,150,robotic,209000,skoda
Skoda,Superb,2018,120000,4,gasoline,2,280,robotic,100000,skoda
Skoda,Octavia,2017,55000,1,diesel,2,150,robotic,199883,skoda
Skoda,Kodiaq,2019,79555,2,gasoline,1.5,150,robotic,180000,skoda
Skoda,Fabia,2012,16500,4,gasoline,1.4,86,manual,211000,skoda
Skoda,Octavia,2018,56000,4,gasoline,1.4,150,robotic,140000,skoda
Skoda,Superb,2012,33375,2,gasoline,1.8,160,robotic,113000,skoda
Skoda,Octavia,2013,32000,4,gasoline,1.4,140,robotic,178000,skoda
Skoda,Superb,2016,73900,4,gasoline,2,220,robotic,196000,skoda
Skoda,Octavia,2018,51000,2,diesel,2,150,robotic,337000,skoda
Skoda,Kodiaq,2022,145000,1,gasoline,1.5,150,robotic,75000,skoda
Skoda,Enyaq Iv,2022,228000,1,electro,,,automatic,13800,skoda
Skoda,Octavia,2015,40000,3,gasoline,1.4,140,robotic,180000,skoda
Skoda,Octavia,2015,41000,2,gasoline,1.4,140,robotic,185000,skoda
Skoda,Kodiaq,2019,125000,1,diesel,2,150,robotic,99000,skoda
Skoda,Octavia,2018,57000,2,gasoline,1,115,robotic,108000,skoda
Skoda,Kodiaq,2020,160000,1,gasoline,2,190,robotic,40000,skoda
Skoda,Octavia,2011,15000,4,gasoline,1.2,105,robotic,201900,skoda
Skoda,Scala,2021,78000,1,gasoline,1,110,robotic,81150,skoda
Skoda,Octavia,2017,41000,2,diesel,2,150,robotic,260000,skoda
Skoda,Superb,2018,143000,1,gasoline,2,280,robotic,125000,skoda
Skoda,Roomster,2009,15000,1,gasoline,1.6,105,automatic,105000,skoda
Skoda,Octavia,2015,37000,2,gasoline,1.2,105,robotic,205000,skoda
Skoda,Octavia,2014,42000,3,gasoline,1.2,105,robotic,135000,skoda
Skoda,Octavia,2014,38000,3,gasoline,1.4,140,robotic,171000,skoda
Skoda,Octavia,2012,26000,4,gasoline,1.8,160,robotic,172000,skoda
Skoda,Superb,2013,35000,4,gasoline,2,200,robotic,205000,skoda
Skoda,Octavia,2015,47000,3,gasoline,1.2,105,robotic,180000,skoda
Skoda,Superb,2019,150000,2,gasoline,2,272,robotic,107000,skoda
Skoda,Superb,2019,105000,2,gasoline,1.5,150,robotic,84000,skoda
Skoda,Superb,2022,215000,1,plug-in,1.4,218,robotic,50000,skoda
Skoda,Octavia,2012,25500,2,gasoline,1.4,122,robotic,135000,skoda
Skoda,Kodiaq,2019,93200,3,diesel,2,150,robotic,180000,skoda
Skoda,Kodiaq,2017,102000,1,gasoline,2,180,robotic,112100,skoda
Skoda,Octavia,2011,20000,2,gasoline,1.2,105,robotic,189400,skoda
Skoda,Superb,2020,113000,2,gasoline,1.5,150,robotic,90000,skoda
Skoda,Karoq,2019,92000,1,gasoline,1.5,150,robotic,140000,skoda
Skoda,Rapid,2015,35000,2,gasoline,1.4,122,robotic,150000,skoda
Skoda,Superb,2019,116000,1,gasoline,1.5,150,robotic,117500,skoda
Skoda,Octavia,2017,53000,3,gasoline,1.4,150,robotic,112000,skoda
Skoda,Kodiaq,2020,134000,1,diesel,2,150,robotic,94000,skoda
Skoda,Octavia,2015,35000,2,diesel,2,150,robotic,500000,skoda
Skoda,Octavia,2016,50000,2,gasoline,1.2,110,robotic,185000,skoda
Skoda,Octavia,2015,50000,4,gasoline,1.2,105,robotic,150000,skoda
Skoda,Rapid,2016,39000,2,gasoline,1.2,90,robotic,144500,skoda
Skoda,Octavia,2015,22000,3,diesel,1.6,105,manual,538000,skoda
Skoda,Superb,2022,275000,2,plug-in,1.4,218,robotic,26000,skoda
Skoda,Superb,2022,240000,1,plug-in,1.4,218,robotic,30000,skoda
Skoda,Rapid,2016,27000,1,gasoline,1.2,90,robotic,212000,skoda
Skoda,Octavia,2019,75000,1,gasoline,1,115,robotic,102000,skoda
Skoda,Octavia,2019,68000,1,gasoline,1,115,robotic,132000,skoda
Skoda,Octavia,2019,60000,2,gasoline,1,115,robotic,108000,skoda
Skoda,Karoq,2018,84000,2,gasoline,1.5,150,robotic,120000,skoda
Skoda,Superb,2013,52000,3,gasoline,2,200,robotic,198000,skoda
Skoda,Superb,2019,199000,1,gasoline,2,272,robotic,70000,skoda
Skoda,Superb,2023,223000,1,plug-in,1.4,218,robotic,21000,skoda
Skoda,Fabia,2010,14900,2,gasoline,1.2,105,robotic,242600,skoda
Skoda,Octavia,2018,52000,2,gasoline,1,115,robotic,175000,skoda
Skoda,Octavia,2017,45000,2,gasoline,1.4,150,robotic,225848,skoda
Skoda,Rapid,2019,42000,2,gasoline,1,110,robotic,190000,skoda
Skoda,Superb,2013,32000,2,gasoline,1.8,152,automatic,186000,skoda
Skoda,Kamiq,2020,94000,1,gasoline,1.5,150,robotic,60000,skoda
Skoda,Rapid,2013,22000,2,gasoline,1.4,122,robotic,220000,skoda
Skoda,Octavia,2015,41000,3,gasoline,1.2,105,robotic,174000,skoda
Skoda,Octavia,2011,22000,2,gasoline,1.2,105,robotic,159000,skoda
Skoda,Octavia,2016,30000,2,gasoline,1.2,110,robotic,130000,skoda
Skoda,Kodiaq,2022,187000,2,diesel,2,200,robotic,66000,skoda
Skoda,Octavia,2011,20000,3,gasoline,1.2,105,robotic,280000,skoda
Skoda,Octavia,2017,57000,3,gasoline,1,115,robotic,131000,skoda
Skoda,Superb,2020,105500,2,gasoline,1.5,150,robotic,84000,skoda
Skoda,Octavia,2020,105000,2,gasoline,1.5,150,robotic,101000,skoda
Skoda,Octavia,2018,67000,2,gasoline,1.4,150,robotic,105000,skoda
Skoda,Octavia,2016,55000,3,gasoline,1.2,110,robotic,105000,skoda
Skoda,Citigo,2016,22000,2,gasoline,1,60,manual,105000,skoda
Skoda,Octavia,2019,75000,2,gasoline,1,115,robotic,144000,skoda
Skoda,Fabia,2015,54000,1,gasoline,1.2,110,robotic,138000,skoda
Skoda,Octavia,2012,15000,3,gasoline,1.2,105,robotic,314589,skoda
Skoda,Octavia,2016,56000,1,gasoline,1.4,150,robotic,131000,skoda
Skoda,Octavia,2023,160000,1,gasoline,1.5,150,robotic,10000,skoda
Skoda,Superb,2021,250000,1,gasoline,2,280,robotic,80000,skoda
Skoda,Octavia,2022,125000,1,gasoline,1,110,robotic,48500,skoda
Skoda,Superb,2021,144000,2,gasoline,1.5,150,robotic,67000,skoda
Skoda,Fabia,2011,11000,4,gasoline,1.4,86,manual,250000,skoda
Skoda,Fabia,2011,19000,2,gasoline,1.2,105,robotic,189000,skoda
Skoda,Fabia,2011,14000,3,gasoline,1.4,86,manual,163000,skoda
Skoda,Superb,2015,52000,3,gasoline,1.4,150,robotic,170000,skoda
Skoda,Superb,2012,25000,2,gasoline,1.8,160,robotic,314000,skoda
Skoda,Octavia,2016,45000,2,gasoline,1.4,150,robotic,202000,skoda
Skoda,Kodiaq,2017,93000,1,gasoline,1.5,150,robotic,125000,skoda
Skoda,Octavia,2012,26500,3,gasoline,1.2,105,robotic,210000,skoda
Skoda,Karoq,2019,97000,1,gasoline,1.5,150,robotic,56000,skoda
Skoda,Karoq,2019,93500,2,gasoline,1.5,150,robotic,115000,skoda
Skoda,Kodiaq,2020,160000,1,gasoline,1.5,150,robotic,41000,skoda
Skoda,Superb,2012,35000,2,gasoline,2,200,robotic,159000,skoda
Skoda,Octavia,2015,41000,3,gasoline,1.2,110,robotic,149000,skoda
Skoda,Octavia,2011,20000,3,gasoline,1.2,105,robotic,260000,skoda
Skoda,Karoq,2018,93000,2,gasoline,1.5,150,robotic,88000,skoda
Skoda,Kodiaq,2018,95000,1,gasoline,1.4,150,robotic,107000,skoda
Skoda,Superb,2016,90000,3,gasoline,2,280,robotic,155000,skoda
Skoda,Rapid,2017,27000,3,gasoline,1.2,90,robotic,160000,skoda
Skoda,Fabia,2012,11000,3,gasoline,1.4,86,manual,260000,skoda
Skoda,Superb,2020,115000,2,gasoline,1.5,150,robotic,25000,skoda
Skoda,Superb,2017,105000,4,gasoline,2,280,robotic,150000,skoda
Skoda,Superb,2019,126000,2,gasoline,1.5,150,robotic,177000,skoda
Skoda,Rapid,2016,29500,2,gasoline,1.4,125,robotic,210000,skoda
Skoda,Rapid,2016,26500,3,gasoline,1.2,90,robotic,192000,skoda
Skoda,Octavia,2018,67000,2,gasoline,1,115,robotic,100000,skoda
Skoda,Kodiaq,2021,165000,1,gasoline,1.5,150,robotic,33000,skoda
Skoda,Kodiaq,2021,130000,2,gasoline,1.5,150,robotic,47000,skoda
Skoda,Citigo,2014,12400,2,gasoline,1,75,robotic,180000,skoda
Skoda,Octavia,2019,77000,2,gasoline,1.5,150,robotic,160000,skoda
Skoda,Superb,2020,157000,1,gasoline,2,190,robotic,84000,skoda
Skoda,Fabia,2018,59000,2,gasoline,1,110,robotic,82000,skoda
Skoda,Superb,2018,90000,3,gasoline,1.8,180,robotic,128000,skoda
Skoda,Karoq,2020,105000,1,gasoline,1.5,150,robotic,73000,skoda
Skoda,Superb,2018,67000,2,gasoline,1.4,150,robotic,230000,skoda
Skoda,Rapid,2017,34000,3,gasoline,1.2,90,robotic,166000,skoda
Skoda,Yeti,2014,33000,2,gasoline,1.2,105,robotic,196000,skoda
Skoda,Kodiaq,2022,220000,2,diesel,2,200,robotic,45000,skoda
Skoda,Kamiq,2022,108000,1,gasoline,1,110,robotic,30000,skoda
Skoda,Octavia,2017,61000,4,gasoline,1.8,180,robotic,137000,skoda
Skoda,Superb,2010,19900,4,gasoline,1.8,160,robotic,230000,skoda
Skoda,Octavia,2015,40000,3,gasoline,1.2,105,robotic,144200,skoda
Skoda,Superb,2019,98000,2,gasoline,1.4,150,robotic,170000,skoda
Skoda,Octavia,2016,46000,2,gasoline,1.2,110,robotic,161000,skoda
Skoda,Octavia,2022,125000,2,gasoline,1.5,150,robotic,48000,skoda
Skoda,Roomster,2008,8300,4,gasoline,1.6,105,automatic,177417,skoda
Skoda,Octavia,2015,42000,4,gasoline,1.2,110,robotic,190000,skoda
Skoda,Octavia,2019,55000,1,gasoline,1.5,150,robotic,180000,skoda
Skoda,Kodiaq,2019,123000,1,diesel,2,150,robotic,87500,skoda
Skoda,Octavia,2022,157000,1,gasoline,1.5,150,robotic,5000,skoda
Skoda,Octavia,2011,30000,3,gasoline,1.2,105,robotic,150000,skoda
Skoda,Octavia,2016,52000,2,gasoline,1.2,110,robotic,162000,skoda
Skoda,Octavia,2017,55000,4,gasoline,1.2,110,robotic,170000,skoda
Skoda,Yeti,2013,26000,2,gasoline,1.2,105,robotic,156000,skoda
Skoda,Octavia Rs,2019,120000,2,gasoline,2,245,robotic,159000,skoda
Skoda,Octavia,2015,35000,2,gasoline,1.2,110,robotic,140000,skoda
Skoda,Octavia Rs,2023,194999,2,gasoline,2,245,robotic,38000,skoda
Skoda,Superb,2011,15000,2,gasoline,1.8,160,robotic,220000,skoda
Skoda,Octavia,2019,68000,2,gasoline,1.5,150,robotic,196000,skoda
Skoda,Octavia,2022,110000,1,gasoline,1.5,150,robotic,115000,skoda
Skoda,Scala,2022,74000,1,gasoline,1,110,robotic,122000,skoda
Skoda,Superb,2018,98000,3,gasoline,1.8,180,robotic,95000,skoda
Skoda,Karoq,2020,94000,2,gasoline,1.5,150,robotic,105000,skoda
Skoda,Kodiaq,2021,122900,2,gasoline,1.5,150,robotic,94000,skoda
Skoda,Superb,2021,169000,3,plug-in,1.4,218,robotic,60000,skoda
Skoda,Octavia,2017,52000,2,gasoline,1,115,robotic,170000,skoda
Skoda,Superb,2018,60000,3,gasoline,1.4,150,robotic,196000,skoda
Skoda,Superb,2021,155900,2,gasoline,2,280,robotic,60000,skoda
Skoda,Octavia,2019,73900,2,gasoline,1.5,150,robotic,124000,skoda
Skoda,Octavia,2016,31000,3,gasoline,1.2,110,robotic,135000,skoda
Skoda,Kodiaq,2020,168000,1,diesel,2,190,robotic,50000,skoda
Skoda,Octavia,2021,110000,1,gasoline,1.5,150,robotic,113000,skoda
Skoda,Rapid,2016,42000,2,gasoline,1.4,125,robotic,153000,skoda
Skoda,Kodiaq,2020,128000,2,gasoline,1.5,150,robotic,70000,skoda
Skoda,Superb,2021,150000,1,gasoline,1.5,150,robotic,150000,skoda
Skoda,Yeti,2012,25000,2,gasoline,1.2,105,robotic,162000,skoda
Skoda,Superb,2017,62000,3,gasoline,1.4,150,robotic,250000,skoda
Skoda,Karoq,2018,76000,2,gasoline,1.5,150,robotic,128000,skoda
Skoda,Fabia,2023,110000,1,gasoline,1,110,robotic,35000,skoda
Skoda,Rapid,2015,30000,2,gasoline,1.4,122,robotic,180000,skoda
Skoda,Octavia,2021,74855,1,gasoline,1,110,robotic,125128,skoda
Skoda,Octavia,2019,81475,1,gasoline,1.5,150,robotic,107000,skoda
Skoda,Kodiaq,2020,124735,1,gasoline,2,190,robotic,101500,skoda
Skoda,Fabia,2008,17450,3,gasoline,1.6,105,automatic,181500,skoda
Skoda,Superb,2016,50000,1,gasoline,1.4,150,robotic,200000,skoda
Skoda,Karoq,2021,101000,2,gasoline,1.5,150,robotic,99000,skoda
Skoda,Octavia,2018,45000,1,gasoline,1,115,robotic,210000,skoda
Skoda,Octavia,2018,52000,2,gasoline,1.4,150,robotic,129000,skoda
Skoda,Fabia,2017,40000,2,gasoline,1.2,110,robotic,150000,skoda
Skoda,Kamiq,2023,80000,2,gasoline,1,110,robotic,95000,skoda
Skoda,Octavia,2019,70000,2,gasoline,1.5,150,robotic,148000,skoda
Skoda,Fabia,2018,45000,1,gasoline,1,110,robotic,28000,skoda
Skoda,Superb,2014,25000,3,gasoline,1.8,160,robotic,160000,skoda
Skoda,Octavia,2015,29000,1,gasoline,1.4,140,robotic,190000,skoda
Skoda,Kamiq,2022,105000,1,gasoline,1.5,150,robotic,39000,skoda
Skoda,Rapid,2014,21000,3,gasoline,1.4,122,robotic,240000,skoda
Skoda,Octavia Rs,2022,165000,4,gasoline,2,245,robotic,80000,skoda
Skoda,Octavia,2018,65000,2,gasoline,1.5,150,robotic,125000,skoda
Skoda,Octavia,2016,50000,2,gasoline,1.2,110,robotic,124500,skoda
Skoda,Kodiaq,2020,138000,1,gasoline,2,180,robotic,109000,skoda
Skoda,Kodiaq,2020,129000,1,diesel,2,150,robotic,56900,skoda
Skoda,Octavia,2015,37000,2,gasoline,1.8,180,robotic,172000,skoda
Skoda,Karoq,2018,75000,2,gasoline,1.5,150,robotic,155000,skoda
Skoda,Rapid,2018,38000,1,gasoline,1,95,robotic,185000,skoda
Skoda,Octavia,2017,52000,2,gasoline,1,115,robotic,99000,skoda
Skoda,Superb,2022,200000,3,plug-in,1.4,218,robotic,42000,skoda
Skoda,Superb,2020,105000,2,gasoline,1.5,150,robotic,65000,skoda
Skoda,Octavia,2015,35000,2,gasoline,1.2,105,robotic,198000,skoda
Skoda,Octavia,2016,48000,2,gasoline,1.4,150,robotic,188000,skoda
Skoda,Superb,2019,80000,2,gasoline,1.5,150,robotic,182000,skoda
Skoda,Fabia,2012,16000,3,gasoline,1.2,105,robotic,185000,skoda
Skoda,Kodiaq,2022,150000,1,gasoline,1.5,150,robotic,30000,skoda
Skoda,Octavia,2011,22000,4,gasoline,1.2,105,robotic,204000,skoda
Skoda,Octavia,2017,55000,2,gasoline,1,115,robotic,170000,skoda
Skoda,Octavia,2017,48000,2,gasoline,1,115,robotic,161000,skoda
Skoda,Scala,2022,100000,1,gasoline,1,110,robotic,41000,skoda
Skoda,Superb,2009,20000,2,gasoline,1.8,160,robotic,155000,skoda
Skoda,Fabia,2015,30000,2,gasoline,1.2,105,robotic,199000,skoda
Skoda,Kodiaq,2021,130000,4,gasoline,1.5,150,robotic,87000,skoda
Skoda,Superb,2020,112000,2,gasoline,1.5,150,robotic,69000,skoda
Skoda,Octavia,2013,36000,1,gasoline,1.2,105,robotic,230000,skoda
Skoda,Octavia,2019,74000,2,gasoline,1.5,150,robotic,178000,skoda
Skoda,Octavia,2012,20000,3,gasoline,1.2,105,manual,223000,skoda
Skoda,Octavia,2019,66000,2,gasoline,1.5,150,robotic,190000,skoda
Skoda,Octavia,2019,31000,1,diesel,2,150,manual,339000,skoda
Skoda,Octavia,2019,20000,1,diesel,2,150,robotic,355000,skoda
Skoda,Rapid,2016,30000,4,gasoline,1.2,90,robotic,214000,skoda
Skoda,Octavia,2012,21000,2,gasoline,1.2,105,robotic,230000,skoda
Skoda,Rapid,2014,25000,3,gasoline,1.4,122,robotic,229000,skoda
Subaru,Xv,2015,28900,1,gasoline,1.6,114,variable,156000,subaru
Subaru,Xv,2018,55900,1,gasoline,1.6,114,variable,138000,subaru
Subaru,Xv,2023,98000,1,gasoline,2,152,variable,124011,subaru
Subaru,Forester,2021,120157,1,gasoline,2.5,182,variable,136026,subaru
Subaru,Forester,2019,109990,1,gasoline,2.5,182,variable,128000,subaru
Subaru,B4,2008,9000,4,gasoline,2,150,automatic,116000,subaru
Subaru,Impreza,2009,8000,4,gasoline,1.5,107,automatic,220000,subaru
Subaru,Impreza,2011,15000,4,gasoline,2,150,automatic,143774,subaru
Subaru,B4,2010,11000,3,gasoline,2,150,variable,190000,subaru
Subaru,Xv,2015,42000,4,gasoline,2,150,variable,160000,subaru
Subaru,Xv,2016,35000,2,gasoline,1.6,114,variable,230000,subaru
Subaru,B4,2008,14000,4,gasoline,2,150,automatic,203000,subaru
Subaru,Forester,2019,89990,2,gasoline,2.5,182,variable,187000,subaru
Subaru,Impreza,2011,14000,3,gasoline,2,150,automatic,186000,subaru
Subaru,B4,2008,9000,3,gasoline,2,150,automatic,228000,subaru
Subaru,Xv,2020,60000,3,gasoline,1.6,114,variable,179000,subaru
Subaru,Xv,2016,45000,4,gasoline,1.6,114,variable,198000,subaru
Subaru,Xv,2013,35000,4,gasoline,2,150,variable,186000,subaru
Subaru,Impreza,2006,10000,2,gasoline,1.6,95,automatic,149513,subaru
Subaru,Xv,2014,28500,2,gasoline,1.6,114,variable,290000,subaru
Subaru,Crosstrek,2025,156000,1,gasoline,2,152,variable,5000,subaru
Subaru,B4,2011,15000,4,gasoline,2,150,variable,170000,subaru
Subaru,Forester,2001,5000,4,gasoline,2,137,automatic,350000,subaru
Subaru,Forester,2020,134000,2,gasoline,2.5,182,variable,53444,subaru
Subaru,B4,2011,15000,3,gasoline,2,150,variable,95000,subaru
Subaru,B4,2012,20000,4,gasoline,2,150,variable,170000,subaru
Subaru,Leone,1984,30000,2,gasoline,1.2,61,manual,250000,subaru
Subaru,Impreza,2006,18500,3,gasoline,1.6,95,manual,280000,subaru
Subaru,Xv,2018,53000,2,gasoline,1.6,114,variable,190000,subaru
Subaru,Impreza,2008,12000,3,gasoline,2,150,automatic,203000,subaru
Subaru,Crosstrek,2025,156000,1,gasoline,2,152,variable,5000,subaru
Subaru,B4,2011,15000,4,gasoline,2,150,variable,170000,subaru
Subaru,Forester,2001,5000,4,gasoline,2,137,automatic,350000,subaru
Subaru,Forester,2020,134000,2,gasoline,2.5,182,variable,53444,subaru
Subaru,B4,2011,15000,3,gasoline,2,150,variable,95000,subaru
Subaru,B4,2012,20000,4,gasoline,2,150,variable,170000,subaru
Subaru,Leone,1984,30000,2,gasoline,1.2,61,manual,250000,subaru
Subaru,Impreza,2006,18500,3,gasoline,1.6,95,manual,280000,subaru
Subaru,Xv,2018,53000,2,gasoline,1.6,114,variable,190000,subaru
Subaru,Impreza,2008,12000,3,gasoline,2,150,automatic,203000,subaru
Subaru,B4,2010,12000,4,gasoline,2,150,variable,250000,subaru
Subaru,Leone,1991,25000,3,gasoline,1.6,69,manual,250000,subaru
Subaru,Xv,2015,39500,3,gasoline,1.6,114,variable,200000,subaru
Subaru,Justy,1992,6000,3,gasoline,1.2,67,manual,969680,subaru
Subaru,Xv,2017,44900,2,gasoline,1.6,114,variable,165000,subaru
Subaru,Impreza,2009,7650,2,gasoline,1.5,107,automatic,215000,subaru
Subaru,Forester,2015,60000,3,gasoline,2,150,variable,171000,subaru
Subaru,B4,2007,15000,3,gasoline,2,165,automatic,240000,subaru
Subaru,B4,2003,9000,3,gasoline,2,125,automatic,255000,subaru
Subaru,Impreza,2010,12000,3,gasoline,1.5,107,automatic,127000,subaru
Subaru,Xv,2013,35000,4,gasoline,2,150,variable,186000,subaru
Subaru,Impreza,2006,10000,2,gasoline,1.6,95,automatic,149513,subaru
Subaru,Xv,2015,45000,2,gasoline,1.6,114,variable,125070,subaru
Subaru,Impreza,2008,8000,4,gasoline,1.5,107,automatic,209000,subaru
Subaru,Xv,2016,53700,1,gasoline,1.6,114,variable,130000,subaru
Subaru,Impreza,2007,10000,3,gasoline,1.5,105,automatic,186000,subaru
Subaru,Xv,2020,85000,2,gasoline,2,152,variable,140000,subaru
Subaru,Forester,2023,177000,1,gasoline,2.5,182,variable,14000,subaru
Subaru,Forester,2020,108000,1,gasoline,2.5,182,variable,81000,subaru
Subaru,Forester,2020,143000,1,gasoline,2.5,182,variable,83000,subaru
Subaru,Xv,2015,45000,2,gasoline,1.6,114,variable,125070,subaru
Subaru,Impreza,2008,8000,4,gasoline,1.5,107,automatic,209000,subaru
Subaru,Xv,2016,53700,1,gasoline,1.6,114,variable,130000,subaru
Subaru,Impreza,2007,10000,3,gasoline,1.5,105,automatic,186000,subaru
Subaru,Xv,2020,85000,2,gasoline,2,152,variable,140000,subaru
Subaru,Forester,2023,177000,1,gasoline,2.5,182,variable,14000,subaru
Subaru,Forester,2020,108000,1,gasoline,2.5,182,variable,81000,subaru
Subaru,Forester,2020,143000,1,gasoline,2.5,182,variable,83000,subaru
Subaru,B4,2008,20000,1,gasoline,2,165,automatic,85000,subaru
Subaru,Xv,2015,45000,2,gasoline,1.6,114,variable,147000,subaru
Subaru,Xv,2019,88000,1,gasoline,2,152,variable,83000,subaru
Subaru,Impreza,2009,11500,1,gasoline,1.5,107,automatic,153000,subaru
Subaru,Forester,2017,65000,1,gasoline,2,150,variable,170000,subaru
Subaru,Impreza,2009,13000,2,gasoline,1.5,107,automatic,138000,subaru
Subaru,B4,2010,16000,1,gasoline,2,150,variable,238800,subaru
Subaru,Xv,2019,91000,1,gasoline,2,152,variable,120000,subaru
Subaru,Forester,2015,58000,3,gasoline,2,150,variable,213000,subaru
Subaru,Tribeca,2007,12000,4,gasoline,3,245,automatic,194000,subaru
Subaru,Forester,2014,48000,2,gasoline,2,150,variable,275000,subaru
Subaru,B4,2009,15000,4,gasoline,2,150,automatic,200000,subaru
Subaru,Xv,2018,53000,2,gasoline,1.6,114,variable,190000,subaru
Subaru,Impreza,2008,12000,3,gasoline,2,150,automatic,203000,subaru
Subaru,B4,2010,12000,4,gasoline,2,150,variable,250000,subaru
Subaru,Leone,1991,25000,3,gasoline,1.6,69,manual,250000,subaru
Subaru,Xv,2015,39500,3,gasoline,1.6,114,variable,200000,subaru
Subaru,Justy,1992,6000,3,gasoline,1.2,67,manual,969680,subaru
Subaru,Xv,2017,44900,2,gasoline,1.6,114,variable,165000,subaru
Subaru,Impreza,2009,7650,2,gasoline,1.5,107,automatic,215000,subaru
Subaru,Forester,2015,60000,3,gasoline,2,150,variable,171000,subaru
Subaru,B4,2007,15000,3,gasoline,2,165,automatic,240000,subaru
Subaru,Xv,2017,61000,2,gasoline,1.6,114,variable,123000,subaru
Subaru,B4,2009,10500,2,gasoline,2,150,automatic,159000,subaru
Subaru,Forester,2010,29000,2,gasoline,2,150,automatic,186500,subaru
Subaru,Xv,2017,52000,3,gasoline,1.6,114,variable,312000,subaru
Subaru,Impreza,2007,10000,4,gasoline,1.5,105,automatic,160000,subaru
Subaru,Forester,2007,18000,3,gasoline,2,158,automatic,374000,subaru
Subaru,Forester,2017,74000,2,gasoline,2,150,variable,150510,subaru
Subaru,Forester,2018,85000,1,gasoline,2,150,variable,105000,subaru
Subaru,Forester,2015,65000,1,gasoline,2,150,variable,177000,subaru
Subaru,Impreza,2014,15000,2,gasoline,1.6,114,variable,220000,subaru
Subaru,Forester,2014,55000,1,gasoline,2,150,variable,161000,subaru
Subaru,Forester,2014,54500,3,gasoline,2,150,manual,246000,subaru
Subaru,Forester,2010,32400,4,gasoline,2,150,automatic,212000,subaru
Subaru,Forester,2020,116000,2,gasoline,2.5,182,variable,93000,subaru
Subaru,Forester,2018,78000,3,gasoline,2,150,variable,130000,subaru
Subaru,Forester,2020,143500,2,gasoline,2.5,182,variable,62500,subaru
Subaru,Xv,2020,110000,1,gasoline,2,152,variable,76000,subaru
Subaru,Forester,2018,89000,1,gasoline,2,150,variable,110000,subaru
Subaru,Xv,2018,65000,4,gasoline,1.6,114,variable,130000,subaru
Subaru,B4,2010,14800,4,gasoline,2.5,167,variable,205500,subaru
Subaru,B4,2003,9000,3,gasoline,2,125,automatic,255000,subaru
Subaru,Impreza,2010,12000,3,gasoline,1.5,107,automatic,127000,subaru
Subaru,Xv,2015,45000,2,gasoline,1.6,114,variable,125070,subaru
Subaru,Impreza,2008,8000,4,gasoline,1.5,107,automatic,209000,subaru
Subaru,Xv,2016,53700,1,gasoline,1.6,114,variable,130000,subaru
Subaru,Impreza,2007,10000,3,gasoline,1.5,105,automatic,186000,subaru
Subaru,Xv,2020,85000,2,gasoline,2,152,variable,140000,subaru
Subaru,Forester,2023,177000,1,gasoline,2.5,182,variable,14000,subaru
Subaru,Forester,2020,108000,1,gasoline,2.5,182,variable,81000,subaru
Subaru,Forester,2020,143000,1,gasoline,2.5,182,variable,83000,subaru
Subaru,B4,2008,12500,3,gasoline,2,165,automatic,280000,subaru
Subaru,Forester,2006,26550,2,gasoline,2,158,manual,328000,subaru
Subaru,Forester,2013,48000,2,gasoline,2,150,variable,185000,subaru
Subaru,Tribeca,2007,15000,3,gasoline,3,245,automatic,260000,subaru
Subaru,Xv,2018,70000,1,gasoline,2,152,variable,163500,subaru
Subaru,Xv,2016,65000,2,gasoline,2,150,variable,107000,subaru
Subaru,Forester,2021,140000,3,gasoline,2.5,182,variable,60000,subaru
Subaru,Xv,2016,51500,1,gasoline,1.6,114,variable,108000,subaru
Subaru,Xv,2017,55000,3,gasoline,1.6,114,variable,115000,subaru
Subaru,Impreza,2008,13000,3,gasoline,1.5,105,automatic,182000,subaru
Subaru,Impreza,2008,9000,3,gasoline,1.5,107,automatic,225000,subaru
Subaru,Impreza,2008,6500,4,gasoline,1.5,107,automatic,201000,subaru
Subaru,Xv,2017,48000,2,gasoline,1.6,114,variable,205000,subaru
Subaru,Impreza,2008,14500,4,gasoline,1.5,107,automatic,178200,subaru
Subaru,Impreza,2009,17000,4,gasoline,1.5,107,automatic,116000,subaru
Subaru,Xv,2017,57000,1,gasoline,1.6,114,variable,147600,subaru
Subaru,B4,2013,21500,3,gasoline,2,150,variable,195000,subaru
Subaru,Forester,2022,154500,1,gasoline,2.5,182,variable,35000,subaru
Subaru,Impreza,2008,11000,2,gasoline,1.5,107,automatic,90000,subaru
Subaru,Xv,2015,52000,2,gasoline,1.6,114,variable,126600,subaru
Subaru,B4,2008,20000,1,gasoline,2,165,automatic,85000,subaru
Subaru,Xv,2015,45000,2,gasoline,1.6,114,variable,147000,subaru
Subaru,Xv,2019,88000,1,gasoline,2,152,variable,83000,subaru
Subaru,Impreza,2009,11500,1,gasoline,1.5,107,automatic,153000,subaru
Subaru,Forester,2017,65000,1,gasoline,2,150,variable,170000,subaru
Subaru,Impreza,2009,13000,2,gasoline,1.5,107,automatic,138000,subaru
Subaru,B4,2010,16000,1,gasoline,2,150,variable,238800,subaru
Subaru,Xv,2019,91000,1,gasoline,2,152,variable,120000,subaru
Subaru,Forester,2015,58000,3,gasoline,2,150,variable,213000,subaru
Subaru,Tribeca,2007,12000,4,gasoline,3,245,automatic,194000,subaru
Subaru,Impreza,2010,17600,2,gasoline,1.5,107,automatic,180000,subaru
Subaru,Forester,2018,81000,2,gasoline,2,150,variable,150000,subaru
Subaru,B4,2007,14500,3,gasoline,2,165,automatic,171000,subaru
Subaru,Forester,2022,140000,1,gasoline,2.5,182,variable,78000,subaru
Subaru,Xv,2016,57000,1,gasoline,1.6,114,variable,145000,subaru
Subaru,Impreza,2009,12000,3,gasoline,1.5,107,automatic,156000,subaru
Subaru,B4,2009,6700,3,gasoline,2,150,automatic,230000,subaru
Subaru,Impreza,2010,10000,3,gasoline,1.5,107,automatic,135000,subaru
Subaru,B4,2011,13500,3,gasoline,2,150,variable,300000,subaru
Subaru,Crosstrek,2023,139000,1,gasoline,2,152,variable,34800,subaru
Subaru,Xv,2022,97900,2,gasoline,2,152,variable,126000,subaru
Subaru,Xv,2022,94900,2,gasoline,2,152,variable,125000,subaru
Subaru,Xv,2015,48000,1,gasoline,1.6,114,variable,96000,subaru
Subaru,Xv,2023,112785,1,gasoline,2,152,variable,41207,subaru
Subaru,Forester,2015,40000,2,gasoline,2,150,variable,268700,subaru
Subaru,Impreza,2008,10500,4,gasoline,1.5,107,automatic,193500,subaru
Subaru,Impreza,2014,21000,2,gasoline,1.6,114,variable,163000,subaru
Subaru,Forester,2022,155000,1,gasoline,2.5,182,variable,85000,subaru
Subaru,Impreza,2014,25000,2,gasoline,1.6,114,variable,200000,subaru
Subaru,Xv,2017,66000,2,gasoline,1.6,114,variable,93400,subaru
Subaru,Forester,2014,48000,2,gasoline,2,150,variable,275000,subaru
Subaru,B4,2009,15000,4,gasoline,2,150,automatic,200000,subaru
Subaru,Xv,2017,61000,2,gasoline,1.6,114,variable,123000,subaru
Subaru,B4,2009,10500,2,gasoline,2,150,automatic,159000,subaru
Subaru,Forester,2010,29000,2,gasoline,2,150,automatic,186500,subaru
Subaru,Xv,2017,52000,3,gasoline,1.6,114,variable,312000,subaru
Subaru,Impreza,2007,10000,4,gasoline,1.5,105,automatic,160000,subaru
Subaru,Forester,2007,18000,3,gasoline,2,158,automatic,374000,subaru
Subaru,Forester,2017,74000,2,gasoline,2,150,variable,150510,subaru
Subaru,Forester,2018,85000,1,gasoline,2,150,variable,105000,subaru
Subaru,Impreza,2007,8500,4,gasoline,1.5,105,automatic,203000,subaru
Subaru,Xv,2017,68000,1,gasoline,2,150,variable,160000,subaru
Subaru,Forester,2015,65000,1,gasoline,2,150,variable,177000,subaru
Subaru,Impreza,2014,15000,2,gasoline,1.6,114,variable,220000,subaru
Subaru,Forester,2014,55000,1,gasoline,2,150,variable,161000,subaru
Subaru,Forester,2014,54500,3,gasoline,2,150,manual,246000,subaru
Subaru,Forester,2010,32400,4,gasoline,2,150,automatic,212000,subaru
Subaru,Forester,2020,116000,2,gasoline,2.5,182,variable,93000,subaru
Subaru,Forester,2018,78000,3,gasoline,2,150,variable,130000,subaru
Subaru,Forester,2020,143500,2,gasoline,2.5,182,variable,62500,subaru
Subaru,Xv,2020,110000,1,gasoline,2,152,variable,76000,subaru
Subaru,Forester,2018,89000,1,gasoline,2,150,variable,110000,subaru
Suzuki,Swift,2010,13900,1,gasoline,1.5,101,automatic,247000,suzuki
Suzuki,Crossover,2018,67000,1,gasoline,1.4,140,automatic,103000,suzuki
Suzuki,Alto,2013,12900,3,gasoline,1,68,automatic,149000,suzuki
Suzuki,Crossover,2020,82900,1,gasoline,1.4,140,automatic,27000,suzuki
Suzuki,Swift,2021,74900,1,gasoline,1.2,83,automatic,84000,suzuki
Suzuki,Sx4,2014,22000,2,gasoline,1.6,120,automatic,190000,suzuki
Suzuki,Sx4,2015,31900,2,gasoline,1.6,118,variable,144000,suzuki
Suzuki,S Cross,2021,79900,1,gasoline,1.4,129,automatic,68000,suzuki
Suzuki,Crossover,2017,51800,3,gasoline,1.4,140,automatic,138000,suzuki
Suzuki,Ignis,2021,72800,3,gasoline,1.2,83,variable,16000,suzuki
Suzuki,S Cross,2021,82900,2,gasoline,1.4,129,automatic,124245,suzuki
Suzuki,S Cross,2024,135000,1,gasoline,1.4,129,automatic,6000,suzuki
Suzuki,S Cross,2023,121900,1,gasoline,1.4,129,automatic,52000,suzuki
Suzuki,Alto,2015,19900,1,gasoline,1,68,automatic,136000,suzuki
Suzuki,Ignis,2021,72900,1,gasoline,1.2,83,variable,22900,suzuki
Suzuki,Baleno,2019,43000,2,gasoline,1.2,90,variable,109000,suzuki
Suzuki,Vitara,2025,139905,1,gasoline,1.4,129,automatic,22551,suzuki
Suzuki,Vitara,2023,101870,1,hybrid,1.5,116,robotic,96352,suzuki
Suzuki,Vitara,2023,91910,1,hybrid,1.5,116,robotic,124161,suzuki
Suzuki,Vitara,2022,110005,1,gasoline,1.4,129,automatic,98000,suzuki
Suzuki,Crossover,2021,65000,1,gasoline,1.4,129,automatic,169000,suzuki
Suzuki,Splash,2013,13000,4,gasoline,1.2,94,automatic,188000,suzuki
Suzuki,Splash,2011,10999,4,gasoline,1.2,94,automatic,210000,suzuki
Suzuki,Celerio,2016,18900,1,gasoline,1,68,robotic,168800,suzuki
Suzuki,Crossover,2015,21000,4,gasoline,1.6,117,variable,295000,suzuki
Suzuki,Liana,2007,5500,4,gasoline,1.6,105,automatic,160000,suzuki
Suzuki,Vitara,2023,121000,1,hybrid,1.5,116,robotic,54000,suzuki
Suzuki,Grand Vitara,2008,15000,2,gasoline,2,140,automatic,163000,suzuki
Suzuki,Crossover,2021,95000,1,gasoline,1.4,129,automatic,61000,suzuki
Suzuki,Baleno,2020,40000,2,gasoline,1.2,90,variable,123000,suzuki
Suzuki,Vitara,2022,92465,1,gasoline,1.4,129,automatic,93413,suzuki
Suzuki,Vitara,2022,94590,1,gasoline,1.4,129,automatic,85073,suzuki
Suzuki,Vitara,2022,122735,1,gasoline,1.4,129,automatic,59948,suzuki
Suzuki,Vitara,2022,103060,1,hybrid,1.5,116,robotic,52218,suzuki
Suzuki,Vitara,2022,88035,1,gasoline,1.4,129,automatic,129987,suzuki
Suzuki,Vitara,2021,120350,1,gasoline,1.4,129,automatic,16500,suzuki
Suzuki,Crossover,2022,101580,2,gasoline,1.4,129,automatic,85289,suzuki
Suzuki,Crossover,2021,96285,1,gasoline,1.4,129,automatic,98700,suzuki
Suzuki,Crossover,2021,94055,1,gasoline,1.4,129,automatic,103090,suzuki
Suzuki,Crossover,2015,49645,2,gasoline,1.6,117,variable,57900,suzuki
Suzuki,Swift,2024,108580,1,gasoline,1.2,83,automatic,34359,suzuki
Suzuki,Swift,2021,87852,1,gasoline,1.2,83,automatic,61904,suzuki
Suzuki,S Cross,2024,137872,1,gasoline,1.4,129,automatic,58176,suzuki
Suzuki,S Cross,2024,137200,1,gasoline,1.4,129,automatic,57261,suzuki
Suzuki,S Cross,2023,102605,1,gasoline,1.4,129,automatic,95907,suzuki
Suzuki,S Cross,2023,119635,1,gasoline,1.4,129,automatic,79300,suzuki
Suzuki,S Cross,2023,134225,1,gasoline,1.4,129,automatic,63625,suzuki
Suzuki,S Cross,2023,129060,1,gasoline,1.4,129,automatic,42001,suzuki
Suzuki,S Cross,2023,136795,1,gasoline,1.4,129,automatic,34598,suzuki
Suzuki,S Cross,2022,100370,1,gasoline,1.4,129,automatic,83384,suzuki
Suzuki,Vitara,2024,123500,2,gasoline,1.4,129,automatic,57000,suzuki
Suzuki,Swift,2007,8000,4,gasoline,1.5,101,automatic,235000,suzuki
Suzuki,Splash,2012,16000,2,gasoline,1.2,94,manual,145000,suzuki
Suzuki,Sx4,2013,19500,3,gasoline,1.6,120,automatic,172000,suzuki
Suzuki,Swift,2007,10500,3,gasoline,1.5,101,automatic,256000,suzuki
Suzuki,Sx4,2022,98000,2,gasoline,1.4,129,variable,45200,suzuki
Suzuki,Sx4,2008,15000,3,gasoline,1.6,107,automatic,205000,suzuki
Suzuki,Crossover,2017,54900,3,gasoline,1.4,140,automatic,161800,suzuki
Suzuki,S Cross,2022,130000,1,gasoline,1.4,129,automatic,13700,suzuki
Suzuki,Baleno,2017,31000,3,gasoline,1.2,90,variable,182000,suzuki
Suzuki,S Cross,2023,136435,1,gasoline,1.4,129,automatic,29611,suzuki
Suzuki,S Cross,2022,117655,1,gasoline,1.4,129,automatic,73818,suzuki
Suzuki,S Cross,2023,126780,1,gasoline,1.4,129,automatic,74000,suzuki
Suzuki,Ignis,2024,100855,1,gasoline,1.2,83,variable,12300,suzuki
Suzuki,Ignis,2023,74585,1,gasoline,1.2,83,manual,52361,suzuki
Suzuki,Ignis,2019,64995,1,gasoline,1.3,90,variable,84327,suzuki
Suzuki,Ignis,2021,73775,2,gasoline,1.2,83,variable,97357,suzuki
Suzuki,Celerio,2019,37995,1,gasoline,1,68,robotic,99200,suzuki
Suzuki,Crossover,2021,65000,1,gasoline,1.4,129,automatic,169000,suzuki
Suzuki,Vitara,2016,58500,1,gasoline,1.6,119,automatic,99000,suzuki
Suzuki,Splash,2013,13000,4,gasoline,1.2,94,automatic,188000,suzuki
Suzuki,Jimny,2005,28500,4,gasoline,1.3,80,automatic,220000,suzuki
Suzuki,Sx4,2010,21500,2,gasoline,1.6,120,automatic,144000,suzuki
Suzuki,Splash,2011,10999,4,gasoline,1.2,94,automatic,210000,suzuki
Suzuki,Vitara,2016,49000,1,gasoline,1.6,119,automatic,163000,suzuki
Suzuki,Celerio,2016,18900,1,gasoline,1,68,robotic,168800,suzuki
Suzuki,Sx4,2013,29000,3,gasoline,1.6,120,automatic,132000,suzuki
Suzuki,Baleno,2017,32000,2,gasoline,1.2,90,variable,166000,suzuki
Suzuki,Baleno,2017,35000,2,gasoline,1.2,90,variable,131000,suzuki
Suzuki,Crossover,2015,21000,4,gasoline,1.6,117,variable,295000,suzuki
Suzuki,Alto,2010,9000,4,gasoline,1,68,automatic,178000,suzuki
Suzuki,Grand Vitara,2006,24000,2,gasoline,1.6,93,automatic,198000,suzuki
Suzuki,Sx4,2012,20000,3,gasoline,1.6,120,automatic,185000,suzuki
Suzuki,Sx4,2014,33500,3,gasoline,1.6,118,variable,125000,suzuki
Suzuki,Jimny,2008,33000,3,gasoline,1.3,85,automatic,170000,suzuki
Suzuki,Sx4,2010,12000,1,gasoline,1.6,120,automatic,239000,suzuki
Suzuki,Swift,2015,75000,1,gasoline,1.2,94,manual,71150,suzuki
Suzuki,Grand Vitara,2014,68000,1,gasoline,2.4,169,automatic,247000,suzuki
Suzuki,S Cross,2025,145000,1,gasoline,1.4,129,automatic,4500,suzuki
Suzuki,Swift,2023,81500,1,gasoline,1.2,83,manual,51500,suzuki
Suzuki,Liana,2007,5500,4,gasoline,1.6,105,automatic,160000,suzuki
Suzuki,Vitara,2023,121000,1,hybrid,1.5,116,robotic,54000,suzuki
Suzuki,Celerio,2016,31500,2,gasoline,1,68,robotic,43000,suzuki
Suzuki,Grand Vitara,2008,15000,2,gasoline,2,140,automatic,163000,suzuki
Suzuki,Ignis,2021,74990,1,gasoline,1.2,83,variable,34000,suzuki
Suzuki,Crossover,2021,95000,1,gasoline,1.4,129,automatic,61000,suzuki
Suzuki,Celerio,2018,34500,1,gasoline,1,68,robotic,95000,suzuki
Suzuki,Baleno,2020,40000,2,gasoline,1.2,90,variable,123000,suzuki
Suzuki,S Cross,2022,99000,1,gasoline,1.4,129,automatic,63223,suzuki
Suzuki,Vitara,2024,123500,2,gasoline,1.4,129,automatic,57000,suzuki
Suzuki,Jimny,2015,54900,2,gasoline,1.3,85,automatic,140000,suzuki
Suzuki,Swift,2023,89990,1,gasoline,1.2,83,automatic,44000,suzuki
Suzuki,Swift,2007,8000,4,gasoline,1.5,101,automatic,235000,suzuki
Suzuki,Alto,2014,15500,3,gasoline,1,68,automatic,182000,suzuki
Suzuki,Splash,2012,16000,2,gasoline,1.2,94,manual,145000,suzuki
Suzuki,Sx4,2013,19500,3,gasoline,1.6,120,automatic,172000,suzuki
Suzuki,Swift,2007,10500,3,gasoline,1.5,101,automatic,256000,suzuki
Suzuki,Sx4,2022,98000,2,gasoline,1.4,129,variable,45200,suzuki
Suzuki,Sx4,2008,12900,2,gasoline,1.6,107,automatic,214000,suzuki
Suzuki,Sx4,2008,15000,3,gasoline,1.6,107,automatic,205000,suzuki
Suzuki,Sx4,2010,18000,3,gasoline,1.6,120,automatic,197000,suzuki
Suzuki,Grand Vitara,2013,70000,2,gasoline,2.4,169,automatic,185000,suzuki
Suzuki,Sx4,2008,13900,3,gasoline,1.6,107,automatic,190000,suzuki
Suzuki,Swift,2012,19000,2,gasoline,1.2,94,manual,131000,suzuki
Suzuki,Swift,2008,17000,3,gasoline,1.5,101,automatic,172000,suzuki
Suzuki,Vitara,2016,57000,1,gasoline,1.6,119,automatic,159000,suzuki
Suzuki,Splash,2011,11000,2,gasoline,1.2,94,automatic,235258,suzuki
Suzuki,Jimny,2008,36000,4,gasoline,1.3,85,automatic,207000,suzuki
Suzuki,Sx4,2008,11000,4,gasoline,1.6,107,automatic,244000,suzuki
Suzuki,Sx4,2011,19000,3,gasoline,1.6,120,automatic,247000,suzuki
Suzuki,Crossover,2017,54900,3,gasoline,1.4,140,automatic,161800,suzuki
Suzuki,S Cross,2022,130000,1,gasoline,1.4,129,automatic,13700,suzuki
Suzuki,Baleno,2017,31000,3,gasoline,1.2,90,variable,182000,suzuki
Suzuki,Sx4,2015,32000,4,gasoline,1.6,118,variable,167000,suzuki
Suzuki,Sx4,2015,37000,1,gasoline,1.6,118,variable,202000,suzuki
Suzuki,Grand Vitara,2009,37000,3,gasoline,2.4,169,automatic,200000,suzuki
Suzuki,Crossover,2019,56500,2,gasoline,1.4,140,automatic,170000,suzuki
Suzuki,Sx4,2015,32000,3,gasoline,1.6,118,variable,198000,suzuki
Suzuki,Alto,2010,9000,4,gasoline,1,68,automatic,178000,suzuki
Suzuki,Grand Vitara,2006,24000,2,gasoline,1.6,93,automatic,198000,suzuki
Suzuki,Sx4,2012,20000,3,gasoline,1.6,120,automatic,185000,suzuki
Suzuki,Sx4,2014,33500,3,gasoline,1.6,118,variable,125000,suzuki
Suzuki,Jimny,2008,33000,3,gasoline,1.3,85,automatic,170000,suzuki
Suzuki,Sx4,2010,12000,1,gasoline,1.6,120,automatic,239000,suzuki
Suzuki,Swift,2015,75000,1,gasoline,1.2,94,manual,71150,suzuki
Suzuki,Grand Vitara,2014,68000,1,gasoline,2.4,169,automatic,247000,suzuki
Suzuki,S Cross,2025,145000,1,gasoline,1.4,129,automatic,4500,suzuki
Suzuki,Swift,2023,81500,1,gasoline,1.2,83,manual,51500,suzuki
Suzuki,Sx4,2011,18950,3,gasoline,1.6,120,automatic,214224,suzuki
Suzuki,Vitara,2021,97500,1,gasoline,1.4,140,automatic,122000,suzuki
Suzuki,Swift,2007,13900,4,gasoline,1.5,101,automatic,170000,suzuki
Suzuki,Sx4,2015,45000,3,gasoline,1.6,118,variable,94000,suzuki
Suzuki,Grand Vitara,2009,37000,4,gasoline,2.4,165,automatic,220000,suzuki
Suzuki,Grand Vitara,2002,18000,3,gasoline,1.6,93,automatic,155000,suzuki
Suzuki,Alto,2015,19000,2,gasoline,1,68,manual,180000,suzuki
Suzuki,Swift,2008,19000,3,gasoline,1.5,101,automatic,156000,suzuki
Suzuki,Crossover,2017,64000,2,gasoline,1.4,140,automatic,156000,suzuki
Suzuki,Vitara,2016,60000,1,gasoline,1.6,119,automatic,177500,suzuki
Suzuki,Jimny,2008,30000,3,gasoline,1.3,85,automatic,230000,suzuki
Suzuki,Swift,2023,105000,1,gasoline,1.2,83,automatic,17000,suzuki
Suzuki,Swift,2008,12500,2,gasoline,1.5,101,automatic,200000,suzuki
Suzuki,Swift,2013,19000,3,gasoline,1.2,94,automatic,227000,suzuki
Suzuki,Sx4,2014,37000,4,gasoline,1.6,118,variable,180000,suzuki
Suzuki,Jimny,2021,129000,1,gasoline,1.5,102,automatic,30828,suzuki
Suzuki,Vitara,2021,102900,1,gasoline,1.4,129,automatic,86000,suzuki
Suzuki,Sx4,2010,18000,3,gasoline,1.6,120,automatic,197000,suzuki
Suzuki,Grand Vitara,2013,70000,2,gasoline,2.4,169,automatic,185000,suzuki
Suzuki,Sx4,2008,13900,3,gasoline,1.6,107,automatic,190000,suzuki
Suzuki,Swift,2012,19000,2,gasoline,1.2,94,manual,131000,suzuki
Suzuki,Swift,2008,17000,3,gasoline,1.5,101,automatic,172000,suzuki
Suzuki,Vitara,2016,57000,1,gasoline,1.6,119,automatic,159000,suzuki
Suzuki,Splash,2011,11000,2,gasoline,1.2,94,automatic,235258,suzuki
Suzuki,Jimny,2008,36000,4,gasoline,1.3,85,automatic,207000,suzuki
Suzuki,Sx4,2008,11000,4,gasoline,1.6,107,automatic,244000,suzuki
Suzuki,Sx4,2011,19000,3,gasoline,1.6,120,automatic,247000,suzuki
Suzuki,Alto,2009,9000,3,gasoline,1,68,automatic,164500,suzuki
Suzuki,Swift,2011,24000,4,gasoline,1.2,94,automatic,186000,suzuki
Suzuki,Ignis,2020,61500,2,gasoline,1.3,90,variable,146000,suzuki
Suzuki,Baleno,2019,39500,3,gasoline,1.2,90,variable,147000,suzuki
Suzuki,Sx4,2008,15000,3,gasoline,1.6,107,automatic,220000,suzuki
Suzuki,Vitara,2020,85000,2,gasoline,1.4,140,automatic,101252,suzuki
Suzuki,S Cross,2022,105000,1,gasoline,1.4,129,automatic,75000,suzuki
Suzuki,Grand Vitara,2012,52000,2,gasoline,2.4,165,automatic,243000,suzuki
Suzuki,Liana,2007,11000,4,gasoline,1.6,105,automatic,170000,suzuki
Suzuki,Swift,2021,85500,1,gasoline,1.2,83,automatic,45000,suzuki
Suzuki,Sx4,2009,16500,3,gasoline,1.6,120,automatic,132000,suzuki
Suzuki,Vitara,2016,53000,1,gasoline,1.6,119,automatic,248000,suzuki
Suzuki,Ignis,2019,63000,3,gasoline,1.3,90,variable,73000,suzuki
Suzuki,Sx4,2009,11500,2,gasoline,1.6,107,automatic,340000,suzuki
Suzuki,Alto,2010,10000,3,gasoline,1,68,manual,155000,suzuki
Suzuki,Liana,2007,6000,4,gasoline,1.6,105,automatic,274000,suzuki
Suzuki,Jimny,2021,145000,1,gasoline,1.5,102,automatic,53700,suzuki
Suzuki,Swift,2008,7500,2,gasoline,1.5,101,automatic,320000,suzuki
Suzuki,Swift,2007,13900,4,gasoline,1.5,101,automatic,170000,suzuki
Suzuki,Sx4,2015,45000,3,gasoline,1.6,118,variable,94000,suzuki
Suzuki,Grand Vitara,2009,37000,4,gasoline,2.4,165,automatic,220000,suzuki
Suzuki,Grand Vitara,2002,18000,3,gasoline,1.6,93,automatic,155000,suzuki
Suzuki,Alto,2015,19000,2,gasoline,1,68,manual,180000,suzuki
Suzuki,Swift,2008,19000,3,gasoline,1.5,101,automatic,156000,suzuki
Suzuki,Crossover,2017,64000,2,gasoline,1.4,140,automatic,156000,suzuki
Suzuki,Vitara,2016,60000,1,gasoline,1.6,119,automatic,177500,suzuki
Suzuki,Jimny,2008,30000,3,gasoline,1.3,85,automatic,230000,suzuki
Suzuki,Swift,2023,105000,1,gasoline,1.2,83,automatic,17000,suzuki
Suzuki,Vitara,2020,85000,2,gasoline,1.4,140,automatic,101252,suzuki
Suzuki,S Cross,2022,105000,1,gasoline,1.4,129,automatic,75000,suzuki
Suzuki,Grand Vitara,2012,52000,2,gasoline,2.4,165,automatic,243000,suzuki
Suzuki,Liana,2007,11000,4,gasoline,1.6,105,automatic,170000,suzuki
Suzuki,Swift,2021,85500,1,gasoline,1.2,83,automatic,45000,suzuki
Suzuki,Sx4,2009,16500,3,gasoline,1.6,120,automatic,132000,suzuki
Suzuki,Vitara,2016,53000,1,gasoline,1.6,119,automatic,248000,suzuki
Suzuki,Alto,2011,10000,2,gasoline,1,68,manual,198000,suzuki
Suzuki,Crossover,2021,95000,1,gasoline,1.4,140,automatic,63000,suzuki
Suzuki,Sx4,2011,21000,2,gasoline,1.6,120,automatic,192000,suzuki
Suzuki,Swift,2007,14000,3,gasoline,1.5,101,automatic,186000,suzuki
Suzuki,Swift,2016,40000,3,gasoline,1.2,94,manual,28000,suzuki
Suzuki,Alto,2014,13150,2,gasoline,1,68,manual,150000,suzuki
Suzuki,Vitara,2016,55000,2,gasoline,1.6,119,automatic,137700,suzuki
Suzuki,Sx4,2010,15000,3,gasoline,1.6,120,automatic,205000,suzuki
Suzuki,Swift,2009,19000,1,gasoline,1.5,101,automatic,175000,suzuki
Suzuki,Sx4,2008,5500,3,gasoline,1.6,107,automatic,168253,suzuki
Suzuki,Ignis,2019,63000,3,gasoline,1.3,90,variable,73000,suzuki
Suzuki,Sx4,2009,11500,2,gasoline,1.6,107,automatic,340000,suzuki
Suzuki,Alto,2010,10000,3,gasoline,1,68,manual,155000,suzuki
Suzuki,Alto,2011,10000,2,gasoline,1,68,manual,198000,suzuki
Suzuki,Crossover,2021,95000,1,gasoline,1.4,140,automatic,63000,suzuki
Suzuki,Sx4,2011,21000,2,gasoline,1.6,120,automatic,192000,suzuki
Suzuki,Swift,2007,14000,3,gasoline,1.5,101,automatic,186000,suzuki
Suzuki,Swift,2016,40000,3,gasoline,1.2,94,manual,28000,suzuki
Suzuki,Alto,2014,13150,2,gasoline,1,68,manual,150000,suzuki
Suzuki,Vitara,2016,55000,2,gasoline,1.6,119,automatic,137700,suzuki
Suzuki,Sx4,2010,15000,3,gasoline,1.6,120,automatic,205000,suzuki
Suzuki,Swift,2009,19000,1,gasoline,1.5,101,automatic,175000,suzuki
Suzuki,Sx4,2008,5500,3,gasoline,1.6,107,automatic,168253,suzuki
Suzuki,Jimny,2007,33000,4,gasoline,1.3,85,automatic,265000,suzuki
Suzuki,Sx4,2010,23000,3,gasoline,1.6,120,automatic,156000,suzuki
Suzuki,Grand Vitara,2013,47000,3,gasoline,2.4,165,automatic,150000,suzuki
Suzuki,Swift,2008,15700,3,gasoline,1.5,101,automatic,211000,suzuki
Suzuki,Splash,2011,13000,3,gasoline,1.2,94,automatic,245000,suzuki
Suzuki,Sx4,2011,20000,3,gasoline,1.6,120,automatic,110000,suzuki
Suzuki,Swift,2007,7000,3,gasoline,1.5,101,automatic,265000,suzuki
Suzuki,Vitara,2020,85000,2,gasoline,1.4,140,automatic,101252,suzuki
Suzuki,S Cross,2022,105000,1,gasoline,1.4,129,automatic,75000,suzuki
Suzuki,Grand Vitara,2012,52000,2,gasoline,2.4,165,automatic,243000,suzuki
Suzuki,Liana,2007,11000,4,gasoline,1.6,105,automatic,170000,suzuki
Suzuki,Swift,2021,85500,1,gasoline,1.2,83,automatic,45000,suzuki
Suzuki,Sx4,2009,16500,3,gasoline,1.6,120,automatic,132000,suzuki
Suzuki,Vitara,2016,53000,1,gasoline,1.6,119,automatic,248000,suzuki
Suzuki,Sx4,2016,50000,2,gasoline,1.6,118,variable,130000,suzuki
Suzuki,Sx4,2012,24100,4,gasoline,1.6,120,automatic,240000,suzuki
Suzuki,Sx4,2014,24000,2,gasoline,1.6,120,automatic,172000,suzuki
Suzuki,Sx4,2016,50000,2,gasoline,1.6,118,variable,130000,suzuki
Suzuki,Sx4,2012,24100,4,gasoline,1.6,120,automatic,240000,suzuki
Suzuki,Sx4,2014,24000,2,gasoline,1.6,120,automatic,172000,suzuki
Suzuki,Ignis,2005,5000,3,gasoline,1.3,83,automatic,190000,suzuki
Suzuki,Grand Vitara,2006,35000,2,gasoline,2,140,automatic,242000,suzuki
Suzuki,Swift,2014,33500,2,gasoline,1.2,94,automatic,141000,suzuki
Suzuki,Liana,2007,2900,2,gasoline,1.6,105,automatic,162000,suzuki
Suzuki,Sx4,2015,49000,2,gasoline,1.6,118,variable,70000,suzuki
Suzuki,Grand Vitara,2010,55000,3,gasoline,2.4,165,automatic,145000,suzuki
Suzuki,Sx4,2013,27000,4,gasoline,1.6,118,variable,200000,suzuki
Suzuki,Sx4,2008,15000,2,gasoline,1.6,107,automatic,230000,suzuki
Suzuki,Sx4,2013,27000,4,gasoline,1.6,118,variable,135000,suzuki
Suzuki,Liana,2007,4500,4,gasoline,1.6,105,automatic,270000,suzuki
Suzuki,Sx4,2013,26000,2,gasoline,1.6,118,variable,217000,suzuki
Suzuki,Grand Vitara,2015,69500,2,gasoline,2.4,169,automatic,220000,suzuki
Suzuki,Baleno,2017,38500,2,gasoline,1.2,90,variable,151297,suzuki
Suzuki,Sx4,2010,12900,2,gasoline,1.6,120,automatic,270000,suzuki
Suzuki,Sx4,2016,52000,2,gasoline,1.6,118,variable,71000,suzuki
Suzuki,Grand Vitara,2008,45000,2,gasoline,2,140,automatic,222000,suzuki
Suzuki,Splash,2013,12500,2,gasoline,1.2,94,manual,210000,suzuki
Suzuki,Alto,2011,10000,2,gasoline,1,68,manual,198000,suzuki
Suzuki,Crossover,2021,95000,1,gasoline,1.4,140,automatic,63000,suzuki
Suzuki,Sx4,2011,21000,2,gasoline,1.6,120,automatic,192000,suzuki
Suzuki,Swift,2007,14000,3,gasoline,1.5,101,automatic,186000,suzuki
Suzuki,Swift,2016,40000,3,gasoline,1.2,94,manual,28000,suzuki
Suzuki,Alto,2014,13150,2,gasoline,1,68,manual,150000,suzuki
Suzuki,Vitara,2016,55000,2,gasoline,1.6,119,automatic,137700,suzuki
Suzuki,Sx4,2010,15000,3,gasoline,1.6,120,automatic,205000,suzuki
Suzuki,Swift,2009,19000,1,gasoline,1.5,101,automatic,175000,suzuki
Suzuki,Sx4,2008,5500,3,gasoline,1.6,107,automatic,168253,suzuki
Suzuki,Alto,2012,8700,2,gasoline,1,68,manual,163000,suzuki
Suzuki,Jimny,2005,25000,3,gasoline,1.3,85,automatic,250000,suzuki
Suzuki,Vitara,2017,67000,3,gasoline,1.6,119,automatic,155000,suzuki
Suzuki,Vitara,2016,59800,2,gasoline,1.6,119,automatic,147000,suzuki
Suzuki,Crossover,2018,60000,2,gasoline,1.4,140,automatic,115000,suzuki
Suzuki,Liana,2005,5000,2,gasoline,1.6,105,automatic,198832,suzuki
Suzuki,Jimny,1999,26000,3,gasoline,1.3,80,automatic,251000,suzuki
Suzuki,Sx4,2008,10000,3,gasoline,1.6,107,automatic,335000,suzuki
Suzuki,Sx4,2014,34000,3,gasoline,1.6,118,variable,178000,suzuki
Suzuki,Swift,2002,5500,3,gasoline,1.3,85,automatic,119525,suzuki
Suzuki,Sx4,2015,35000,3,gasoline,1.6,118,variable,160000,suzuki
Suzuki,Swift,2013,28000,4,gasoline,1.2,94,automatic,164000,suzuki
Suzuki,Jimny,2022,158000,1,gasoline,1.5,102,automatic,28000,suzuki
Suzuki,Sx4,2016,50000,2,gasoline,1.6,118,variable,60000,suzuki
Suzuki,Vitara,2021,107000,1,gasoline,1.4,129,automatic,42000,suzuki
Suzuki,Jimny,2002,40000,3,gasoline,1.3,80,automatic,214000,suzuki
Suzuki,Ignis,2005,6500,3,gasoline,1.3,83,automatic,117640,suzuki
Suzuki,Grand Vitara,2009,27000,2,gasoline,2.4,169,automatic,200000,suzuki
Suzuki,Jimny,2008,36000,4,gasoline,1.3,85,automatic,222000,suzuki
Suzuki,Vitara,2016,65000,1,gasoline,1.6,119,automatic,178680,suzuki
Suzuki,Jimny,2007,33000,4,gasoline,1.3,85,automatic,265000,suzuki
Suzuki,Sx4,2010,23000,3,gasoline,1.6,120,automatic,156000,suzuki
Suzuki,Grand Vitara,2013,47000,3,gasoline,2.4,165,automatic,150000,suzuki
Suzuki,Swift,2008,15700,3,gasoline,1.5,101,automatic,211000,suzuki
Suzuki,Splash,2011,13000,3,gasoline,1.2,94,automatic,245000,suzuki
Suzuki,Sx4,2011,20000,3,gasoline,1.6,120,automatic,110000,suzuki
Suzuki,Swift,2007,7000,3,gasoline,1.5,101,automatic,265000,suzuki
Suzuki,Sx4,2016,50000,2,gasoline,1.6,118,variable,130000,suzuki
Suzuki,Sx4,2012,24100,4,gasoline,1.6,120,automatic,240000,suzuki
Suzuki,Sx4,2014,24000,2,gasoline,1.6,120,automatic,172000,suzuki
Suzuki,Alto,2011,12000,3,gasoline,1,68,manual,125000,suzuki
Suzuki,Sx4,2010,19500,3,gasoline,1.6,120,automatic,150000,suzuki
Suzuki,Sx4,2014,32000,2,gasoline,1.6,118,variable,175000,suzuki
Suzuki,Sx4,2014,40000,2,gasoline,1.6,118,variable,113000,suzuki
Suzuki,S Cross,2022,108000,1,gasoline,1.4,129,automatic,57000,suzuki
Suzuki,Swift,2021,79000,1,gasoline,1.2,83,automatic,105000,suzuki
Suzuki,Vitara,2021,108000,1,gasoline,1.4,140,automatic,99000,suzuki
Suzuki,Swift,2019,59900,4,gasoline,1.2,90,automatic,58000,suzuki
Suzuki,Swift,2023,94000,1,gasoline,1.2,83,automatic,7000,suzuki
Suzuki,S Cross,2023,123990,1,gasoline,1.4,129,automatic,88000,suzuki
Suzuki,Jimny,2015,64000,3,gasoline,1.3,85,automatic,123800,suzuki
Suzuki,Swift,2021,84900,2,gasoline,1.2,83,automatic,78800,suzuki
Suzuki,Crossover,2022,92905,2,gasoline,1.4,129,automatic,98000,suzuki
Suzuki,Crossover,2019,73505,2,gasoline,1.4,140,automatic,140000,suzuki
Suzuki,Swift,2016,47715,1,gasoline,1.2,94,automatic,100766,suzuki
Suzuki,S Cross,2024,136995,1,gasoline,1.4,129,automatic,17671,suzuki
Suzuki,Swift,2008,10000,4,gasoline,1.5,101,automatic,190000,suzuki
Suzuki,Crossover,2021,88000,2,gasoline,1.4,129,automatic,100000,suzuki
Suzuki,Crossover,2013,45000,1,gasoline,1.6,117,variable,44000,suzuki
Suzuki,Ignis,2006,5000,2,gasoline,1.3,83,automatic,200000,suzuki
Suzuki,Ignis,2005,5000,3,gasoline,1.3,83,automatic,190000,suzuki
Suzuki,Grand Vitara,2006,35000,2,gasoline,2,140,automatic,242000,suzuki
Suzuki,Swift,2014,33500,2,gasoline,1.2,94,automatic,141000,suzuki
Suzuki,Liana,2007,2900,2,gasoline,1.6,105,automatic,162000,suzuki
Suzuki,Sx4,2015,49000,2,gasoline,1.6,118,variable,70000,suzuki
Suzuki,Grand Vitara,2010,55000,3,gasoline,2.4,165,automatic,145000,suzuki
Suzuki,Sx4,2013,27000,4,gasoline,1.6,118,variable,200000,suzuki
Suzuki,Sx4,2008,15000,2,gasoline,1.6,107,automatic,230000,suzuki
Suzuki,Sx4,2013,27000,4,gasoline,1.6,118,variable,135000,suzuki
Suzuki,Liana,2007,4500,4,gasoline,1.6,105,automatic,270000,suzuki
Suzuki,Sx4,2010,15000,3,gasoline,1.6,120,automatic,236000,suzuki
Suzuki,Swift,2013,10000,3,gasoline,1.2,94,manual,340000,suzuki
Suzuki,Sx4,2008,12000,3,gasoline,1.6,107,automatic,276000,suzuki
Suzuki,Vitara,2016,62000,1,gasoline,1.6,119,automatic,71000,suzuki
Suzuki,Vitara,2016,67500,1,gasoline,1.6,119,automatic,62000,suzuki
Suzuki,Swift,2008,15000,4,gasoline,1.5,101,automatic,175000,suzuki
Suzuki,Splash,2013,19000,2,gasoline,1.2,94,manual,121000,suzuki
Suzuki,Jimny,2010,47000,4,gasoline,1.3,85,automatic,185000,suzuki
Suzuki,Sx4,2013,26000,2,gasoline,1.6,118,variable,217000,suzuki
Suzuki,Grand Vitara,2015,69500,2,gasoline,2.4,169,automatic,220000,suzuki
Suzuki,Baleno,2017,38500,2,gasoline,1.2,90,variable,151297,suzuki
Suzuki,Sx4,2010,12900,2,gasoline,1.6,120,automatic,270000,suzuki
Suzuki,Sx4,2016,52000,2,gasoline,1.6,118,variable,71000,suzuki
Suzuki,Grand Vitara,2008,45000,2,gasoline,2,140,automatic,222000,suzuki
Suzuki,Splash,2013,12500,2,gasoline,1.2,94,manual,210000,suzuki
Suzuki,Alto,2012,8700,2,gasoline,1,68,manual,163000,suzuki
Suzuki,Jimny,2005,25000,3,gasoline,1.3,85,automatic,250000,suzuki
Suzuki,Vitara,2017,67000,3,gasoline,1.6,119,automatic,155000,suzuki
Toyota,Camry,2021,121000,2,hybrid,2.5,218,variable,115000,toyota
Toyota,Hilux,2008,55800,4,diesel,3,171,automatic,420000,toyota
Toyota,Corolla,2022,85900,1,hybrid,1.8,98,variable,81000,toyota
Toyota,Prius,2017,61800,3,hybrid,1.8,98,variable,168000,toyota
Toyota,Corolla,2022,99000,1,hybrid,1.8,121,variable,114000,toyota
Toyota,Corolla,2022,89900,1,hybrid,1.8,121,variable,73000,toyota
Toyota,Corolla,2021,83900,1,hybrid,1.8,121,variable,82000,toyota
Toyota,Rav4,2016,65500,2,gasoline,2,152,variable,173000,toyota
Toyota,Corolla,2020,84900,1,hybrid,1.8,121,variable,84000,toyota
Toyota,Corolla,2019,79900,2,hybrid,1.8,121,variable,81000,toyota
Toyota,C Hr,2019,88900,4,hybrid,1.8,122,automatic,88000,toyota
Toyota,Yaris Cross,2023,114000,1,hybrid,1.5,116,variable,60690,toyota
Toyota,Corolla,2022,77000,1,hybrid,1.8,98,variable,150000,toyota
Toyota,Corolla,2019,68800,3,hybrid,1.8,121,variable,145000,toyota
Toyota,Yaris Verso,2002,8500,2,gasoline,1.3,86,automatic,171000,toyota
Toyota,Corolla,2009,18800,4,gasoline,1.6,124,automatic,250000,toyota
Toyota,Auris,2013,42900,3,gasoline,1.6,132,variable,147000,toyota
Toyota,Corolla,2022,106900,1,hybrid,1.8,121,variable,36000,toyota
Toyota,Prius,2016,51900,2,hybrid,1.8,98,variable,184000,toyota
Toyota,Corolla,2020,85000,2,hybrid,1.8,121,variable,122000,toyota
Toyota,Camry,2013,39000,2,hybrid,2.5,200,variable,197000,toyota
Toyota,Allex,2006,9000,3,gasoline,1.6,110,automatic,250000,toyota
Toyota,Corolla,2021,85000,2,hybrid,1.8,121,variable,100000,toyota
Toyota,Rav4,2015,42200,4,gasoline,2,151,variable,151000,toyota
Toyota,Yaris,2001,4500,4,gasoline,1.3,86,automatic,35480,toyota
Toyota,Auris,2017,45000,3,hybrid,1.8,136,variable,247000,toyota
Toyota,Land Cruiser,2015,222000,3,diesel,3,190,automatic,147000,toyota
Toyota,Corolla,2015,33000,2,gasoline,1.6,132,variable,220000,toyota
Toyota,Corolla Cross,2023,155000,1,hybrid,1.8,140,variable,42500,toyota
Toyota,Auris,2017,45000,2,hybrid,1.8,136,variable,240000,toyota
Toyota,Yaris,2026,136995,,hybrid,1.5,116,variable,,toyota
Toyota,Yaris,2021,97995,2,hybrid,1.5,100,variable,76114,toyota
Toyota,Yaris Cross,2024,134155,1,hybrid,1.5,116,variable,18648,toyota
Toyota,Yaris Cross,2023,132750,1,hybrid,1.5,116,variable,43600,toyota
Toyota,Yaris,2018,52045,2,gasoline,1.5,112,variable,170000,toyota
Toyota,Proace City,2021,93965,1,diesel,1.5,131,automatic,82711,toyota
Toyota,Corolla,2023,105700,1,hybrid,1.8,98,variable,91576,toyota
Toyota,Corolla,2023,102750,1,hybrid,1.8,121,variable,85805,toyota
Toyota,Corolla,2022,97045,1,hybrid,1.8,121,variable,87051,toyota
Toyota,Corolla,2021,89690,2,hybrid,1.8,121,variable,129800,toyota
Toyota,Corolla,2019,91915,2,hybrid,1.8,121,variable,99000,toyota
Toyota,Corolla Cross,2024,164610,1,hybrid,1.8,140,variable,41899,toyota
Toyota,Corolla Cross,2023,141995,1,hybrid,1.8,140,variable,76907,toyota
Toyota,Corolla,2023,92780,1,gasoline,1.5,125,variable,67561,toyota
Toyota,Corolla,2023,98780,1,gasoline,1.5,125,variable,65013,toyota
Toyota,C Hr,2022,126635,1,hybrid,1.8,122,variable,87000,toyota
Toyota,C Hr,2021,115815,1,hybrid,1.8,122,variable,88448,toyota
Toyota,C Hr,2021,120915,1,hybrid,1.8,122,variable,85986,toyota
Toyota,C Hr,2019,76975,2,hybrid,1.8,122,automatic,156730,toyota
Toyota,C Hr,2019,87495,1,hybrid,1.8,122,automatic,144000,toyota
Toyota,Corolla Cross,2023,155000,1,hybrid,1.8,140,variable,42500,toyota
Toyota,Auris,2017,45000,2,hybrid,1.8,136,variable,240000,toyota
Toyota,Yaris,2012,31000,3,gasoline,1.3,99,variable,103000,toyota
Toyota,Land Cruiser,2008,90000,4,diesel,3,173,automatic,403000,toyota
Toyota,C Hr,2023,136000,1,hybrid,1.8,122,variable,30500,toyota
Toyota,Corolla,2022,87000,2,hybrid,1.8,121,variable,97000,toyota
Toyota,Camry,2021,155000,1,hybrid,2.5,218,variable,130,toyota
Toyota,Corolla,2010,25000,3,gasoline,1.6,124,automatic,260000,toyota
Toyota,Camry,2020,99000,2,hybrid,2.5,218,variable,178000,toyota
Toyota,Camry,2010,36000,4,gasoline,3.5,272,automatic,112700,toyota
Toyota,C Hr,2018,91480,1,hybrid,1.8,122,automatic,126425,toyota
Toyota,Aygo,2023,80675,1,gasoline,1,72,variable,63596,toyota
Toyota,Aygo,2023,80740,1,gasoline,1,72,variable,46045,toyota
Toyota,Aygo,2023,81490,1,gasoline,1,72,variable,35802,toyota
Toyota,Aygo,2023,81945,1,gasoline,1,72,variable,31153,toyota
Toyota,Aygo,2023,83060,1,gasoline,1,72,variable,25266,toyota
Toyota,Camry,2013,39000,2,hybrid,2.5,200,variable,197000,toyota
Toyota,Allex,2006,9000,3,gasoline,1.6,110,automatic,250000,toyota
Toyota,Corolla,2021,85000,2,hybrid,1.8,121,variable,100000,toyota
Toyota,Corolla,2021,114990,1,hybrid,1.8,98,variable,57000,toyota
Toyota,C Hr,2018,69990,2,hybrid,1.8,122,automatic,179000,toyota
Toyota,Rav4,2015,42200,4,gasoline,2,151,variable,151000,toyota
Toyota,Corolla,2021,89000,1,hybrid,1.8,121,variable,88000,toyota
Toyota,Yaris,2001,4500,4,gasoline,1.3,86,automatic,35480,toyota
Toyota,Auris,2017,45000,3,hybrid,1.8,136,variable,247000,toyota
Toyota,Land Cruiser,2015,222000,3,diesel,3,190,automatic,147000,toyota
Toyota,Corolla,2015,33000,2,gasoline,1.6,132,variable,220000,toyota
Toyota,Corolla Cross,2023,155000,1,hybrid,1.8,140,variable,42500,toyota
Toyota,Auris,2017,45000,2,hybrid,1.8,136,variable,240000,toyota
Toyota,Yaris,2012,31000,3,gasoline,1.3,99,variable,103000,toyota
Toyota,Rav4,2021,173000,2,hybrid,2.5,218,automatic,81000,toyota
Toyota,Corolla,2009,18000,2,gasoline,1.6,124,automatic,257500,toyota
Toyota,Rav4,2021,185000,2,hybrid,2.5,218,automatic,113000,toyota
Toyota,Yaris Cross,2022,110000,1,hybrid,1.5,116,variable,76000,toyota
Toyota,Corolla,2007,8400,4,gasoline,1.6,110,automatic,350000,toyota
Toyota,C Hr,2021,115000,2,hybrid,1.8,122,variable,37000,toyota
Toyota,Corolla,2019,74000,2,hybrid,1.8,121,variable,158000,toyota
Toyota,Corolla,2021,72000,2,hybrid,1.8,121,variable,155000,toyota
Toyota,Land Cruiser,2011,125000,2,diesel,3,190,automatic,310000,toyota
Toyota,Verso S,2011,15000,4,gasoline,1.3,99,variable,272000,toyota
Toyota,Land Cruiser,2008,90000,4,diesel,3,173,automatic,403000,toyota
Toyota,C Hr,2023,136000,1,hybrid,1.8,122,variable,30500,toyota
Toyota,Corolla,2022,87000,2,hybrid,1.8,121,variable,97000,toyota
Toyota,Yaris,2014,32000,3,gasoline,1.3,99,variable,183000,toyota
Toyota,Camry,2021,155000,1,hybrid,2.5,218,variable,130,toyota
Toyota,Corolla,2010,25000,3,gasoline,1.6,124,automatic,260000,toyota
Toyota,Corolla,2020,94990,2,hybrid,1.8,121,variable,79000,toyota
Toyota,Aygo,2012,14500,4,gasoline,1,67,robotic,175000,toyota
Toyota,Camry,2020,99000,2,hybrid,2.5,218,variable,178000,toyota
Toyota,Camry,2010,36000,4,gasoline,3.5,272,automatic,112700,toyota
Toyota,Auris,2014,36200,3,hybrid,1.8,99,variable,260000,toyota
Toyota,Auris,2017,72000,1,hybrid,1.8,136,variable,69000,toyota
Toyota,Rav4,2007,26000,3,gasoline,2,152,automatic,280000,toyota
Toyota,Auris,2013,45000,2,gasoline,1.6,132,variable,86000,toyota
Toyota,Camry,2022,125000,1,hybrid,2.5,218,variable,160000,toyota
Toyota,Yaris Cross,2024,129990,1,hybrid,1.5,116,variable,45000,toyota
Toyota,Corolla Cross,2023,142000,1,hybrid,1.8,140,variable,11000,toyota
Toyota,Aygo,2012,13800,3,gasoline,1,67,robotic,167000,toyota
Toyota,Corolla,2020,85000,1,hybrid,1.8,121,variable,177000,toyota
Toyota,Corolla,2013,50000,2,gasoline,1.6,132,variable,89000,toyota
Toyota,Verso S,2011,15000,4,gasoline,1.3,99,variable,272000,toyota
Toyota,Corolla,2008,13000,3,gasoline,1.6,124,robotic,330000,toyota
Toyota,Hilux,2018,170000,1,diesel,2.4,150,automatic,72000,toyota
Toyota,Corolla,2021,114000,1,hybrid,1.8,121,variable,39500,toyota
Toyota,Yaris,2022,96000,2,hybrid,1.5,100,variable,95372,toyota
Toyota,Verso S,2012,32000,3,gasoline,1.3,99,variable,116800,toyota
Toyota,Corolla,2006,7300,4,gasoline,1.6,110,automatic,350000,toyota
Toyota,Rav4,2025,278000,1,hybrid,2.5,222,variable,1300,toyota
Toyota,Corolla,2021,90000,4,hybrid,1.8,121,variable,59000,toyota
Toyota,Corolla,2021,70000,2,hybrid,1.8,98,variable,186000,toyota
Toyota,Corolla,2015,40000,3,gasoline,1.6,132,variable,187000,toyota
Toyota,Auris,2014,33000,3,hybrid,1.8,99,variable,231500,toyota
Toyota,C Hr,2019,88000,2,hybrid,1.8,122,automatic,115000,toyota
Toyota,Hilux,2002,17000,2,diesel,2.5,89,manual,470000,toyota
Toyota,C Hr,2019,97990,1,hybrid,1.8,122,automatic,92000,toyota
Toyota,Verso S,2012,21000,2,gasoline,1.3,99,variable,204000,toyota
Toyota,Hilux,2018,124990,2,diesel,2.4,150,automatic,359000,toyota
Toyota,Corolla,2018,55000,2,gasoline,1.6,132,variable,124000,toyota
Toyota,Corolla,2013,23000,2,gasoline,1.6,124,automatic,200000,toyota
Toyota,Yaris,2021,74990,1,hybrid,1.5,100,variable,159000,toyota
Toyota,Avensis,2014,25000,4,gasoline,2,152,variable,220000,toyota
Toyota,Aygo,2022,68990,2,gasoline,1,72,variable,44000,toyota
Toyota,Corolla,2008,12000,3,gasoline,1.6,124,automatic,260000,toyota
Toyota,Rav4,2021,169000,1,hybrid,2.5,218,automatic,78000,toyota
Toyota,Rav4,2021,173000,2,hybrid,2.5,218,automatic,81000,toyota
Toyota,Corolla,2009,18000,2,gasoline,1.6,124,automatic,257500,toyota
Toyota,Rav4,2021,185000,2,hybrid,2.5,218,automatic,113000,toyota
Toyota,Yaris Cross,2022,110000,1,hybrid,1.5,116,variable,76000,toyota
Toyota,Corolla,2023,113000,1,hybrid,1.8,98,variable,83000,toyota
Toyota,Corolla Cross,2026,159900,1,hybrid,1.8,140,variable,15,toyota
Toyota,Aygo,2023,73000,2,gasoline,1,72,variable,57000,toyota
Toyota,Avensis,2009,17500,3,gasoline,2,152,variable,170000,toyota
Toyota,Corolla,2008,15000,3,gasoline,1.6,124,automatic,270000,toyota
Toyota,Rav4,2021,200000,1,hybrid,2.5,222,automatic,47000,toyota
Toyota,Corolla,2008,14000,3,gasoline,1.6,124,automatic,205890,toyota
Toyota,Corolla,2021,110000,2,hybrid,1.8,121,variable,120000,toyota
Toyota,Corolla,2023,140000,1,hybrid,1.8,98,variable,29000,toyota
Toyota,Camry,2008,18000,3,gasoline,2.4,167,automatic,310000,toyota
Toyota,Corolla,2002,12000,3,gasoline,1.6,110,automatic,223000,toyota
Toyota,Previa,1994,7000,4,gasoline,2.4,132,automatic,200000,toyota
Toyota,Corolla,2007,8400,4,gasoline,1.6,110,automatic,350000,toyota
Toyota,C Hr,2021,115000,2,hybrid,1.8,122,variable,37000,toyota
Toyota,Corolla,2019,74000,2,hybrid,1.8,121,variable,158000,toyota
Toyota,Corolla,2021,72000,2,hybrid,1.8,121,variable,155000,toyota
Toyota,Land Cruiser,2011,125000,2,diesel,3,190,automatic,310000,toyota
Toyota,Verso S,2011,15000,4,gasoline,1.3,99,variable,272000,toyota
Toyota,Corolla,2008,13000,3,gasoline,1.6,124,robotic,330000,toyota
Toyota,Bz4X,2024,144900,2,electro,,,automatic,42200,toyota
Toyota,Hilux,2018,170000,1,diesel,2.4,150,automatic,72000,toyota
Toyota,Corolla,2021,114000,1,hybrid,1.8,121,variable,39500,toyota
Toyota,Corolla,2009,15000,2,gasoline,1.6,124,automatic,190000,toyota
Toyota,C Hr,2018,68000,2,hybrid,1.8,122,automatic,149000,toyota
Toyota,Corolla,2021,80000,1,hybrid,1.8,121,variable,86000,toyota
Toyota,C Hr,2020,85000,2,hybrid,1.8,122,variable,113000,toyota
Toyota,Yaris,2022,96000,2,hybrid,1.5,100,variable,95372,toyota
Toyota,Prius ,2021,120000,1,hybrid,1.8,136,automatic,108896,toyota
Toyota,Verso S,2012,32000,3,gasoline,1.3,99,variable,116800,toyota
Toyota,Corolla,2006,7300,4,gasoline,1.6,110,automatic,350000,toyota
Toyota,Rav4,2025,278000,1,hybrid,2.5,222,variable,1300,toyota
Toyota,Corolla,2021,90000,4,hybrid,1.8,121,variable,59000,toyota
Toyota,Corolla,2014,38000,3,gasoline,1.6,132,variable,174000,toyota
Toyota,Land Cruiser,2002,55000,3,diesel,3,163,automatic,369000,toyota
Toyota,Corolla,2007,8000,3,gasoline,1.6,110,automatic,308000,toyota
Toyota,Corolla,2008,13000,3,gasoline,1.6,124,automatic,238000,toyota
Toyota,Corolla,2007,10000,4,gasoline,1.6,110,automatic,247000,toyota
Toyota,Corolla,2022,99200,2,hybrid,1.8,121,variable,130000,toyota
Toyota,Rav4,2025,350000,1,hybrid,2.5,218,variable,5000,toyota
Toyota,Hilux,2006,35000,2,diesel,2.5,102,manual,350000,toyota
Toyota,Corolla,2019,69500,3,hybrid,1.8,121,variable,165000,toyota
Toyota,Land Cruiser,1999,30000,4,diesel,3,125,automatic,500000,toyota
Toyota,Corolla,2021,70000,2,hybrid,1.8,98,variable,186000,toyota
Toyota,Yaris,2007,9500,4,gasoline,1.3,87,robotic,220000,toyota
Toyota,Corolla,2019,99990,2,hybrid,1.8,121,variable,87000,toyota
Toyota,Corolla,2001,15000,3,gasoline,1.6,110,automatic,319000,toyota
Toyota,Corolla,2017,43000,2,gasoline,1.6,132,variable,161831,toyota
Toyota,Aygo,2023,73000,2,gasoline,1,72,variable,57000,toyota
Toyota,Avensis,2009,17500,3,gasoline,2,152,variable,170000,toyota
Toyota,Yaris,2021,89000,1,hybrid,1.5,116,variable,133000,toyota
Toyota,Camry,2021,129000,1,hybrid,2.5,218,variable,175000,toyota
Toyota,Corolla Cross,2025,161000,1,hybrid,1.8,140,variable,9000,toyota
Toyota,Corolla,2008,15000,3,gasoline,1.6,124,automatic,270000,toyota
Toyota,Rav4,2021,200000,1,hybrid,2.5,222,automatic,47000,toyota
Toyota,Corolla,2008,14000,3,gasoline,1.6,124,automatic,205890,toyota
Toyota,Corolla,2021,110000,2,hybrid,1.8,121,variable,120000,toyota
Toyota,Corolla,2023,140000,1,hybrid,1.8,98,variable,29000,toyota
Toyota,Corolla,2021,94990,2,hybrid,1.8,121,variable,65000,toyota
Toyota,Corolla,2020,99990,1,hybrid,1.8,121,variable,114000,toyota
Toyota,Camry,2008,18000,3,gasoline,2.4,167,automatic,310000,toyota
Toyota,Corolla,2002,12000,3,gasoline,1.6,110,automatic,223000,toyota
Toyota,Previa,1994,7000,4,gasoline,2.4,132,automatic,200000,toyota
Toyota,Land Cruiser,1999,30000,4,diesel,3,125,automatic,500000,toyota
Toyota,Corolla,2016,44000,3,gasoline,1.6,132,variable,181000,toyota
Toyota,Corolla,2008,16000,3,gasoline,1.6,124,automatic,214000,toyota
Toyota,Hiace,2007,34500,4,diesel,2.5,102,automatic,365000,toyota
Toyota,Corolla,2007,7000,3,gasoline,1.6,110,automatic,302000,toyota
Toyota,Corolla,2021,108000,2,hybrid,1.8,121,variable,58000,toyota
Toyota,Verso,2013,10000,3,gasoline,1.8,147,variable,479000,toyota
Toyota,Sienna,2014,100000,2,gasoline,3.5,268,automatic,128465,toyota
Toyota,Auris,2014,34000,4,hybrid,1.8,99,variable,256000,toyota
Toyota,Corolla,2017,46000,4,gasoline,1.6,132,variable,232000,toyota
Toyota,Corolla,2012,28000,3,gasoline,1.6,124,automatic,192000,toyota
Toyota,Prius,2018,49000,3,hybrid,1.8,122,variable,273600,toyota
Toyota,Rav4,2022,170000,1,hybrid,2.5,218,automatic,45544,toyota
Toyota,Land Cruiser,2025,410000,1,diesel,2.8,204,automatic,24285,toyota
Toyota,Corolla,2014,38000,3,gasoline,1.6,132,variable,174000,toyota
Toyota,Sienna,2023,210000,2,hybrid,2.5,245,automatic,150000,toyota
Toyota,Land Cruiser,2002,55000,3,diesel,3,163,automatic,369000,toyota
Toyota,Corolla,2007,8000,3,gasoline,1.6,110,automatic,308000,toyota
Toyota,Corolla,2008,13000,3,gasoline,1.6,124,automatic,238000,toyota
Toyota,Corolla,2007,10000,4,gasoline,1.6,110,automatic,247000,toyota
Toyota,Corolla,2022,99200,2,hybrid,1.8,121,variable,130000,toyota
Toyota,Rav4,2025,350000,1,hybrid,2.5,218,variable,5000,toyota
Toyota,Hilux,2006,35000,2,diesel,2.5,102,manual,350000,toyota
Toyota,Corolla,2019,69500,3,hybrid,1.8,121,variable,165000,toyota
Toyota,Land Cruiser,1999,30000,4,diesel,3,125,automatic,500000,toyota
Toyota,Yaris Cross,2023,109900,1,hybrid,1.5,116,variable,102000,toyota
Toyota,Camry,2023,149900,1,hybrid,2.5,218,variable,77000,toyota
Toyota,Corolla,2020,97900,1,hybrid,1.8,121,variable,115000,toyota
Toyota,Corolla,2020,91900,1,hybrid,1.8,121,variable,110000,toyota
Toyota,Corolla,2016,44000,3,gasoline,1.6,132,variable,181000,toyota
Toyota,C Hr,2018,85000,1,hybrid,1.8,122,automatic,83900,toyota
Toyota,Auris,2011,24000,2,gasoline,1.6,124,robotic,238888,toyota
Toyota,Avensis,2014,24000,2,gasoline,2,152,variable,287000,toyota
Toyota,Auris,2015,42000,3,hybrid,1.8,136,variable,249,toyota
Toyota,Yaris,2018,75000,2,hybrid,1.5,100,variable,112500,toyota
Toyota,Avensis,2008,11999,4,gasoline,2,147,automatic,195000,toyota
Toyota,Highlander,2023,260000,2,hybrid,2.4,186,variable,61000,toyota
Toyota,Corolla,2015,39000,3,gasoline,1.6,132,variable,160000,toyota
Toyota,Land Cruiser,2003,44000,4,diesel,3,163,automatic,350000,toyota
Toyota,Corolla,2018,68000,3,gasoline,1.6,132,variable,81000,toyota
Toyota,Corolla,2008,16000,3,gasoline,1.6,124,automatic,214000,toyota
Toyota,Hiace,2007,34500,4,diesel,2.5,102,automatic,365000,toyota
Toyota,Corolla,2007,7000,3,gasoline,1.6,110,automatic,302000,toyota
Toyota,Corolla,2021,108000,2,hybrid,1.8,121,variable,58000,toyota
Toyota,Verso,2013,10000,3,gasoline,1.8,147,variable,479000,toyota
Toyota,Sienna,2014,100000,2,gasoline,3.5,268,automatic,128465,toyota
Toyota,Auris,2014,34000,4,hybrid,1.8,99,variable,256000,toyota
Toyota,Corolla,2017,46000,4,gasoline,1.6,132,variable,232000,toyota
Toyota,C Hr,2018,85000,1,hybrid,1.8,122,automatic,83900,toyota
Toyota,Auris,2011,24000,2,gasoline,1.6,124,robotic,238888,toyota
Toyota,Avensis,2014,24000,2,gasoline,2,152,variable,287000,toyota
Toyota,Auris,2015,42000,3,hybrid,1.8,136,variable,249,toyota
Toyota,Yaris,2018,75000,2,hybrid,1.5,100,variable,112500,toyota
Toyota,Avensis,2008,11999,4,gasoline,2,147,automatic,195000,toyota
Toyota,Highlander,2023,260000,2,hybrid,2.4,186,variable,61000,toyota
Toyota,Corolla,2015,39000,3,gasoline,1.6,132,variable,160000,toyota
Toyota,Land Cruiser,2003,44000,4,diesel,3,163,automatic,350000,toyota
Toyota,Corolla,2018,68000,3,gasoline,1.6,132,variable,81000,toyota
Toyota,Corolla,2011,32000,3,gasoline,1.6,124,robotic,195000,toyota
Toyota,Corolla,2019,85000,2,hybrid,1.8,121,variable,103000,toyota
Toyota,Yaris Cross,2023,133000,1,hybrid,1.5,116,variable,42000,toyota
Toyota,Auris,2014,30000,3,hybrid,1.8,99,variable,160000,toyota
Toyota,Auris,2017,64000,2,hybrid,1.8,136,variable,142200,toyota
Toyota,Corolla,2021,105000,1,hybrid,1.8,121,variable,151000,toyota
Toyota,Corolla,2020,95500,1,gasoline,1.6,132,variable,62000,toyota
Toyota,Highlander,2021,285000,1,hybrid,2.4,186,variable,61000,toyota
Toyota,Prius,2008,24000,2,hybrid,1.5,113,automatic,250000,toyota
Toyota,Corolla,2021,99999,2,hybrid,1.8,121,variable,140000,toyota
Toyota,Corolla,2013,36999,3,gasoline,1.6,132,variable,122000,toyota
Toyota,Corolla,2005,10000,3,gasoline,1.6,110,automatic,235000,toyota
Toyota,Corolla Cross,2024,175000,1,hybrid,1.8,140,variable,9800,toyota
Toyota,Corolla,2019,86000,2,hybrid,1.8,121,variable,116000,toyota
Toyota,Prius,2008,13800,3,hybrid,1.5,113,automatic,360000,toyota
Toyota,Corolla,2020,93000,2,hybrid,1.8,121,variable,106000,toyota
Toyota,Land Cruiser,2007,83200,3,diesel,3,166,automatic,390000,toyota
Toyota,Yaris Cross,2023,133000,1,hybrid,1.5,116,variable,42000,toyota
Toyota,Auris,2014,30000,3,hybrid,1.8,99,variable,160000,toyota
Toyota,Auris,2017,64000,2,hybrid,1.8,136,variable,142200,toyota
Toyota,Corolla,2021,105000,1,hybrid,1.8,121,variable,151000,toyota
Toyota,Corolla,2020,95500,1,gasoline,1.6,132,variable,62000,toyota
Toyota,Highlander,2021,285000,1,hybrid,2.4,186,variable,61000,toyota
Toyota,Prius,2008,24000,2,hybrid,1.5,113,automatic,250000,toyota
Toyota,Corolla,2021,99999,2,hybrid,1.8,121,variable,140000,toyota
Toyota,Corolla,2013,36999,3,gasoline,1.6,132,variable,122000,toyota
Toyota,Corolla,2005,10000,3,gasoline,1.6,110,automatic,235000,toyota
Toyota,Rav4,2021,150000,1,hybrid,2.5,218,automatic,99400,toyota
Toyota,Corolla,2021,105000,1,hybrid,1.8,121,variable,140000,toyota
Toyota,Rav4,2020,160000,1,hybrid,2.5,218,automatic,62600,toyota
Toyota,Prius,2009,27000,1,hybrid,1.8,136,automatic,142000,toyota
Toyota,Yaris,2012,35500,4,hybrid,1.5,76,variable,208000,toyota
Toyota,Corolla,2015,39000,3,gasoline,1.6,132,variable,160000,toyota
Toyota,Land Cruiser,2003,44000,4,diesel,3,163,automatic,350000,toyota
Toyota,Corolla,2018,68000,3,gasoline,1.6,132,variable,81000,toyota
Toyota,Corolla,2011,32000,3,gasoline,1.6,124,robotic,195000,toyota
Toyota,Corolla,2019,85000,2,hybrid,1.8,121,variable,103000,toyota
Toyota,Hilux,2000,34000,3,diesel,2,90,manual,980000,toyota
Toyota,Corolla,2021,103000,1,hybrid,1.8,98,variable,120000,toyota
Toyota,Corolla,2021,99000,1,hybrid,1.8,121,variable,77000,toyota
Toyota,Corolla,2019,89000,2,hybrid,1.8,121,variable,104650,toyota
Toyota,Rav4,2018,125000,3,hybrid,2.5,200,variable,118000,toyota
Toyota,Hilux,2000,34000,3,diesel,2,90,manual,980000,toyota
Toyota,Corolla,2021,103000,1,hybrid,1.8,98,variable,120000,toyota
Toyota,Corolla,2021,99000,1,hybrid,1.8,121,variable,77000,toyota
Toyota,Corolla,2019,89000,2,hybrid,1.8,121,variable,104650,toyota
Toyota,Rav4,2018,125000,3,hybrid,2.5,200,variable,118000,toyota
Toyota,C Hr,2020,120000,3,hybrid,1.8,122,variable,50000,toyota
Toyota,Corolla,2020,80000,2,hybrid,1.8,121,variable,191000,toyota
Toyota,Corolla,2008,15000,4,gasoline,1.6,124,automatic,180000,toyota
Toyota,Corolla,2019,98000,2,hybrid,1.8,121,variable,54000,toyota
Toyota,Rav4,2020,165000,3,hybrid,2.5,218,automatic,79840,toyota
Toyota,C Hr,2017,76800,3,hybrid,1.8,122,automatic,147000,toyota
Toyota,Corolla,2010,24000,2,gasoline,1.6,124,automatic,165000,toyota
Toyota,Corolla,2020,63000,2,hybrid,1.8,122,variable,257000,toyota
Toyota,Yaris,2021,98000,1,hybrid,1.5,100,variable,47000,toyota
Toyota,Yaris Cross,2022,126000,1,hybrid,1.5,116,variable,25000,toyota
Toyota,Land Cruiser,2006,80000,3,diesel,3,166,automatic,450000,toyota
Toyota,Prius,2009,20500,4,hybrid,1.5,113,automatic,225000,toyota
Toyota,Corolla,2019,114000,1,hybrid,1.8,121,variable,89650,toyota
Toyota,Corolla,2010,19000,4,gasoline,1.6,124,automatic,179000,toyota
Toyota,Corolla,2021,105000,2,hybrid,1.8,121,variable,126000,toyota
Toyota,Yaris Cross,2023,133000,1,hybrid,1.5,116,variable,42000,toyota
Toyota,Auris,2014,30000,3,hybrid,1.8,99,variable,160000,toyota
Toyota,Auris,2017,64000,2,hybrid,1.8,136,variable,142200,toyota
Toyota,Corolla,2021,105000,1,hybrid,1.8,121,variable,151000,toyota
Toyota,Corolla,2020,95500,1,gasoline,1.6,132,variable,62000,toyota
Toyota,Highlander,2021,285000,1,hybrid,2.4,186,variable,61000,toyota
Toyota,Prius,2008,24000,2,hybrid,1.5,113,automatic,250000,toyota
Toyota,Corolla,2021,99999,2,hybrid,1.8,121,variable,140000,toyota
Toyota,Corolla,2013,36999,3,gasoline,1.6,132,variable,122000,toyota
Toyota,Corolla,2005,10000,3,gasoline,1.6,110,automatic,235000,toyota
Toyota,Corolla,2020,91000,2,hybrid,1.8,121,variable,76000,toyota
Toyota,Corolla,2019,67000,3,gasoline,1.6,132,variable,119000,toyota
Toyota,C Hr,2021,125000,1,hybrid,1.8,122,variable,78000,toyota
Toyota,Prius,2017,68000,3,hybrid,1.8,98,variable,165000,toyota
Toyota,Prius,2008,17000,4,hybrid,1.5,76,automatic,340000,toyota
Toyota,Hilux,2012,65000,1,diesel,2.5,144,manual,370000,toyota
Toyota,Camry,2009,35000,2,gasoline,2.5,181,automatic,190000,toyota
Toyota,Corolla,2019,105000,2,hybrid,1.8,121,variable,99000,toyota
Toyota,C Hr,2022,119000,1,hybrid,1.8,122,variable,92500,toyota
Toyota,Corolla,2009,23000,2,gasoline,1.6,124,automatic,210000,toyota
Toyota,Corolla,2018,60000,4,gasoline,1.6,132,variable,140000,toyota
Toyota,Land Cruiser,2000,42000,4,diesel,3,125,automatic,436000,toyota
Toyota,C Hr,2022,143500,2,hybrid,1.8,122,variable,65000,toyota
Toyota,Corolla,2019,93000,1,hybrid,1.8,121,variable,52000,toyota
Toyota,Camry,2020,130000,2,hybrid,2.5,218,variable,59000,toyota
Toyota,Rav4,2021,180000,1,hybrid,2.5,218,automatic,59000,toyota
Toyota,Corolla,2008,20000,3,gasoline,1.6,124,robotic,215000,toyota
Toyota,Hilux,2018,190000,2,diesel,2.4,150,automatic,280000,toyota
Toyota,Rav4,2019,122000,1,gasoline,2,175,variable,113000,toyota
Toyota,Auris,2018,61000,1,hybrid,1.8,136,variable,192000,toyota
Toyota,Rav4,2021,150000,1,hybrid,2.5,218,automatic,99400,toyota
Toyota,Corolla,2021,105000,1,hybrid,1.8,121,variable,140000,toyota
Toyota,Rav4,2020,160000,1,hybrid,2.5,218,automatic,62600,toyota
Toyota,Prius,2009,27000,1,hybrid,1.8,136,automatic,142000,toyota
Toyota,Yaris,2012,35500,4,hybrid,1.5,76,variable,208000,toyota
Toyota,Hilux,2000,34000,3,diesel,2,90,manual,980000,toyota
Toyota,Corolla,2021,103000,1,hybrid,1.8,98,variable,120000,toyota
Toyota,Corolla,2021,99000,1,hybrid,1.8,121,variable,77000,toyota
Toyota,Corolla,2019,89000,2,hybrid,1.8,121,variable,104650,toyota
Toyota,Rav4,2018,125000,3,hybrid,2.5,200,variable,118000,toyota
Toyota,Yaris,2009,17000,4,gasoline,1.3,87,automatic,250000,toyota
Toyota,Corolla,2019,88000,4,hybrid,1.8,121,variable,165000,toyota
Toyota,Yaris,2009,29000,1,gasoline,1.3,87,automatic,120000,toyota
Toyota,Corolla,2021,111000,2,hybrid,1.8,121,variable,124000,toyota
Toyota,C Hr,2024,160000,1,hybrid,1.8,140,variable,13000,toyota
Toyota,Corolla,2011,26500,3,gasoline,1.6,124,automatic,200000,toyota
Toyota,Allex,2007,17000,4,gasoline,1.6,110,automatic,115000,toyota
Toyota,Rav4,2015,70000,1,gasoline,2,152,variable,149000,toyota
Toyota,C Hr,2019,100000,1,hybrid,1.8,122,automatic,175000,toyota
Toyota,Corolla,2021,133000,1,hybrid,1.8,98,variable,61000,toyota
Toyota,Rav4,2002,21000,3,gasoline,2,150,automatic,310159,toyota
Toyota,Aygo,2022,72000,2,gasoline,1,72,variable,22200,toyota
Toyota,Hilux,2022,185000,1,diesel,2.4,150,automatic,20000,toyota
Toyota,Hilux,2023,280000,1,diesel,2.8,204,automatic,58000,toyota
Toyota,Corolla,2008,25000,2,gasoline,1.6,124,robotic,168000,toyota
Toyota,Corolla,2012,27000,3,gasoline,1.6,124,automatic,170000,toyota
Toyota,Corolla,2004,15100,4,gasoline,1.6,110,automatic,251150,toyota
Toyota,Aygo,2022,73000,1,gasoline,1,72,variable,25500,toyota
Toyota,Prius,2017,57000,3,hybrid,1.8,98,variable,230000,toyota
Toyota,Corolla,2021,135000,2,hybrid,1.8,98,variable,50000,toyota
Toyota,C Hr,2020,120000,3,hybrid,1.8,122,variable,50000,toyota
Toyota,Corolla,2020,80000,2,hybrid,1.8,121,variable,191000,toyota
Toyota,Corolla,2008,15000,4,gasoline,1.6,124,automatic,180000,toyota
Toyota,Corolla,2019,98000,2,hybrid,1.8,121,variable,54000,toyota
Toyota,Rav4,2020,165000,3,hybrid,2.5,218,automatic,79840,toyota
Toyota,C Hr,2017,76800,3,hybrid,1.8,122,automatic,147000,toyota
Toyota,Corolla,2010,24000,2,gasoline,1.6,124,automatic,165000,toyota
Toyota,Corolla,2020,63000,2,hybrid,1.8,122,variable,257000,toyota
Toyota,Yaris,2021,98000,1,hybrid,1.5,100,variable,47000,toyota
Toyota,Yaris Cross,2022,126000,1,hybrid,1.5,116,variable,25000,toyota
Toyota,Yaris,2014,40000,3,hybrid,1.5,76,variable,190000,toyota
Toyota,Sienna,2018,162000,2,gasoline,3.5,296,automatic,247000,toyota
Toyota,Prius,2013,22000,2,hybrid,1.8,136,automatic,310000,toyota
Toyota,Corolla,2008,10000,4,gasoline,1.6,124,automatic,291000,toyota
Toyota,Auris,2014,36000,2,hybrid,1.8,136,variable,162009,toyota
Toyota,Corolla,2013,43000,2,gasoline,1.6,132,variable,155000,toyota
Toyota,C Hr,2021,132000,1,hybrid,1.8,122,variable,27000,toyota
Toyota,Yaris,2013,38000,3,hybrid,1.5,76,variable,183650,toyota
Toyota,Corolla,2008,15000,4,gasoline,1.6,124,robotic,260000,toyota
Toyota,Land Cruiser,2007,110000,3,diesel,3,166,automatic,250000,toyota
Toyota,Avensis,2009,18000,2,gasoline,2,152,variable,248000,toyota
Toyota,Yaris,2023,120000,1,hybrid,1.5,116,variable,36000,toyota
Toyota,Corolla,2019,127000,3,hybrid,1.8,121,variable,40000,toyota
Toyota,Corolla,2016,55000,3,gasoline,1.6,132,variable,197000,toyota
Toyota,Corolla,2003,6000,3,gasoline,1.6,110,automatic,270000,toyota
Toyota,Corolla,2008,13500,4,gasoline,1.6,124,automatic,224700,toyota
Toyota,Corolla,2020,86000,1,hybrid,1.8,121,variable,160000,toyota
Toyota,Corolla,2021,125000,1,hybrid,1.8,121,variable,23500,toyota
Toyota,C Hr,2018,98000,2,hybrid,1.8,122,automatic,98000,toyota
Toyota,Corolla,2021,69500,2,hybrid,1.8,121,variable,182000,toyota
Toyota,Land Cruiser,2006,80000,3,diesel,3,166,automatic,450000,toyota
Toyota,Prius,2009,20500,4,hybrid,1.5,113,automatic,225000,toyota
Toyota,Corolla,2019,114000,1,hybrid,1.8,121,variable,89650,toyota
Toyota,Corolla,2010,19000,4,gasoline,1.6,124,automatic,179000,toyota
Toyota,Corolla,2021,105000,2,hybrid,1.8,121,variable,126000,toyota
Toyota,Corolla,2020,91000,2,hybrid,1.8,121,variable,76000,toyota
Toyota,Corolla,2019,67000,3,gasoline,1.6,132,variable,119000,toyota
Toyota,C Hr,2021,125000,1,hybrid,1.8,122,variable,78000,toyota
Toyota,Prius,2017,68000,3,hybrid,1.8,98,variable,165000,toyota
Toyota,Prius,2008,17000,4,hybrid,1.5,76,automatic,340000,toyota
Toyota,Corolla,2003,7500,3,gasoline,1.6,110,automatic,275000,toyota
Toyota,C Hr,2019,110000,1,hybrid,1.8,122,automatic,70000,toyota
Toyota,Proace City,2023,117000,1,diesel,1.5,130,automatic,24,toyota
Toyota,Corolla,2014,37500,3,gasoline,1.6,132,variable,225000,toyota
Toyota,C Hr,2018,110000,2,hybrid,1.8,122,automatic,72000,toyota
Toyota,Corolla,2012,29000,3,gasoline,1.6,124,automatic,217000,toyota
Toyota,C Hr,2020,115900,2,hybrid,1.8,122,variable,62850,toyota
Toyota,Yaris,2002,9000,3,gasoline,1.3,86,automatic,178000,toyota
Toyota,Prius ,2014,60000,2,hybrid,1.8,99,automatic,272000,toyota
Toyota,Corolla,2011,22999,4,gasoline,1.6,124,automatic,261000,toyota
Toyota,Avensis,2009,15000,2,gasoline,2,152,variable,270000,toyota
Toyota,C Hr,2018,93400,2,hybrid,1.8,122,automatic,102000,toyota
Toyota,Yaris,2018,72000,2,hybrid,1.5,100,variable,139000,toyota
Toyota,Corolla,2009,15400,4,gasoline,1.6,124,automatic,400500,toyota
Toyota,Land Cruiser,2008,118000,2,diesel,3,173,automatic,271000,toyota
Toyota,Corolla,2016,55000,1,gasoline,1.6,132,variable,200000,toyota
Toyota,Corolla,2013,32000,4,gasoline,1.6,132,variable,240516,toyota
Toyota,Rav4,2015,64000,1,gasoline,2,151,variable,190000,toyota
Toyota,Hilux,2013,106000,4,diesel,2.5,144,manual,278000,toyota
Toyota,Corolla,2019,87000,3,hybrid,1.8,121,variable,140000,toyota
Toyota,Hilux,2012,65000,1,diesel,2.5,144,manual,,toyota
Toyota,Camry,2009,35000,2,gasoline,2.5,181,automatic,,toyota
Toyota,Corolla,2019,105000,2,hybrid,1.8,121,variable,,toyota
Toyota,C Hr,2022,119000,1,hybrid,1.8,122,variable,,toyota
Toyota,Corolla,2009,23000,2,gasoline,1.6,124,automatic,,toyota
Toyota,Corolla,2018,60000,4,gasoline,1.6,132,variable,,toyota
Toyota,Land Cruiser,2000,42000,4,diesel,3,125,automatic,436000,toyota
Toyota,C Hr,2022,143500,2,hybrid,1.8,122,variable,65000,toyota
Toyota,Corolla,2019,93000,1,hybrid,1.8,121,variable,52000,toyota
Toyota,Camry,2020,130000,2,hybrid,2.5,218,variable,59000,toyota
Toyota,Camry,2011,33000,1,gasoline,3.5,272,automatic,255000,toyota
Toyota,Land Cruiser,2005,115000,4,gasoline,4,250,automatic,220000,toyota
Toyota,C Hr,2020,110000,1,hybrid,1.8,122,variable,90000,toyota
Toyota,Corolla,2020,87500,2,hybrid,1.8,121,variable,130000,toyota
Toyota,Rav4,2008,33000,3,gasoline,2,152,automatic,200000,toyota
Toyota,Corolla,2008,15000,4,gasoline,1.6,124,automatic,268250,toyota
Toyota,Hiace,2008,39000,2,diesel,2.5,117,manual,580000,toyota
Toyota,Corolla,2020,110000,2,hybrid,1.8,121,variable,52000,toyota
Toyota,Yaris,2000,6000,4,gasoline,1.3,86,automatic,278804,toyota
Toyota,Corolla,2019,102000,3,hybrid,1.8,121,variable,82000,toyota
Toyota,Yaris,2002,10200,3,gasoline,1.3,86,automatic,160000,toyota
Toyota,Corolla,2008,21000,4,gasoline,1.6,124,robotic,,toyota
Toyota,Corolla,2003,8000,2,gasoline,1.6,110,automatic,350000,toyota
Toyota,Land Cruiser,2014,190000,1,diesel,3,190,automatic,340000,toyota
Toyota,Corolla,2013,40000,2,gasoline,1.6,132,variable,208000,toyota
Toyota,Avensis,2008,14000,3,gasoline,2,147,automatic,214000,toyota
Toyota,Prius,2008,30000,4,hybrid,1.5,113,automatic,226000,toyota
Toyota,Corolla,2019,95000,4,hybrid,1.8,121,variable,72000,toyota
Toyota,Rav4,2022,215000,1,hybrid,2.5,222,automatic,95000,toyota
Toyota,Yaris,2012,40000,1,hybrid,1.5,76,variable,261000,toyota
Toyota,Rav4,2021,180000,1,hybrid,2.5,218,automatic,59000,toyota
Toyota,Corolla,2008,20000,3,gasoline,1.6,124,robotic,215000,toyota
Toyota,Hilux,2018,190000,2,diesel,2.4,150,automatic,280000,toyota
Toyota,Rav4,2019,122000,1,gasoline,2,175,variable,113000,toyota
Toyota,Auris,2018,61000,1,hybrid,1.8,136,variable,192000,toyota
Toyota,Yaris,2009,17000,4,gasoline,1.3,87,automatic,250000,toyota
Toyota,Corolla,2019,88000,4,hybrid,1.8,121,variable,165000,toyota
Toyota,Yaris,2009,29000,1,gasoline,1.3,87,automatic,120000,toyota
Toyota,Corolla,2021,111000,2,hybrid,1.8,121,variable,124000,toyota
Toyota,C Hr,2024,160000,1,hybrid,1.8,140,variable,13000,toyota
Toyota,Corolla,2006,10500,2,gasoline,1.6,110,automatic,199000,toyota
Toyota,Corolla,2017,55000,2,gasoline,1.6,132,variable,158000,toyota
Toyota,Yaris,2008,16500,3,gasoline,1.3,87,manual,110000,toyota
Toyota,Corolla,2008,15000,3,gasoline,1.6,124,robotic,272400,toyota
Toyota,Corolla,2015,52000,3,gasoline,1.6,132,variable,182000,toyota
Toyota,Rav4,2021,159000,1,hybrid,2.5,218,automatic,71000,toyota
Toyota,Corolla,2014,39800,2,gasoline,1.6,132,variable,206300,toyota
Toyota,Hilux,2001,25000,4,diesel,2,90,manual,568560,toyota
Toyota,Corolla,2007,12500,2,gasoline,1.6,110,automatic,260000,toyota
Toyota,Rav4,2018,120000,2,hybrid,2.5,200,variable,95000,toyota
Toyota,Land Cruiser,2014,185000,3,diesel,3,190,automatic,280000,toyota
Toyota,Corolla,2011,25000,1,gasoline,1.6,124,automatic,260000,toyota
Toyota,Prius,2010,27000,4,hybrid,1.8,136,automatic,280000,toyota
Toyota,C Hr,2021,120000,2,hybrid,1.8,122,variable,102000,toyota
Toyota,Rav4,2015,72500,3,gasoline,2,151,variable,140000,toyota
Toyota,Hilux,2013,85000,1,diesel,2.5,144,manual,540000,toyota
Toyota,Corolla,2010,24500,2,gasoline,1.6,124,automatic,289000,toyota
Toyota,Bz4X,2023,235200,1,electro,,,automatic,53000,toyota
Toyota,Corolla,2020,110000,3,hybrid,1.8,121,variable,200000,toyota
Toyota,Corolla,2021,100000,1,hybrid,1.8,121,variable,88000,toyota
Toyota,Corolla,2011,26500,3,gasoline,1.6,124,automatic,200000,toyota
Toyota,Allex,2007,17000,4,gasoline,1.6,110,automatic,115000,toyota
Toyota,Rav4,2015,70000,1,gasoline,2,152,variable,149000,toyota
Toyota,C Hr,2019,100000,1,hybrid,1.8,122,automatic,175000,toyota
Toyota,Corolla,2021,133000,1,hybrid,1.8,98,variable,61000,toyota
Toyota,Rav4,2002,21000,3,gasoline,2,150,automatic,310159,toyota
Toyota,Aygo,2022,72000,2,gasoline,1,72,variable,22200,toyota
Toyota,Hilux,2022,185000,1,diesel,2.4,150,automatic,20000,toyota
Toyota,Hilux,2023,280000,1,diesel,2.8,204,automatic,58000,toyota
Toyota,Corolla,2008,25000,2,gasoline,1.6,124,robotic,168000,toyota
Toyota,Land Cruiser,2020,255000,2,diesel,2.8,177,automatic,60000,toyota
Toyota,Corolla,2021,89500,2,hybrid,1.8,98,variable,87000,toyota
Toyota,Rav4,2018,129900,2,hybrid,2.5,200,variable,115000,toyota
Toyota,Corolla,2021,121000,1,hybrid,1.8,121,variable,75000,toyota
Toyota,Land Cruiser,2020,259005,2,diesel,2.8,204,automatic,56000,toyota
Toyota,Yaris,2005,13000,4,gasoline,1.3,86,automatic,207000,toyota
Toyota,Yaris,2000,4500,4,gasoline,1,68,manual,295000,toyota
Toyota,Camry,2021,92000,1,hybrid,2.5,218,variable,147000,toyota
Toyota,Corolla,2023,128000,1,gasoline,1.5,125,variable,19500,toyota
Toyota,Prius,2007,19800,3,hybrid,1.5,113,automatic,290000,toyota
Toyota,Yaris,2003,12000,2,gasoline,1.3,86,automatic,156000,toyota
Toyota,Prius,2009,12000,4,hybrid,1.5,113,automatic,330000,toyota
Toyota,Auris,2017,63000,2,hybrid,1.8,136,variable,160000,toyota
Toyota,Aygo,2022,76000,1,gasoline,1,72,variable,44000,toyota
Toyota,Hilux,2021,250000,2,diesel,2.4,150,automatic,81400,toyota
Toyota,Yaris,2018,75000,1,gasoline,1.5,112,variable,65000,toyota
Toyota,Prius,2011,35000,2,hybrid,1.8,136,automatic,192000,toyota
Toyota,Land Cruiser,2002,50000,4,diesel,3,163,automatic,360000,toyota
Toyota,Land Cruiser,2022,330000,1,diesel,2.8,204,automatic,26500,toyota
Toyota,Corolla,2015,50000,2,gasoline,1.6,132,variable,185000,toyota
Toyota,Corolla,2012,27000,3,gasoline,1.6,124,automatic,170000,toyota
Toyota,Corolla,2004,15100,4,gasoline,1.6,110,automatic,251150,toyota
Toyota,Aygo,2022,73000,1,gasoline,1,72,variable,25500,toyota
Toyota,Prius,2017,57000,3,hybrid,1.8,98,variable,230000,toyota
Toyota,Corolla,2021,135000,2,hybrid,1.8,98,variable,50000,toyota
Toyota,Yaris,2014,40000,3,hybrid,1.5,76,variable,190000,toyota
Toyota,Sienna,2018,162000,2,gasoline,3.5,296,automatic,247000,toyota
Toyota,Prius,2013,22000,2,hybrid,1.8,136,automatic,310000,toyota
Toyota,Corolla,2008,10000,4,gasoline,1.6,124,automatic,291000,toyota
Toyota,Auris,2014,36000,2,hybrid,1.8,136,variable,162009,toyota
Toyota,Rav4,2007,26000,4,gasoline,2,152,automatic,261000,toyota
Toyota,Corolla,2014,42000,1,gasoline,1.6,132,variable,220000,toyota
Toyota,Land Cruiser,2011,130000,4,diesel,3,190,automatic,300000,toyota
Toyota,Corolla,2007,11000,2,gasoline,1.6,110,automatic,322000,toyota
Toyota,Corolla,2008,19000,4,gasoline,1.6,124,robotic,137542,toyota
Toyota,Yaris,2018,65000,1,gasoline,1.5,112,variable,103000,toyota
Toyota,Corolla,2016,75000,1,gasoline,1.6,132,variable,67000,toyota
Toyota,Corolla,2017,60000,2,gasoline,1.6,132,variable,124800,toyota
Toyota,Hilux,2022,275000,1,diesel,2.8,204,automatic,70000,toyota
Toyota,Land Cruiser,2008,100000,2,diesel,3,173,automatic,350000,toyota
Toyota,Land Cruiser,2016,190000,2,diesel,2.8,177,automatic,227000,toyota
Toyota,Corolla,2016,57000,1,gasoline,1.6,132,variable,260000,toyota
Toyota,Corolla,2004,11000,2,gasoline,1.6,110,automatic,210000,toyota
Toyota,C Hr,2018,100000,1,hybrid,1.8,122,automatic,55000,toyota
Toyota,Land Cruiser,2015,250000,2,diesel,3,190,automatic,125000,toyota
Toyota,Corolla,2012,28000,2,gasoline,1.6,124,automatic,248000,toyota
Toyota,Verso,2011,35000,3,gasoline,1.8,147,variable,253000,toyota
Toyota,Rav4,2016,85000,1,gasoline,2,152,variable,90000,toyota
Toyota,Hilux,2002,40000,3,diesel,2.5,102,automatic,450000,toyota
Toyota,Allex,2004,7000,3,gasoline,1.5,109,automatic,280000,toyota
Toyota,Corolla,2013,43000,2,gasoline,1.6,132,variable,155000,toyota
Toyota,C Hr,2021,132000,1,hybrid,1.8,122,variable,27000,toyota
Toyota,Yaris,2013,38000,3,hybrid,1.5,76,variable,183650,toyota
Toyota,Corolla,2008,15000,4,gasoline,1.6,124,robotic,260000,toyota
Toyota,Land Cruiser,2007,110000,3,diesel,3,166,automatic,250000,toyota
Toyota,Avensis,2009,18000,2,gasoline,2,152,variable,248000,toyota
Toyota,Yaris,2023,120000,1,hybrid,1.5,116,variable,36000,toyota
Toyota,Corolla,2019,127000,3,hybrid,1.8,121,variable,40000,toyota
Toyota,Corolla,2016,55000,3,gasoline,1.6,132,variable,197000,toyota
Toyota,Corolla,2003,6000,3,gasoline,1.6,110,automatic,270000,toyota
Toyota,Land Cruiser,2006,99000,4,diesel,3,166,automatic,295000,toyota
Toyota,Corolla,2020,95000,2,hybrid,1.8,121,variable,122000,toyota
Toyota,Rav4,2008,40000,3,gasoline,2,152,automatic,150000,toyota
Toyota,Corolla,2014,47000,3,gasoline,1.6,132,variable,190000,toyota
Toyota,Corolla,2023,165000,1,hybrid,1.8,98,variable,6350,toyota
Toyota,Highlander,2021,250000,1,hybrid,2.5,248,automatic,57000,toyota
Toyota,Yaris,2019,62999,1,hybrid,1.5,100,variable,220000,toyota
Toyota,Land Cruiser,2008,127500,1,diesel,3,173,automatic,430000,toyota
Toyota,Yaris,2006,13700,4,gasoline,1.3,87,robotic,160000,toyota
Toyota,Auris,2017,56000,2,hybrid,1.8,136,variable,176000,toyota
Toyota,Rav4,2024,240000,1,hybrid,2.5,218,automatic,3000,toyota
Toyota,Corolla,2021,135000,1,hybrid,1.8,121,variable,15900,toyota
Toyota,Corolla,2019,85000,2,gasoline,1.6,132,variable,135000,toyota
Toyota,Allex,2006,9500,4,gasoline,1.6,110,automatic,240000,toyota
Toyota,Yaris,2024,135000,1,hybrid,1.5,116,variable,21000,toyota
Toyota,Corolla,2015,59000,2,gasoline,1.6,132,variable,131000,toyota
Toyota,Corolla,2019,95000,2,hybrid,1.8,121,variable,98500,toyota
Toyota,Corolla,2019,90000,2,hybrid,1.8,121,variable,105000,toyota
Toyota,Rav4,2021,145000,1,hybrid,2.5,218,automatic,120000,toyota
Toyota,Yaris,2011,29500,3,gasoline,1.3,100,robotic,125736,toyota
Toyota,Corolla,2008,13500,4,gasoline,1.6,124,automatic,224700,toyota
Toyota,Corolla,2020,86000,1,hybrid,1.8,121,variable,160000,toyota
Toyota,Corolla,2021,125000,1,hybrid,1.8,121,variable,23500,toyota
Toyota,C Hr,2018,98000,2,hybrid,1.8,122,automatic,98000,toyota
Toyota,Corolla,2021,69500,2,hybrid,1.8,121,variable,182000,toyota
Toyota,Corolla,2003,7500,3,gasoline,1.6,110,automatic,275000,toyota
Toyota,C Hr,2019,110000,1,hybrid,1.8,122,automatic,70000,toyota
Toyota,Proace City,2023,117000,1,diesel,1.5,130,automatic,24,toyota
Toyota,Corolla,2014,37500,3,gasoline,1.6,132,variable,225000,toyota
Toyota,C Hr,2018,110000,2,hybrid,1.8,122,automatic,72000,toyota
Toyota,Verso,2011,19500,4,gasoline,1.8,147,variable,300000,toyota
Toyota,Yaris,2009,13000,2,gasoline,1.3,100,robotic,206000,toyota
Toyota,Corolla,2007,11000,1,gasoline,1.6,110,automatic,309000,toyota
Toyota,Bz4X,2023,195000,1,electro,,,automatic,20000,toyota
Toyota,Camry,2014,55000,2,hybrid,2.5,200,variable,196000,toyota
Toyota,C Hr,2019,96000,3,hybrid,1.8,122,automatic,86000,toyota
Toyota,Auris,2018,70000,2,hybrid,1.8,136,variable,160000,toyota
Toyota,Corolla,2013,15000,4,gasoline,1.6,124,automatic,165115,toyota
Toyota,Corolla,2010,25000,3,gasoline,1.6,124,automatic,142000,toyota
Toyota,Verso,2012,36000,3,gasoline,1.8,147,variable,240000,toyota
Toyota,Yaris,2005,10000,3,gasoline,1.3,86,automatic,200000,toyota
Toyota,Verso,2012,42000,2,gasoline,1.8,147,variable,204000,toyota
Toyota,Allex,2004,7000,2,gasoline,1.5,109,automatic,240000,toyota
Toyota,Land Cruiser,2020,240000,1,diesel,2.8,204,automatic,59000,toyota
Toyota,Sequoia,2013,245000,1,gasoline,5.7,381,automatic,96000,toyota
Toyota,Avensis,2003,10000,3,gasoline,2,147,automatic,375000,toyota
Toyota,C Hr,2021,131000,1,hybrid,1.8,122,variable,55000,toyota
Toyota,C Hr,2017,85000,1,hybrid,1.8,122,automatic,67000,toyota
Toyota,Corolla,2015,51000,3,gasoline,1.6,132,variable,127000,toyota
Toyota,Hilux,2004,55000,4,diesel,2.5,102,manual,490000,toyota
Toyota,Corolla,2012,29000,3,gasoline,1.6,124,automatic,217000,toyota
Toyota,C Hr,2020,115900,2,hybrid,1.8,122,variable,62850,toyota
Toyota,Yaris,2002,9000,3,gasoline,1.3,86,automatic,178000,toyota
Toyota,Prius ,2014,60000,2,hybrid,1.8,99,automatic,272000,toyota
Toyota,Corolla,2011,22999,4,gasoline,1.6,124,automatic,261000,toyota
Toyota,Avensis,2009,15000,2,gasoline,2,152,variable,270000,toyota
Toyota,C Hr,2018,93400,2,hybrid,1.8,122,automatic,102000,toyota
Toyota,Yaris,2018,72000,2,hybrid,1.5,100,variable,139000,toyota
Toyota,Corolla,2009,15400,4,gasoline,1.6,124,automatic,400500,toyota
Toyota,Land Cruiser,2008,118000,2,diesel,3,173,automatic,271000,toyota
Toyota,Corolla,2007,14000,3,gasoline,1.6,110,automatic,270000,toyota
Toyota,Corolla,2019,108500,2,hybrid,1.8,121,variable,67000,toyota
Toyota,Corolla,2006,12000,3,gasoline,1.6,110,automatic,263000,toyota
Toyota,Corolla,2015,55000,1,gasoline,1.6,132,variable,138000,toyota
Toyota,Auris,2014,40000,2,hybrid,1.8,136,variable,188000,toyota
Toyota,Corolla,2019,85000,2,hybrid,1.8,121,variable,138000,toyota
Toyota,Yaris,2004,10000,3,gasoline,1.3,86,automatic,204083,toyota
Toyota,Avensis,2014,40000,3,gasoline,2,152,variable,140000,toyota
Toyota,Land Cruiser,2004,62000,3,diesel,3,163,automatic,595000,toyota
Toyota,Auris,2011,22500,1,hybrid,1.8,99,variable,265000,toyota
Toyota,Yaris,2010,20500,2,gasoline,1.3,100,robotic,175000,toyota
Toyota,Land Cruiser,2007,85000,2,diesel,3,166,automatic,420000,toyota
Toyota,Allex,2005,16000,2,gasoline,1.6,110,automatic,141000,toyota
Toyota,Land Cruiser,2019,245000,1,diesel,2.8,177,automatic,200000,toyota
Toyota,Land Cruiser,2002,58000,4,diesel,3,163,automatic,476000,toyota
Toyota,Land Cruiser,2005,75000,3,diesel,3,163,automatic,525000,toyota
Toyota,Corolla,2019,105000,1,hybrid,1.8,121,variable,102000,toyota
Toyota,Corolla,2021,120000,1,hybrid,1.8,121,variable,30000,toyota
Toyota,Rav4,2013,60000,2,gasoline,2,151,variable,155000,toyota
Toyota,Corolla,2020,80000,2,hybrid,1.8,121,variable,150000,toyota
Toyota,Corolla,2016,55000,1,gasoline,1.6,132,variable,200000,toyota
Toyota,Corolla,2013,32000,4,gasoline,1.6,132,variable,240516,toyota
Toyota,Rav4,2015,64000,1,gasoline,2,151,variable,190000,toyota
Toyota,Hilux,2013,106000,4,diesel,2.5,144,manual,278000,toyota
Toyota,Corolla,2019,87000,3,hybrid,1.8,121,variable,140000,toyota
Toyota,Camry,2011,33000,1,gasoline,3.5,272,automatic,255000,toyota
Toyota,Land Cruiser,2005,115000,4,gasoline,4,250,automatic,220000,toyota
Toyota,C Hr,2020,110000,1,hybrid,1.8,122,variable,90000,toyota
Toyota,Corolla,2020,87500,2,hybrid,1.8,121,variable,130000,toyota
Toyota,Rav4,2008,33000,3,gasoline,2,152,automatic,200000,toyota
Toyota,Auris,2017,65000,3,hybrid,1.8,136,variable,110000,toyota
Toyota,Land Cruiser,2008,95000,2,diesel,3,173,automatic,283000,toyota
Toyota,Corolla,2021,124000,1,hybrid,1.8,121,variable,38000,toyota
Toyota,Corolla,2009,25500,1,gasoline,1.6,124,automatic,192000,toyota
Toyota,Corolla,2005,13500,4,gasoline,1.6,110,automatic,183000,toyota
Toyota,Corolla,2009,23000,2,gasoline,1.6,124,automatic,180500,toyota
Toyota,Corolla,2017,60000,2,gasoline,1.6,132,variable,190000,toyota
Toyota,Rav4,2020,141000,3,hybrid,2.5,218,automatic,80000,toyota
Toyota,Corolla,2006,15000,4,gasoline,1.6,110,automatic,229000,toyota
Toyota,Land Cruiser,2009,120000,4,diesel,3,173,automatic,320000,toyota
Toyota,Land Cruiser,2006,94999,3,diesel,3,166,automatic,250000,toyota
Toyota,Corolla,2022,132000,1,hybrid,1.8,121,variable,16500,toyota
Toyota,Hilux,2012,95000,2,diesel,2.5,144,manual,151000,toyota
Toyota,Corolla,2007,13000,2,gasoline,1.6,110,automatic,345000,toyota
Toyota,Corolla,2019,99000,2,hybrid,1.8,121,variable,78000,toyota
Toyota,Prius ,2014,70000,3,hybrid,1.8,99,automatic,310000,toyota
Toyota,Corolla,2020,80000,1,hybrid,1.6,122,variable,155000,toyota
Toyota,Corolla,2023,140000,1,gasoline,1.5,125,variable,20000,toyota
Toyota,Corolla,2007,14500,3,gasoline,1.6,110,automatic,273000,toyota
Toyota,Prius,2011,28000,3,hybrid,1.8,136,automatic,270000,toyota
Toyota,Corolla,2008,15000,4,gasoline,1.6,124,automatic,268250,toyota
Toyota,Hiace,2008,39000,2,diesel,2.5,117,manual,580000,toyota
Toyota,Corolla,2020,110000,2,hybrid,1.8,121,variable,52000,toyota
Toyota,Yaris,2000,6000,4,gasoline,1.3,86,automatic,278804,toyota
Toyota,Corolla,2019,102000,3,hybrid,1.8,121,variable,82000,toyota
Toyota,Yaris,2002,10200,3,gasoline,1.3,86,automatic,160000,toyota
Toyota,Corolla,2008,21000,4,gasoline,1.6,124,robotic,322222,toyota
Toyota,Corolla,2003,8000,2,gasoline,1.6,110,automatic,350000,toyota
Toyota,Land Cruiser,2014,190000,1,diesel,3,190,automatic,340000,toyota
Toyota,Corolla,2013,40000,2,gasoline,1.6,132,variable,208000,toyota
Toyota,Avensis,2009,17000,3,gasoline,2,152,variable,189000,toyota
Toyota,Auris,2017,48500,2,hybrid,1.8,136,variable,223000,toyota
Toyota,Rav4,2015,70000,4,gasoline,2,152,variable,136200,toyota
Toyota,Hilux,2008,29000,2,diesel,2.5,102,manual,600000,toyota
Toyota,Land Cruiser,2015,220000,2,diesel,3,190,automatic,200000,toyota
Toyota,Corolla,2004,10000,4,gasoline,1.6,110,automatic,248000,toyota
Toyota,Corolla,2019,78000,2,hybrid,1.8,121,variable,150000,toyota
Toyota,Camry,2007,25500,2,gasoline,2.4,167,automatic,266600,toyota
Toyota,Auris,2015,30000,3,hybrid,1.8,99,variable,285000,toyota
Toyota,Land Cruiser,2008,110000,4,diesel,3,173,automatic,347000,toyota
Toyota,Yaris,2009,19000,1,gasoline,1.3,100,manual,180000,toyota
Toyota,Aygo,2012,12500,3,gasoline,1,67,manual,214000,toyota
Toyota,Corolla,2004,5900,3,gasoline,1.6,110,automatic,340000,toyota
Toyota,Corolla,2020,105000,1,hybrid,1.8,121,variable,47000,toyota
Toyota,Auris,2010,21000,2,gasoline,1.6,124,robotic,229000,toyota
Toyota,Camry,2020,135000,3,hybrid,2.5,218,variable,108000,toyota
Toyota,Corolla,2021,126000,1,hybrid,1.8,98,variable,114000,toyota
Toyota,Yaris,2005,15500,1,gasoline,1.3,86,automatic,107000,toyota
Toyota,Corolla,2020,90000,2,hybrid,1.8,122,variable,49000,toyota
Toyota,C Hr,2017,80000,3,hybrid,1.8,122,automatic,156000,toyota
Toyota,Avensis,2008,14000,3,gasoline,2,147,automatic,214000,toyota
Toyota,Prius,2008,30000,4,hybrid,1.5,113,automatic,226000,toyota
Toyota,Corolla,2019,95000,4,hybrid,1.8,121,variable,72000,toyota
Toyota,Rav4,2022,215000,1,hybrid,2.5,222,automatic,95000,toyota
Toyota,Yaris,2012,40000,1,hybrid,1.5,76,variable,261000,toyota
Toyota,Corolla,2006,10500,2,gasoline,1.6,110,automatic,199000,toyota
Toyota,Corolla,2017,55000,2,gasoline,1.6,132,variable,158000,toyota
Toyota,Yaris,2008,16500,3,gasoline,1.3,87,manual,110000,toyota
Toyota,Corolla,2008,15000,3,gasoline,1.6,124,robotic,272400,toyota
Toyota,Corolla,2015,52000,3,gasoline,1.6,132,variable,182000,toyota
Toyota,Hilux,2007,33300,1,diesel,2.5,102,manual,450000,toyota
Toyota,C Hr,2020,124000,1,hybrid,1.8,122,variable,25000,toyota
Toyota,Corolla,2015,54500,2,gasoline,1.6,132,variable,170000,toyota
Toyota,Corolla,2017,55000,2,gasoline,1.6,132,variable,192000,toyota
Toyota,Corolla,2022,110000,1,hybrid,1.8,121,variable,85000,toyota
Toyota,Rav4,2024,245500,1,hybrid,2.5,218,automatic,1500,toyota
Toyota,Corolla,2020,122000,1,hybrid,1.8,121,variable,69000,toyota
Toyota,Prius,2013,40000,1,hybrid,1.8,136,automatic,241000,toyota
Toyota,Corolla,2019,98000,2,hybrid,1.8,122,variable,75000,toyota
Toyota,Land Cruiser,2021,310000,1,diesel,2.8,204,automatic,70000,toyota
Toyota,Avensis,2018,50000,1,gasoline,1.8,147,variable,190000,toyota
Toyota,Corolla,2020,125000,1,hybrid,1.8,121,variable,31000,toyota
Toyota,Land Cruiser,2015,160000,2,diesel,2.8,177,automatic,327000,toyota
Toyota,Yaris,2015,36500,3,gasoline,1.3,99,variable,193645,toyota
Toyota,Corolla,2019,99000,1,hybrid,1.8,121,variable,47000,toyota
Toyota,Corolla,2021,108000,1,hybrid,1.8,121,variable,100000,toyota
Toyota,Yaris,2015,43000,3,gasoline,1.3,99,variable,113000,toyota
Toyota,Land Cruiser,2012,167000,3,diesel,3,190,automatic,210000,toyota
Toyota,Corolla,2018,85000,2,gasoline,1.6,132,variable,73000,toyota
Toyota,Verso,2010,33000,2,gasoline,1.8,147,variable,350000,toyota
Toyota,Rav4,2021,159000,1,hybrid,2.5,218,automatic,71000,toyota
Toyota,Corolla,2014,39800,2,gasoline,1.6,132,variable,206300,toyota
Toyota,Hilux,2001,25000,4,diesel,2,90,manual,568560,toyota
Toyota,Corolla,2007,12500,2,gasoline,1.6,110,automatic,260000,toyota
Toyota,Rav4,2018,120000,2,hybrid,2.5,200,variable,95000,toyota
Toyota,Land Cruiser,2014,185000,3,diesel,3,190,automatic,280000,toyota
Toyota,Corolla,2011,25000,1,gasoline,1.6,124,automatic,260000,toyota
Toyota,Prius,2010,27000,4,hybrid,1.8,136,automatic,280000,toyota
Toyota,C Hr,2021,120000,2,hybrid,1.8,122,variable,102000,toyota
Toyota,Rav4,2015,72500,3,gasoline,2,151,variable,140000,toyota
Toyota,Corolla,2006,20000,3,gasoline,1.6,110,automatic,239000,toyota
Toyota,Corolla,2020,100000,2,hybrid,1.8,121,variable,105000,toyota
Toyota,Corolla,2004,8500,4,gasoline,1.6,110,automatic,302000,toyota
Toyota,Land Cruiser,2021,390000,1,diesel,2.8,204,automatic,27000,toyota
Toyota,Corolla,2015,55000,2,gasoline,1.6,132,variable,135000,toyota
Toyota,Rav4,2008,30000,3,gasoline,2,152,automatic,254000,toyota
Toyota,Corolla,2021,120000,2,hybrid,1.8,121,variable,50000,toyota
Toyota,Auris,2008,15000,2,gasoline,1.6,124,robotic,189000,toyota
Toyota,Prius,2011,30000,2,hybrid,1.8,136,automatic,283000,toyota
Toyota,Yaris,2016,60000,2,hybrid,1.5,100,variable,150000,toyota
Toyota,Corolla,2009,30000,3,gasoline,1.6,124,automatic,120000,toyota
Toyota,Rav4,2020,155000,1,gasoline,2,175,variable,56000,toyota
Toyota,Prius,2008,17000,4,hybrid,1.5,113,automatic,340000,toyota
Toyota,Corolla,2015,49000,2,gasoline,1.6,132,variable,155000,toyota
Toyota,Corolla,2009,12000,3,gasoline,1.6,124,automatic,212000,toyota
Toyota,Hilux,2006,40000,3,diesel,2.5,102,manual,430000,toyota
Toyota,Yaris,2018,70000,2,hybrid,1.5,100,variable,134000,toyota
Toyota,Land Cruiser,2010,133000,2,diesel,3,173,automatic,437586,toyota
Toyota,Rav4,2016,80000,2,gasoline,2,152,variable,98000,toyota
Toyota,Sienna,2008,75000,2,gasoline,3.5,269,automatic,160000,toyota
Toyota,Hilux,2013,85000,1,diesel,2.5,144,manual,540000,toyota
Toyota,Corolla,2010,24500,2,gasoline,1.6,124,automatic,289000,toyota
Toyota,Bz4X,2023,235200,1,electro,,,automatic,53000,toyota
Toyota,Corolla,2020,110000,3,hybrid,1.8,121,variable,200000,toyota
Toyota,Corolla,2021,100000,1,hybrid,1.8,121,variable,88000,toyota
Toyota,Land Cruiser,2020,255000,2,diesel,2.8,177,automatic,60000,toyota
Toyota,Corolla,2021,89500,2,hybrid,1.8,98,variable,87000,toyota
Toyota,Rav4,2018,129900,2,hybrid,2.5,200,variable,115000,toyota
Toyota,Corolla,2021,121000,1,hybrid,1.8,121,variable,75000,toyota
Toyota,Land Cruiser,2020,259005,2,diesel,2.8,204,automatic,56000,toyota
Toyota,Yaris,2008,6000,3,gasoline,1.3,87,robotic,205000,toyota
Toyota,Yaris,2012,31000,2,gasoline,1.3,99,variable,201000,toyota
Toyota,Land Cruiser,2002,73000,4,gasoline,3.4,185,automatic,450000,toyota
Toyota,Auris,2012,27500,2,hybrid,1.8,99,variable,290000,toyota
Toyota,C Hr,2023,154000,1,hybrid,1.8,122,variable,12000,toyota
Toyota,Yaris,2002,10000,2,gasoline,1.3,86,automatic,197000,toyota
Toyota,Rav4,2019,140000,2,hybrid,2.5,218,automatic,93000,toyota
Toyota,Corolla,2007,14500,4,gasoline,1.6,110,automatic,240000,toyota
Toyota,Corolla,2010,26000,2,gasoline,1.6,124,automatic,240000,toyota
Toyota,C Hr,2018,100000,1,hybrid,1.8,122,automatic,130000,toyota
Toyota,Land Cruiser,2013,185000,2,diesel,3,190,automatic,190000,toyota
Toyota,Corolla,2007,13000,3,gasoline,1.6,110,automatic,300000,toyota
Toyota,Auris,2016,49700,2,hybrid,1.8,136,variable,207000,toyota
Toyota,Corolla,2010,22000,3,gasoline,1.6,124,automatic,212000,toyota
Toyota,Corolla,2008,18000,3,gasoline,1.6,124,automatic,326100,toyota
Toyota,Corolla,2009,24000,4,gasoline,1.6,124,automatic,209000,toyota
Toyota,Corolla,2021,125000,1,hybrid,1.8,98,variable,39500,toyota
Toyota,Camry,2007,21000,4,gasoline,2.4,167,automatic,240000,toyota
Toyota,Corolla,2015,47000,2,gasoline,1.6,132,variable,164000,toyota
Toyota,Avensis,2007,11000,4,gasoline,2,147,automatic,295000,toyota
Toyota,Yaris,2005,13000,4,gasoline,1.3,86,automatic,207000,toyota
Toyota,Yaris,2000,4500,4,gasoline,1,68,manual,295000,toyota
Toyota,Camry,2021,92000,1,hybrid,2.5,218,variable,147000,toyota
Toyota,Corolla,2023,128000,1,gasoline,1.5,125,variable,19500,toyota
Toyota,Prius,2007,19800,3,hybrid,1.5,113,automatic,290000,toyota
Toyota,Yaris,2003,12000,2,gasoline,1.3,86,automatic,156000,toyota
Toyota,Prius,2009,12000,4,hybrid,1.5,113,automatic,330000,toyota
Toyota,Auris,2017,63000,2,hybrid,1.8,136,variable,160000,toyota
Toyota,Aygo,2022,76000,1,gasoline,1,72,variable,44000,toyota
Toyota,Hilux,2021,250000,2,diesel,2.4,150,automatic,81400,toyota
Toyota,Highlander,2021,258000,1,hybrid,2.5,248,automatic,49300,toyota
Toyota,Yaris,2001,14500,3,gasoline,1,68,manual,130000,toyota
Toyota,Aygo,2017,32000,3,gasoline,1,69,robotic,94000,toyota
Toyota,Land Cruiser,2008,110000,1,diesel,3,173,automatic,430000,toyota
Toyota,Corolla,2019,95000,2,hybrid,1.8,121,variable,115000,toyota
Toyota,Camry,2014,34900,4,gasoline,2.5,181,automatic,214000,toyota
Toyota,Yaris Cross,2025,158000,1,hybrid,1.5,111,variable,1000,toyota
Toyota,Corolla,2019,84900,4,hybrid,1.8,121,variable,121100,toyota
Toyota,Corolla,2019,65000,2,gasoline,1.6,132,variable,130000,toyota
Toyota,Corolla,2009,29000,2,gasoline,1.6,124,automatic,133000,toyota
Toyota,Corolla,2021,109945,2,hybrid,1.8,98,variable,104000,toyota
Toyota,Rav4,2021,188125,1,plug-in,2.5,306,variable,61000,toyota
Toyota,Corolla,2019,72415,2,hybrid,1.8,122,variable,138170,toyota
Toyota,Corolla,2020,98155,2,hybrid,1.8,121,variable,110000,toyota
Toyota,C Hr,2021,108695,1,hybrid,1.8,122,variable,108350,toyota
Toyota,C Hr,2017,83882,2,hybrid,1.8,122,automatic,160000,toyota
Toyota,Aygo,2018,44815,2,gasoline,1,69,robotic,97563,toyota
Toyota,Rav4,2022,175000,2,hybrid,2.5,218,automatic,92000,toyota
Toyota,Corolla,2017,25000,3,gasoline,1.6,132,variable,206959,toyota
Toyota,Yaris,2024,110000,1,hybrid,1.5,116,variable,3800,toyota
Toyota,Yaris,2018,75000,1,gasoline,1.5,112,variable,65000,toyota
Toyota,Prius,2011,35000,2,hybrid,1.8,136,automatic,192000,toyota
Toyota,Land Cruiser,2002,50000,4,diesel,3,163,automatic,360000,toyota
Toyota,Land Cruiser,2022,330000,1,diesel,2.8,204,automatic,26500,toyota
Toyota,Corolla,2015,50000,2,gasoline,1.6,132,variable,185000,toyota
Toyota,Rav4,2007,26000,4,gasoline,2,152,automatic,261000,toyota
Toyota,Corolla,2014,42000,1,gasoline,1.6,132,variable,220000,toyota
Toyota,Land Cruiser,2011,130000,4,diesel,3,190,automatic,300000,toyota
Toyota,Corolla,2007,11000,2,gasoline,1.6,110,automatic,322000,toyota
Toyota,Corolla,2008,19000,4,gasoline,1.6,124,robotic,137542,toyota
Toyota,Bz4X,2024,170000,1,electro,,,automatic,35000,toyota
Toyota,Verso,2012,14148,3,gasoline,1.8,147,variable,375000,toyota
Toyota,Corolla,2016,42000,3,gasoline,1.6,132,variable,140000,toyota
Toyota,Rav4,2021,152000,2,hybrid,2.5,218,automatic,88000,toyota
Toyota,Corolla,2014,34000,3,gasoline,1.6,132,variable,206000,toyota
Toyota,Yaris,2006,5450,4,gasoline,1.3,87,robotic,247689,toyota
Toyota,Corolla,2011,22000,3,gasoline,1.6,124,automatic,219000,toyota
Toyota,Prius,2008,25000,4,hybrid,1.5,113,automatic,280000,toyota
Toyota,Corolla,2015,49999,2,gasoline,1.6,132,variable,180000,toyota
Toyota,C Hr,2024,142800,1,hybrid,1.8,140,variable,4586,toyota
Toyota,Corolla,2020,90000,1,hybrid,1.8,121,variable,103000,toyota
Toyota,Corolla,2007,14000,4,gasoline,1.6,110,automatic,239000,toyota
Toyota,Corolla,2009,14000,3,gasoline,1.6,124,automatic,340000,toyota
Toyota,Rav4,2013,60000,2,gasoline,2,151,variable,208000,toyota
Toyota,Corolla,2009,21000,3,gasoline,1.6,124,automatic,230000,toyota
Toyota,Prius,2011,25000,3,hybrid,1.8,136,automatic,275000,toyota
Toyota,Corolla,2019,82000,2,hybrid,1.8,121,variable,79000,toyota
Toyota,Yaris Cross,2022,115000,1,hybrid,1.5,116,variable,52000,toyota
Toyota,Verso,2011,30000,3,gasoline,1.8,147,variable,269000,toyota
Toyota,Corolla,2021,100000,1,gasoline,1.5,125,variable,109400,toyota
Toyota,Yaris,2018,65000,1,gasoline,1.5,112,variable,103000,toyota
Toyota,Corolla,2016,75000,1,gasoline,1.6,132,variable,67000,toyota
Toyota,Corolla,2017,60000,2,gasoline,1.6,132,variable,124800,toyota
Toyota,Hilux,2022,275000,1,diesel,2.8,204,automatic,70000,toyota
Toyota,Land Cruiser,2008,100000,2,diesel,3,173,automatic,350000,toyota
Toyota,Land Cruiser,2016,190000,2,diesel,2.8,177,automatic,227000,toyota
Toyota,Corolla,2016,57000,1,gasoline,1.6,132,variable,260000,toyota
Toyota,Corolla,2004,11000,2,gasoline,1.6,110,automatic,210000,toyota
Toyota,C Hr,2018,100000,1,hybrid,1.8,122,automatic,55000,toyota
Toyota,Land Cruiser,2015,250000,2,diesel,3,190,automatic,125000,toyota
Toyota,Yaris,2019,55000,2,hybrid,1.5,100,variable,142000,toyota
Toyota,Corolla,2019,100000,1,hybrid,1.8,121,variable,126000,toyota
Toyota,Camry,2013,53000,2,hybrid,2.5,200,variable,180000,toyota
Toyota,Land Cruiser,2011,143000,3,diesel,3,190,automatic,438000,toyota
Toyota,C Hr,2017,99000,1,hybrid,1.8,122,automatic,74000,toyota
Toyota,Corolla,2012,28000,2,gasoline,1.6,124,automatic,248000,toyota
Toyota,Verso,2011,35000,3,gasoline,1.8,147,variable,253000,toyota
Toyota,Rav4,2016,85000,1,gasoline,2,152,variable,90000,toyota
Toyota,Hilux,2002,40000,3,diesel,2.5,102,automatic,450000,toyota
Toyota,Allex,2004,7000,3,gasoline,1.5,109,automatic,280000,toyota
Toyota,Land Cruiser,2006,99000,4,diesel,3,166,automatic,295000,toyota
Toyota,Corolla,2020,95000,2,hybrid,1.8,121,variable,122000,toyota
Toyota,Rav4,2008,40000,3,gasoline,2,152,automatic,150000,toyota
Toyota,Corolla,2014,47000,3,gasoline,1.6,132,variable,190000,toyota
Toyota,Corolla,2023,165000,1,hybrid,1.8,98,variable,6350,toyota
